-0.00,-0.00,1.85,-0.00,-0.00
-0.00,-0.00,1.85,-0.00,-0.00
-0.00,-0.00,1.85,-0.00,-0.00
-0.00,-0.00,1.85,-0.00,-0.00
-0.00,-0.00,1.85,-0.00,-0.00
-0.00,-0.00,1.85,-0.00,-0.00
4.23,4.23,1.85,4.93,-0.00
15.00,15.00,6.69,6.67,1.93
19.36,19.36,15.60,19.02,10.86
53.79,53.79,28.14,27.50,15.40
61.03,61.03,22.27,18.65,10.38
63.81,63.81,32.89,14.44,16.49
67.19,67.19,53.34,18.26,33.19
66.92,66.92,61.18,21.14,35.87
67.70,67.70,58.33,14.70,26.26
67.61,67.61,52.01,12.58,21.88
65.70,65.70,46.88,16.42,20.48
66.47,66.47,39.77,22.39,18.41
64.22,64.22,34.69,20.50,15.41
64.89,64.89,28.90,18.49,13.94
62.73,62.73,27.99,14.95,11.72
64.12,64.12,25.91,17.91,11.98
63.49,63.49,25.36,16.91,12.34
62.00,62.00,24.55,17.51,16.98
60.81,60.81,26.46,15.86,10.73
58.89,58.89,26.36,17.55,10.14
61.12,61.12,25.36,17.95,10.30
58.35,58.35,22.85,17.05,13.98
57.82,57.82,27.31,22.21,16.25
55.57,55.57,24.39,22.68,17.70
54.12,54.12,29.30,25.55,17.38
53.22,53.22,33.30,26.81,16.61
51.87,51.87,25.10,29.79,18.07
46.84,46.84,32.66,27.66,18.54
40.16,40.16,31.34,23.83,16.17
32.62,32.62,28.88,20.65,12.14
17.87,17.87,19.08,11.83,4.20
9.48,9.48,11.87,4.67,0.01
7.02,7.02,7.59,1.48,-0.00
8.45,8.45,9.86,3.98,-0.00
10.06,10.06,13.05,4.08,0.03
18.53,18.53,11.67,7.52,0.40
29.51,29.51,19.64,8.47,4.83
58.41,58.41,28.53,20.32,6.97
63.52,63.52,29.79,16.42,4.25
66.11,66.11,38.68,9.32,6.40
68.71,68.71,54.48,12.31,14.65
64.84,64.84,51.67,13.69,16.60
59.26,59.26,44.13,25.38,19.02
62.86,62.86,37.23,25.71,23.83
64.67,64.67,32.52,18.58,19.95
65.14,65.14,28.81,18.11,14.55
64.91,64.91,27.76,21.50,19.64
64.93,64.93,24.71,16.37,20.58
65.37,65.37,23.11,13.88,19.74
64.69,64.69,23.35,12.55,21.07
65.20,65.20,23.94,8.78,18.39
63.56,63.56,21.62,6.75,14.27
62.81,62.81,22.08,13.26,14.30
63.16,63.16,25.25,12.14,14.15
62.49,62.49,25.42,9.97,12.57
61.37,61.37,22.12,7.58,13.79
59.39,59.39,25.06,7.51,14.11
58.46,58.46,25.85,12.81,16.60
56.29,56.29,25.43,19.20,16.11
47.98,47.98,31.41,15.40,16.17
41.26,41.26,26.22,17.97,8.72
36.20,36.20,21.70,14.94,4.51
26.57,26.57,19.36,6.58,1.81
20.04,20.04,15.51,3.95,0.83
9.98,9.98,15.98,2.66,-0.00
4.49,4.49,16.09,3.72,-0.00
3.58,3.58,14.40,2.97,-0.00
1.07,1.07,11.15,0.53,-0.00
0.27,0.27,12.96,0.79,-0.00
0.38,0.38,15.84,1.31,0.10
2.07,2.07,13.67,0.76,0.00
8.45,8.45,13.36,0.91,1.18
16.87,16.87,19.14,5.76,7.65
30.77,30.77,34.42,12.73,21.63
49.10,49.10,61.85,19.70,38.94
57.78,57.78,63.63,27.33,45.27
63.03,63.03,59.47,16.24,41.77
63.26,63.26,53.06,21.75,39.89
63.49,63.49,47.10,14.15,38.16
64.16,64.16,40.45,14.23,36.55
64.02,64.02,35.58,19.81,34.46
66.13,66.13,32.53,11.98,33.35
66.99,66.99,29.87,18.95,31.52
67.33,67.33,27.83,18.00,27.69
67.82,67.82,28.26,13.69,23.45
66.72,66.72,27.43,16.57,22.54
66.20,66.20,27.99,13.40,19.76
64.24,64.24,29.70,12.28,16.65
61.75,61.75,27.08,11.81,14.38
60.95,60.95,28.15,17.58,15.51
59.19,59.19,30.11,18.67,17.40
57.87,57.87,33.54,18.56,22.01
53.71,53.71,37.16,21.49,23.34
51.76,51.76,35.93,28.49,21.25
46.66,46.66,31.96,28.68,17.65
38.97,38.97,28.03,23.71,15.61
43.50,43.50,34.14,29.96,24.55
28.41,28.41,26.95,15.97,13.89
20.30,20.30,18.68,11.16,6.80
16.51,16.51,11.56,13.80,1.40
8.70,8.70,15.25,5.51,0.54
6.67,6.67,9.75,3.70,-0.00
6.85,6.85,10.71,3.72,-0.00
2.50,2.50,7.37,0.20,-0.00
6.84,6.84,11.30,0.18,1.80
9.26,9.26,14.07,0.72,6.99
13.72,13.72,22.36,3.22,10.63
20.78,20.78,48.41,10.27,14.32
19.82,19.82,73.57,10.51,11.06
20.47,20.47,86.03,4.57,11.62
29.33,29.33,84.24,0.67,14.68
30.78,30.78,81.92,0.87,21.42
43.95,43.95,80.27,6.75,25.13
46.26,46.26,77.75,13.53,30.59
45.42,45.42,77.01,14.69,32.41
44.23,44.23,75.46,31.12,33.59
43.99,43.99,75.10,33.96,40.79
36.04,36.04,73.68,31.07,29.70
29.88,29.88,73.02,26.50,31.19
35.11,35.11,69.45,21.56,22.98
35.29,35.29,69.71,32.08,26.01
36.80,36.80,66.66,26.27,27.68
36.55,36.55,62.55,27.85,24.39
37.30,37.30,57.74,23.96,26.93
40.79,40.79,60.23,15.49,28.32
44.13,44.13,60.46,12.81,36.47
45.69,45.69,75.65,5.58,52.33
50.61,50.61,86.07,6.74,59.29
46.32,46.32,82.68,7.12,59.05
50.63,50.63,79.48,4.08,56.52
50.55,50.55,77.46,0.74,55.46
55.59,55.59,76.48,2.47,53.74
56.89,56.89,75.14,16.92,54.34
56.91,56.91,73.83,21.93,53.05
48.95,48.95,71.32,14.87,48.21
49.46,49.46,75.61,11.72,48.62
44.11,44.11,84.22,8.55,56.79
45.49,45.49,82.74,4.23,61.69
45.24,45.24,80.63,11.63,57.26
43.22,43.22,78.02,17.14,55.18
47.09,47.09,75.39,31.28,53.56
45.93,45.93,74.08,37.14,53.01
54.24,54.24,71.71,48.05,51.79
65.71,65.71,80.26,64.76,60.17
62.57,62.57,93.40,75.45,60.28
62.30,62.30,90.64,78.41,62.14
65.77,65.77,88.96,81.76,62.55
68.37,68.37,77.66,89.38,63.18
70.03,70.03,84.55,85.21,64.04
70.45,70.45,84.75,85.92,63.94
70.70,70.70,81.93,88.48,64.96
70.95,70.95,74.76,86.76,64.15
71.83,71.83,71.96,87.73,64.82
71.32,71.32,70.40,89.30,66.07
69.91,69.91,71.44,87.71,66.69
69.48,69.48,67.15,86.02,66.42
71.18,71.18,65.13,87.47,65.32
71.54,71.54,72.54,88.28,65.18
71.07,71.07,64.62,84.82,66.83
69.80,69.80,61.07,88.47,67.38
70.84,70.84,58.84,86.46,66.88
71.76,71.76,58.17,86.10,67.64
70.24,70.24,58.25,88.53,67.63
70.46,70.46,58.84,86.86,67.19
70.39,70.39,58.49,87.99,67.91
69.82,69.82,58.76,88.13,68.53
69.47,69.47,58.71,83.98,64.81
68.91,68.91,56.18,80.47,66.83
67.82,67.82,55.70,81.33,67.42
55.09,55.09,46.32,63.08,58.93
45.45,45.45,40.72,55.77,50.15
48.54,48.54,44.36,50.08,50.20
38.50,38.50,42.84,51.46,50.69
44.81,44.81,41.76,48.08,49.67
48.23,48.23,48.10,43.58,45.67
43.72,43.72,51.87,35.15,43.59
39.96,39.96,62.83,25.86,48.16
38.67,38.67,84.92,11.01,50.14
34.94,34.94,91.87,3.56,42.44
33.91,33.91,87.10,8.29,35.31
36.80,36.80,89.23,12.61,36.59
38.04,38.04,81.28,11.25,36.37
38.69,38.69,80.82,3.14,34.98
39.01,39.01,86.85,0.01,37.74
42.50,42.50,81.70,-0.00,43.86
43.37,43.37,74.49,-0.00,48.82
40.62,40.62,74.17,-0.00,55.51
40.32,40.32,74.83,0.01,59.10
44.64,44.64,69.14,0.51,59.39
44.70,44.70,67.23,0.90,59.65
34.12,34.12,70.34,4.19,57.47
40.94,40.94,65.52,8.72,55.20
38.46,38.46,59.88,15.99,53.83
36.59,36.59,60.07,15.31,52.32
33.03,33.03,60.71,23.54,51.99
23.75,23.75,56.46,25.74,49.81
18.31,18.31,61.52,32.12,55.70
24.30,24.30,53.03,29.71,53.23
31.66,31.66,56.29,29.88,48.79
36.63,36.63,52.44,28.84,43.79
33.96,33.96,50.72,33.74,45.55
28.18,28.18,47.84,34.28,48.42
17.85,17.85,47.25,29.47,51.17
13.99,13.99,46.08,28.57,51.79
17.63,17.63,45.01,24.93,50.24
15.25,15.25,46.06,25.08,46.68
11.36,11.36,41.55,20.23,45.57
10.66,10.66,39.64,12.58,44.92
11.37,11.37,39.65,13.86,40.78
8.99,8.99,45.91,6.52,44.61
7.56,7.56,50.70,0.51,50.61
16.34,16.34,67.48,0.02,59.00
10.44,10.44,93.42,-0.00,57.36
9.92,9.92,89.03,-0.00,52.93
13.32,13.32,89.50,-0.00,51.41
13.18,13.18,83.21,-0.00,50.56
8.97,8.97,81.80,-0.00,48.40
12.18,12.18,88.32,-0.00,44.71
16.64,16.64,82.28,-0.00,45.87
13.56,13.56,75.65,-0.00,44.61
16.08,16.08,76.68,-0.00,48.70
28.08,28.08,74.54,0.59,51.49
37.11,37.11,71.28,10.70,47.66
42.05,42.05,61.99,18.71,43.01
45.74,45.74,70.81,19.40,39.88
46.48,46.48,66.59,18.78,39.70
46.55,46.55,62.93,22.39,43.68
38.91,38.91,64.27,22.53,48.72
20.06,20.06,62.54,27.71,43.45
15.89,15.89,51.84,25.35,40.17
15.10,15.10,63.37,27.45,44.32
15.11,15.11,54.11,28.33,43.78
13.85,13.85,56.76,31.53,43.99
12.39,12.39,48.86,34.64,43.84
14.42,14.42,49.30,34.33,42.93
15.87,15.87,44.73,30.77,43.09
19.10,19.10,46.45,34.22,43.21
23.03,23.03,44.43,28.98,46.77
18.77,18.77,39.92,29.69,55.51
11.27,11.27,40.05,27.14,52.80
24.81,24.81,35.96,24.71,51.26
35.07,35.07,36.84,23.05,48.88
34.91,34.91,42.29,18.58,45.23
25.37,25.37,49.69,13.62,40.42
13.17,13.17,52.77,4.47,33.42
16.14,16.14,66.29,0.11,37.96
30.74,30.74,91.82,-0.00,40.87
41.30,41.30,89.32,-0.00,40.12
66.76,66.76,86.86,-0.00,45.22
76.05,76.05,85.10,-0.00,54.04
78.87,78.87,79.92,-0.00,50.03
80.00,80.00,84.22,-0.00,48.71
79.78,79.78,82.72,-0.00,53.69
80.47,80.47,75.71,-0.00,59.13
80.92,80.92,77.69,-0.00,56.70
80.83,80.83,73.96,-0.00,52.43
80.08,80.08,73.57,-0.00,51.97
79.71,79.71,73.26,0.02,55.55
79.97,79.97,71.15,1.12,56.33
80.74,80.74,69.03,7.23,53.00
81.28,81.28,68.28,14.17,46.05
81.00,81.00,69.09,18.18,51.74
81.14,81.14,67.38,19.74,59.84
81.15,81.15,66.00,23.81,65.25
80.35,80.35,65.97,26.18,65.86
80.46,80.46,65.52,37.00,65.35
79.95,79.95,65.97,39.49,65.86
80.74,80.74,63.77,44.35,65.50
81.62,81.62,63.71,45.51,65.06
81.19,81.19,62.88,42.60,63.64
81.09,81.09,61.75,35.83,60.69
81.57,81.57,62.04,38.35,64.34
80.22,80.22,61.07,41.27,67.80
80.91,80.91,61.15,36.23,69.20
81.07,81.07,61.16,45.02,69.89
81.32,81.32,60.67,44.79,68.39
80.62,80.62,62.50,47.07,68.98
78.28,78.28,62.52,49.32,66.52
57.53,57.53,54.36,42.10,48.88
45.40,45.40,52.55,42.82,49.55
60.60,60.60,83.82,60.91,63.18
59.87,59.87,90.22,67.35,64.26
62.89,62.89,88.83,83.58,61.65
64.88,64.88,84.31,83.01,65.12
66.35,66.35,83.50,85.38,63.75
68.20,68.20,82.14,88.31,64.00
64.93,64.93,83.86,85.22,63.85
65.76,65.76,75.93,81.66,66.74
65.20,65.20,69.05,85.27,66.23
65.54,65.54,62.05,81.87,66.85
69.18,69.18,64.17,79.45,66.96
68.87,68.87,70.63,87.40,65.38
67.94,67.94,70.48,83.30,66.02
68.03,68.03,66.98,82.37,67.40
67.84,67.84,68.44,88.19,67.16
69.04,69.04,62.88,81.20,68.40
70.00,70.00,61.02,81.39,68.30
68.03,68.03,60.17,84.85,67.26
68.04,68.04,61.33,81.87,68.38
68.34,68.34,60.51,82.03,68.04
68.79,68.79,59.57,83.71,67.74
70.08,70.08,60.53,83.07,68.06
67.20,67.20,60.55,81.05,70.40
67.61,67.61,59.00,85.65,69.19
67.64,67.64,58.67,82.55,68.23
67.37,67.37,58.44,81.45,69.06
67.26,67.26,59.44,83.18,68.46
67.51,67.51,57.90,80.59,68.01
66.89,66.89,59.52,82.45,68.26
68.71,68.71,57.99,72.30,68.56
65.65,65.65,53.24,78.31,64.80
57.26,57.26,45.73,66.06,51.45
46.40,46.40,50.10,50.86,48.76
36.15,36.15,54.70,42.26,49.29
42.69,42.69,70.64,37.46,55.26
42.55,42.55,90.83,20.66,53.24
42.86,42.86,87.97,7.27,46.63
39.92,39.92,87.04,8.75,42.23
43.64,43.64,82.07,9.32,42.44
41.63,41.63,82.82,7.60,40.75
41.89,41.89,85.39,5.97,38.03
46.57,46.57,80.74,8.32,42.94
50.09,50.09,74.75,5.92,46.41
46.21,46.21,73.00,0.79,51.84
45.99,45.99,72.29,-0.00,58.46
43.63,43.63,69.71,0.04,59.10
41.38,41.38,69.44,1.94,60.73
42.35,42.35,68.59,10.20,59.66
43.45,43.45,62.14,17.01,58.02
43.43,43.43,58.47,21.74,55.70
36.16,36.16,63.14,24.06,54.74
30.97,30.97,61.01,27.24,53.54
37.02,37.02,58.15,27.25,52.39
38.22,38.22,61.15,29.38,52.44
35.42,35.42,54.99,30.58,53.66
35.69,35.69,55.62,32.72,49.99
35.20,35.20,51.88,32.22,44.96
33.05,33.05,52.80,33.13,41.08
36.09,36.09,49.39,31.37,41.45
34.02,34.02,49.81,33.10,46.80
29.57,29.57,46.83,26.76,49.71
22.47,22.47,43.22,25.83,49.96
20.44,20.44,40.19,24.40,45.24
16.61,16.61,40.94,20.47,46.41
13.31,13.31,40.00,16.80,45.12
13.26,13.26,42.51,13.24,44.00
10.29,10.29,47.51,6.11,46.56
10.61,10.61,49.24,0.37,47.50
20.46,20.46,75.99,0.08,59.19
11.46,11.46,93.34,3.87,52.57
14.15,14.15,88.25,7.07,52.51
11.21,11.21,87.01,2.31,54.48
10.91,10.91,84.03,6.40,51.84
9.66,9.66,82.90,0.56,50.84
8.32,8.32,84.87,-0.00,50.77
8.96,8.96,82.57,-0.00,48.28
11.24,11.24,75.58,-0.00,47.40
14.67,14.67,74.16,0.57,49.34
16.66,16.66,72.90,5.05,53.03
17.64,17.64,72.79,11.53,52.21
26.46,26.46,63.98,12.13,48.53
32.67,32.67,67.18,18.51,47.71
37.35,37.35,66.86,15.30,45.21
35.44,35.44,61.00,15.50,46.61
26.33,26.33,63.26,12.62,49.24
10.33,10.33,64.17,11.20,50.17
16.53,16.53,51.80,7.77,52.51
16.01,16.01,59.05,9.05,47.93
18.08,18.08,52.16,11.23,47.98
17.16,17.16,51.47,17.93,47.43
18.53,18.53,52.36,24.38,57.24
15.10,15.10,47.02,23.63,58.43
11.38,11.38,48.98,26.57,56.00
9.21,9.21,52.65,29.42,54.13
10.46,10.46,49.61,23.21,54.22
11.82,11.82,48.53,28.54,58.48
9.76,9.76,57.44,35.10,56.72
10.76,10.76,53.12,35.99,58.13
17.79,17.79,49.70,29.97,53.19
24.99,24.99,48.25,34.62,51.62
25.31,25.31,53.07,41.34,48.55
20.57,20.57,52.68,48.20,39.08
20.12,20.12,59.92,57.94,32.73
33.02,33.02,78.87,74.90,41.09
47.01,47.01,87.70,78.29,50.41
59.55,59.55,85.56,76.69,52.61
66.02,66.02,84.21,82.75,54.47
69.83,69.83,83.76,82.33,59.63
72.43,72.43,80.31,78.94,59.68
73.89,73.89,83.06,80.96,54.29
75.30,75.30,77.72,77.50,55.11
77.32,77.32,75.06,76.68,58.91
77.43,77.43,73.23,69.40,63.56
78.96,78.96,73.62,64.92,62.41
78.13,78.13,73.52,68.83,60.86
77.55,77.55,71.52,76.99,57.56
77.17,77.17,70.31,79.96,58.07
76.13,76.13,67.44,71.76,59.54
76.46,76.46,67.36,76.06,56.17
75.40,75.40,67.00,79.52,54.00
73.45,73.45,67.27,78.23,54.94
74.82,74.82,65.69,79.72,63.34
75.34,75.34,67.56,76.52,66.31
75.39,75.39,65.88,75.10,68.26
76.63,76.63,65.57,76.08,67.00
79.09,79.09,64.48,76.23,65.90
79.04,79.04,63.15,64.64,62.97
78.75,78.75,62.95,73.81,64.14
77.15,77.15,63.26,82.36,63.86
74.60,74.60,63.72,80.98,66.14
72.50,72.50,59.94,79.36,63.38
61.67,61.67,54.16,79.52,58.53
47.96,47.96,48.01,78.04,55.44
39.51,39.51,44.69,79.67,51.85
44.10,44.10,48.53,79.62,47.18
36.92,36.92,57.97,77.98,44.16
39.55,39.55,71.42,74.12,47.41
48.19,48.19,80.32,72.02,57.83
49.94,49.94,93.20,71.80,52.70
48.02,48.02,89.35,72.09,57.40
54.67,54.67,86.96,82.60,62.17
59.44,59.44,83.43,84.08,61.08
63.19,63.19,81.92,78.32,62.44
62.56,62.56,86.31,84.83,62.99
62.09,62.09,81.87,86.70,63.25
63.94,63.94,80.21,83.05,62.20
63.68,63.68,79.50,87.07,62.97
61.50,61.50,77.86,86.89,64.01
58.05,58.05,78.50,86.21,65.34
59.63,59.63,77.90,86.66,65.21
63.52,63.52,78.85,87.87,64.91
68.39,68.39,77.81,87.40,66.67
64.66,64.66,77.57,85.88,64.39
59.83,59.83,78.22,86.40,65.61
61.67,61.67,77.03,84.92,64.98
65.10,65.10,76.80,86.38,63.96
64.67,64.67,76.27,87.80,64.72
63.47,63.47,75.65,86.11,64.84
61.26,61.26,75.36,85.53,65.93
59.76,59.76,75.80,88.10,66.50
59.60,59.60,74.83,84.86,67.98
58.46,58.46,74.59,78.99,67.49
56.90,56.90,75.36,80.91,67.73
45.87,45.87,74.64,72.53,63.52
37.31,37.31,73.71,53.13,58.70
29.93,29.93,73.81,51.71,57.70
25.88,25.88,73.58,50.69,57.69
24.90,24.90,73.15,36.68,57.72
24.01,24.01,72.80,38.68,55.96
21.84,21.84,72.53,31.85,54.77
18.37,18.37,73.49,25.75,51.59
8.68,8.68,86.09,20.92,54.39
7.28,7.28,90.18,4.38,50.77
9.89,9.89,88.82,23.26,42.32
11.67,11.67,89.77,31.01,41.06
19.76,19.76,85.70,31.52,40.41
25.91,25.91,80.04,25.91,39.69
20.05,20.05,82.77,8.20,36.63
21.02,21.02,82.60,-0.00,35.08
24.03,24.03,80.58,-0.00,38.99
30.29,30.29,74.87,-0.00,46.91
30.58,30.58,74.15,-0.00,52.85
29.32,29.32,73.24,-0.00,57.45
22.85,22.85,73.98,0.00,59.11
14.39,14.39,70.02,2.85,57.16
10.67,10.67,68.35,10.04,55.07
7.84,7.84,68.76,14.02,54.35
9.16,9.16,68.40,17.33,54.35
10.90,10.90,67.77,16.90,51.92
10.15,10.15,67.22,18.71,54.05
11.00,11.00,65.08,24.48,52.42
12.79,12.79,65.55,30.53,54.54
13.97,13.97,64.68,26.23,49.32
20.40,20.40,65.07,30.04,44.65
24.43,24.43,65.11,27.38,42.01
28.00,28.00,64.71,29.65,39.86
26.80,26.80,64.69,29.95,45.40
18.32,18.32,64.22,26.20,50.99
12.80,12.80,64.95,25.05,56.17
7.25,7.25,64.26,19.10,56.72
7.01,7.01,63.46,17.92,53.47
9.97,9.97,63.09,15.22,54.13
15.82,15.82,63.35,12.57,49.89
14.37,14.37,63.60,7.25,46.20
6.47,6.47,63.03,1.67,42.71
5.77,5.77,62.94,-0.00,50.08
7.22,7.22,90.12,-0.00,58.84
8.11,8.11,88.65,-0.00,53.21
11.18,11.18,89.35,-0.00,55.38
12.71,12.71,87.22,0.04,56.65
12.84,12.84,77.96,0.01,54.55
11.62,11.62,84.24,-0.00,54.71
9.71,9.71,84.21,0.08,53.04
7.75,7.75,75.00,2.53,52.76
8.01,8.01,74.60,12.60,52.85
7.66,7.66,72.93,18.46,53.62
10.94,10.94,69.31,18.66,54.29
16.68,16.68,68.76,17.28,51.36
19.83,19.83,66.01,17.40,46.91
24.36,24.36,63.87,18.08,42.06
26.10,26.10,64.24,18.14,41.56
26.12,26.12,64.10,16.27,46.84
19.71,19.71,59.24,20.93,52.16
11.65,11.65,60.01,18.50,54.98
13.38,13.38,57.90,21.77,56.24
13.75,13.75,56.82,16.87,55.45
12.88,12.88,57.26,16.82,56.77
15.84,15.84,56.85,15.00,54.62
16.37,16.37,56.05,18.44,55.10
16.97,16.97,55.14,15.97,52.62
15.55,15.55,54.04,18.97,51.64
14.08,14.08,53.29,18.53,50.69
18.81,18.81,52.03,18.57,57.47
24.37,24.37,51.59,17.89,55.84
24.14,24.14,50.92,15.37,55.01
26.71,26.71,51.02,9.58,55.19
28.43,28.43,53.52,3.69,51.43
21.52,21.52,55.04,0.17,42.72
8.39,8.39,56.57,-0.00,28.69
8.60,8.60,70.55,0.11,31.65
4.61,4.61,91.89,0.13,32.28
4.75,4.75,88.30,14.51,29.40
9.63,9.63,87.21,25.84,28.37
22.81,22.81,84.76,28.88,39.12
27.99,27.99,80.32,24.75,43.47
31.09,31.09,86.11,10.80,44.72
40.93,40.93,83.55,-0.00,49.77
42.50,42.50,78.83,-0.00,52.33
37.20,37.20,80.35,-0.00,49.25
28.80,28.80,79.11,-0.00,45.54
33.24,33.24,79.39,-0.00,43.71
44.48,44.48,81.04,-0.00,49.60
57.31,57.31,78.55,-0.00,55.19
60.69,60.69,81.23,-0.00,56.19
59.47,59.47,79.78,0.06,55.80
55.78,55.78,79.19,2.51,54.55
48.91,48.91,80.67,7.37,60.94
36.44,36.44,80.24,12.79,65.99
12.31,12.31,81.37,28.36,66.24
21.38,21.38,80.36,40.00,65.44
35.86,35.86,79.51,49.97,65.50
41.91,41.91,77.18,59.88,66.25
50.68,50.68,73.66,66.73,69.08
55.13,55.13,71.11,68.75,71.06
54.52,54.52,70.06,68.97,70.11
47.97,47.97,70.74,70.96,69.43
45.55,45.55,69.84,73.10,70.39
44.58,44.58,68.59,74.17,71.86
39.71,39.71,68.12,76.08,72.18
46.66,46.66,69.21,75.92,69.03
47.09,47.09,69.16,77.20,67.94
46.25,46.25,71.79,74.73,67.03
36.42,36.42,59.39,56.86,52.14
23.81,23.81,53.50,47.84,48.15
13.20,13.20,78.03,63.73,60.66
22.94,22.94,91.76,68.70,61.25
28.63,28.63,88.49,78.21,62.60
37.48,37.48,86.39,81.33,65.34
46.85,46.85,81.74,87.74,65.07
50.98,50.98,82.02,87.03,62.00
52.03,52.03,81.55,84.78,62.25
51.64,51.64,79.96,86.41,64.97
48.17,48.17,67.52,84.92,67.43
46.50,46.50,61.45,81.98,68.04
42.53,42.53,63.54,83.74,65.25
40.63,40.63,68.34,83.70,64.12
47.18,47.18,70.62,83.12,64.65
50.80,50.80,64.13,85.72,66.75
53.25,53.25,68.52,85.81,68.08
57.93,57.93,66.20,82.95,66.85
58.76,58.76,62.42,85.32,68.02
55.43,55.43,59.26,83.59,69.27
48.13,48.13,59.46,82.65,69.22
45.39,45.39,61.77,83.49,68.93
41.06,41.06,63.16,84.36,66.95
37.86,37.86,61.38,83.14,68.92
41.64,41.64,60.75,82.85,69.20
44.15,44.15,60.12,85.24,69.61
50.46,50.46,58.97,82.76,69.02
55.74,55.74,59.41,83.55,68.36
56.18,56.18,60.49,83.70,69.22
52.69,52.69,59.74,82.27,69.23
42.23,42.23,59.06,80.53,69.84
33.87,33.87,59.59,72.81,69.42
21.03,21.03,58.87,79.54,68.94
27.70,27.70,50.41,70.66,58.72
28.37,28.37,49.19,54.01,47.81
22.80,22.80,55.17,48.99,44.80
15.20,15.20,62.54,44.94,47.03
11.67,11.67,88.96,37.97,47.96
2.64,2.64,90.88,18.93,40.30
9.10,9.10,88.61,34.35,35.26
18.03,18.03,85.93,42.28,35.97
19.53,19.53,80.99,46.61,35.29
18.90,18.90,82.54,44.03,34.00
25.96,25.96,83.01,38.31,38.16
27.36,27.36,78.81,23.73,48.33
27.49,27.49,74.36,16.44,53.21
22.35,22.35,73.14,16.70,57.80
12.32,12.32,74.24,5.96,59.40
6.03,6.03,71.13,3.11,59.12
7.47,7.47,67.66,4.85,57.55
9.32,9.32,63.96,9.53,56.73
13.62,13.62,66.47,12.98,52.82
17.71,17.71,62.95,18.56,53.31
18.57,18.57,62.59,19.55,51.77
18.61,18.61,63.14,22.53,50.91
18.90,18.90,57.46,26.05,55.37
26.17,26.17,56.99,28.29,48.68
30.74,30.74,56.75,31.34,41.79
34.27,34.27,53.49,30.91,39.85
35.91,35.91,52.27,30.64,38.84
35.62,35.62,51.29,28.64,42.17
30.13,30.13,50.54,29.88,48.12
19.58,19.58,48.03,20.77,49.20
17.11,17.11,47.99,25.48,48.32
15.73,15.73,46.56,23.53,47.50
14.65,14.65,40.57,24.87,45.97
15.34,15.34,42.81,20.68,43.97
14.19,14.19,38.25,17.50,43.28
19.62,19.62,41.34,16.39,38.85
20.59,20.59,42.82,13.14,34.78
14.82,14.82,46.81,3.40,35.13
13.71,13.71,55.60,-0.00,47.24
18.71,18.71,92.06,0.01,55.45
11.46,11.46,88.19,-0.00,50.03
8.06,8.06,89.22,-0.00,51.22
9.87,9.87,87.37,0.08,50.17
8.43,8.43,79.11,0.05,48.50
7.91,7.91,86.12,0.02,45.21
7.96,7.96,85.76,0.06,43.62
13.16,13.16,76.41,2.15,43.18
14.80,14.80,76.81,5.98,47.55
18.50,18.50,74.52,12.25,54.72
27.41,27.41,71.45,19.78,50.31
35.12,35.12,68.41,15.83,48.38
33.21,33.21,67.16,24.87,43.83
30.22,30.22,65.29,19.14,41.39
24.54,24.54,63.78,13.35,34.58
13.51,13.51,65.14,3.06,35.88
13.48,13.48,81.47,0.14,51.46
12.10,12.10,84.87,0.03,54.73
11.57,11.57,80.29,0.01,55.25
8.37,8.37,78.90,0.74,55.93
7.12,7.12,75.97,2.48,59.21
11.00,11.00,74.78,10.75,57.47
15.84,15.84,73.64,21.22,57.64
21.03,21.03,74.95,30.47,58.86
18.64,18.64,71.30,25.62,56.05
9.95,9.95,69.60,20.37,49.75
9.17,9.17,83.56,25.85,50.19
9.02,9.02,84.68,22.16,44.59
10.00,10.00,82.30,31.43,41.64
21.62,21.62,77.87,28.07,45.25
24.70,24.70,77.28,38.48,44.59
24.85,24.85,77.85,34.98,40.88
23.22,23.22,78.04,51.10,38.83
13.95,13.95,84.95,66.32,40.95
12.73,12.73,92.74,71.93,39.86
28.16,28.16,89.39,75.40,43.76
42.95,42.95,86.06,81.88,46.36
49.07,49.07,81.28,83.75,47.54
50.99,50.99,81.90,84.18,51.50
45.59,45.59,85.12,84.43,50.51
41.96,41.96,80.71,84.46,50.01
46.41,46.41,77.35,78.66,56.14
48.18,48.18,75.54,83.54,60.89
58.27,58.27,76.59,77.75,60.72
55.67,55.67,75.62,80.73,58.04
51.79,51.79,75.36,78.84,55.72
54.55,54.55,74.87,80.89,54.38
55.95,55.95,73.33,82.49,56.26
51.30,51.30,74.19,80.10,55.37
45.25,45.25,74.70,82.61,50.83
28.92,28.92,76.11,83.16,50.68
17.44,17.44,86.27,81.48,55.02
13.15,13.15,84.64,79.86,54.98
11.55,11.55,82.35,81.72,52.00
19.37,19.37,79.35,80.70,50.70
36.03,36.03,77.45,78.89,46.95
44.72,44.72,77.12,81.64,51.05
51.83,51.83,75.71,82.45,50.42
57.62,57.62,76.24,80.79,51.39
61.68,61.68,75.56,85.40,55.43
62.75,62.75,74.70,79.07,57.13
56.51,56.51,66.96,80.48,53.06
64.61,64.61,63.70,80.62,49.26
81.50,81.50,63.24,80.45,48.27
82.83,82.83,60.32,78.63,45.61
83.68,83.68,61.62,78.61,44.48
82.51,82.51,71.55,77.03,49.88
80.55,80.55,79.43,73.65,59.97
78.50,78.50,91.89,69.70,55.56
79.35,79.35,87.77,63.80,57.32
78.79,78.79,87.90,60.56,54.54
78.90,78.90,82.36,59.28,55.42
82.07,82.07,83.19,55.88,55.57
82.60,82.60,86.77,44.31,59.37
82.01,82.01,81.96,48.83,55.66
81.58,81.58,79.36,43.05,54.92
79.60,79.60,79.30,44.99,54.76
77.16,77.16,78.91,50.74,53.60
79.59,79.59,77.93,43.55,53.84
80.39,80.39,78.25,41.82,54.50
79.51,79.51,78.23,46.88,53.69
79.15,79.15,77.43,45.22,52.45
80.11,80.11,76.85,43.05,53.47
79.93,79.93,76.80,42.64,53.16
79.74,79.74,77.89,44.97,49.83
79.83,79.83,77.00,42.24,49.55
78.94,78.94,77.15,44.77,49.67
80.43,80.43,76.14,36.43,53.06
81.28,81.28,76.06,33.29,50.38
80.88,80.88,75.16,30.60,50.15
81.27,81.27,73.46,29.00,55.38
82.11,82.11,74.36,28.56,53.61
82.61,82.61,74.27,27.70,51.74
82.53,82.53,75.08,28.06,50.95
82.38,82.38,76.01,22.54,54.77
81.71,81.71,74.56,21.41,54.09
79.91,79.91,74.83,22.29,56.57
79.44,79.44,74.90,18.54,55.10
80.17,80.17,75.73,13.16,54.56
80.15,80.15,75.33,7.86,51.55
79.84,79.84,75.05,1.10,47.77
79.04,79.04,78.97,0.00,49.50
77.93,77.93,93.62,0.01,46.31
77.15,77.15,87.27,0.22,44.95
77.51,77.51,87.92,0.25,40.11
76.00,76.00,81.50,0.79,37.91
74.49,74.49,82.19,0.03,38.80
76.30,76.30,86.92,2.02,40.30
77.91,77.91,80.90,3.55,41.72
77.28,77.28,76.59,3.91,40.22
77.58,77.58,77.02,4.27,35.85
76.70,76.70,75.30,5.11,33.39
76.82,76.82,73.48,1.00,32.85
75.60,75.60,71.81,7.23,29.14
74.98,74.98,72.39,19.98,26.72
75.92,75.92,71.32,15.85,24.60
76.05,76.05,69.11,18.97,25.54
74.77,74.77,68.02,27.45,30.43
78.20,78.20,67.59,34.85,44.53
79.72,79.72,67.10,48.74,53.61
80.52,80.52,67.32,60.19,55.10
81.53,81.53,66.11,59.63,56.89
81.10,81.10,65.67,81.92,57.59
81.89,81.89,65.35,87.53,58.54
84.08,84.08,64.38,87.48,57.59
82.46,82.46,63.58,85.17,56.35
80.70,80.70,64.33,84.35,55.84
80.34,80.34,62.49,85.18,54.66
78.97,78.97,61.41,84.87,55.74
79.09,79.09,62.23,83.77,56.44
78.61,78.61,62.74,84.11,57.07
79.37,79.37,61.72,84.89,54.52
80.03,80.03,61.94,83.58,54.73
79.28,79.28,62.29,83.22,54.48
78.95,78.95,66.34,83.05,51.20
81.08,81.08,74.28,81.19,51.55
78.71,78.71,85.64,79.51,59.83
76.93,76.93,90.12,79.25,52.32
75.64,75.64,89.34,75.61,54.66
76.49,76.49,86.17,74.12,54.64
75.92,75.92,81.02,63.38,53.55
75.29,75.29,84.15,59.99,51.82
77.65,77.65,84.35,56.45,51.60
79.74,79.74,76.97,49.33,49.38
79.09,79.09,75.64,44.64,49.24
79.27,79.27,74.44,43.45,49.95
79.50,79.50,70.68,45.33,54.68
79.32,79.32,70.96,43.84,54.79
79.72,79.72,65.44,41.48,53.64
81.69,81.69,64.66,39.48,51.72
81.75,81.75,67.45,35.89,46.81
81.78,81.78,64.53,37.97,44.26
82.06,82.06,62.79,41.70,45.65
80.73,80.73,62.18,60.01,52.98
79.83,79.83,57.48,64.51,56.40
80.78,80.78,57.59,74.15,58.49
80.24,80.24,56.87,88.72,62.33
78.52,78.52,59.33,89.07,60.18
78.15,78.15,56.38,86.93,58.64
76.84,76.84,55.17,87.72,57.37
78.36,78.36,52.07,85.82,55.84
80.18,80.18,52.49,85.47,54.74
80.89,80.89,51.30,85.42,51.99
80.54,80.54,52.77,86.13,49.96
79.76,79.76,52.51,84.38,47.21
78.23,78.23,54.51,84.23,45.86
75.30,75.30,53.77,84.61,43.27
74.06,74.06,56.61,83.82,43.97
72.44,72.44,62.50,84.94,42.62
71.14,71.14,67.00,83.40,36.06
68.38,68.38,80.80,82.20,43.17
62.67,62.67,88.73,78.98,50.20
63.22,63.22,89.45,72.53,52.17
62.91,62.91,89.62,64.69,55.12
63.43,63.43,86.16,60.11,54.30
62.76,62.76,80.95,51.58,56.28
58.38,58.38,83.14,43.73,54.71
55.63,55.63,83.72,36.55,51.31
53.01,53.01,76.61,28.68,53.21
49.85,49.85,74.94,30.40,53.72
53.94,53.94,74.54,29.89,52.24
52.28,52.28,70.96,23.89,46.95
48.44,48.44,71.24,17.07,44.78
50.62,50.62,68.85,19.75,42.70
52.18,52.18,65.97,22.05,36.65
48.43,48.43,67.79,23.44,30.59
41.94,41.94,65.94,26.04,30.64
43.70,43.70,62.16,27.90,30.73
43.11,43.11,63.37,31.55,30.72
46.09,46.09,61.75,31.40,30.21
43.44,43.44,60.48,28.66,31.66
45.81,45.81,59.17,25.70,30.60
44.32,44.32,55.46,28.46,28.48
43.14,43.14,53.92,24.63,32.17
40.19,40.19,53.01,31.68,37.93
33.79,33.79,52.22,25.39,44.40
39.73,39.73,47.88,27.19,47.56
34.36,34.36,48.07,22.95,46.89
37.92,37.92,44.87,27.06,47.45
35.84,35.84,45.11,25.94,45.01
39.04,39.04,42.36,25.96,44.84
33.96,33.96,42.63,14.58,43.32
32.89,32.89,44.86,9.76,42.30
22.75,22.75,48.22,0.58,42.80
26.39,26.39,66.56,0.06,54.19
11.94,11.94,92.74,-0.00,50.53
5.30,5.30,87.81,1.96,48.74
4.15,4.15,88.57,5.75,51.97
13.65,13.65,80.79,5.04,52.23
14.34,14.34,79.49,5.00,49.09
24.37,24.37,86.63,2.60,48.69
27.03,27.03,80.77,1.79,49.66
24.58,24.58,73.58,3.06,50.10
30.49,30.49,74.42,2.17,49.03
33.27,33.27,72.52,1.95,48.11
33.98,33.98,66.43,3.71,57.20
28.23,28.23,60.65,6.25,56.21
34.35,34.35,67.61,4.15,54.93
33.71,33.71,63.32,2.15,54.80
34.97,34.97,60.35,2.02,55.56
38.81,38.81,60.32,6.58,57.23
45.98,45.98,58.24,15.89,59.15
51.18,51.18,53.88,30.31,59.46
52.71,52.71,57.96,51.12,59.44
52.89,52.89,54.89,53.44,63.62
49.10,49.10,54.84,74.43,62.31
45.36,45.36,56.40,77.01,61.20
45.45,45.45,56.99,88.89,65.54
49.98,49.98,56.50,88.42,63.82
53.15,53.15,55.61,87.62,62.55
55.93,55.93,53.95,86.87,63.36
58.81,58.81,52.34,86.54,63.17
60.12,60.12,48.72,85.99,65.05
60.64,60.64,51.39,85.22,64.11
60.63,60.63,51.80,85.04,62.77
60.31,60.31,53.41,84.79,60.97
59.45,59.45,60.01,84.64,60.03
54.44,54.44,65.94,83.38,51.23
45.91,45.91,78.52,82.90,46.65
35.71,35.71,90.04,82.31,39.25
35.04,35.04,86.64,79.33,40.17
40.85,40.85,85.51,77.29,43.61
42.08,42.08,82.62,74.70,41.91
43.47,43.47,77.78,68.04,43.36
39.67,39.67,85.41,59.62,41.84
35.41,35.41,80.16,50.28,41.86
34.23,34.23,76.20,47.93,42.88
31.99,31.99,75.97,47.72,39.42
22.64,22.64,74.48,43.93,38.42
21.96,21.96,72.96,36.17,32.83
16.82,16.82,72.23,29.29,31.01
21.22,21.22,71.73,30.53,30.40
37.20,37.20,68.98,32.28,30.46
47.95,47.95,68.07,35.23,29.74
56.02,56.02,60.78,47.68,28.26
62.18,62.18,64.59,53.88,29.24
81.17,81.17,58.26,65.91,35.41
85.70,85.70,62.00,81.23,44.08
81.84,81.84,61.26,82.45,50.56
80.22,80.22,61.31,85.59,51.42
81.57,81.57,56.38,85.26,51.18
84.39,84.39,54.91,83.84,52.33
82.43,82.43,53.25,83.21,54.86
82.88,82.88,51.31,82.24,53.12
82.10,82.10,52.85,81.59,51.27
82.53,82.53,51.73,80.69,48.90
83.22,83.22,52.78,82.83,50.51
81.97,81.97,53.07,81.81,49.44
82.11,82.11,57.73,82.65,48.53
82.50,82.50,54.19,81.60,47.73
81.85,81.85,51.86,81.92,50.46
83.12,83.12,61.82,80.33,49.66
82.85,82.85,72.60,79.31,49.78
79.82,79.82,86.24,78.15,55.91
80.32,80.32,85.56,75.96,47.73
81.13,81.13,87.47,71.72,45.25
81.52,81.52,86.05,61.02,45.20
78.88,78.88,76.80,66.44,40.68
78.24,78.24,82.07,57.99,40.60
78.89,78.89,83.37,49.98,37.90
78.88,78.88,78.41,40.13,35.65
79.19,79.19,75.48,29.18,32.86
79.12,79.12,73.00,40.60,34.95
79.38,79.38,70.20,39.80,34.77
79.12,79.12,73.13,32.22,30.84
78.93,78.93,64.50,30.15,32.42
81.24,81.24,67.25,33.17,29.46
79.49,79.49,66.90,26.80,29.88
75.63,75.63,60.56,23.28,27.15
76.23,76.23,62.10,36.18,27.01
76.78,76.78,66.94,52.30,23.79
76.76,76.76,74.17,49.05,24.90
78.45,78.45,74.35,67.01,30.12
79.95,79.95,73.38,87.14,34.49
77.42,77.42,72.30,85.92,34.42
77.84,77.84,71.99,84.64,34.34
79.18,79.18,69.83,85.67,35.18
79.00,79.00,69.92,85.12,36.32
78.92,78.92,69.16,83.12,34.86
79.05,79.05,67.61,84.01,35.29
77.94,77.94,68.44,83.47,32.54
73.69,73.69,66.64,82.33,34.95
74.44,74.44,65.09,82.23,31.06
75.68,75.68,65.04,83.67,29.94
71.89,71.89,63.92,82.87,28.82
64.24,64.24,63.18,80.79,26.39
59.51,59.51,65.94,82.08,20.10
50.89,50.89,72.89,79.06,12.99
60.99,60.99,88.78,75.52,18.53
65.97,65.97,86.79,71.43,19.28
76.41,76.41,87.50,58.68,15.10
79.69,79.69,85.93,63.25,15.24
81.08,81.08,80.33,59.92,19.09
81.74,81.74,83.43,54.01,22.90
81.41,81.41,83.77,44.85,25.77
81.88,81.88,75.59,45.12,28.18
80.83,80.83,74.83,36.73,29.67
80.58,80.58,74.18,35.25,30.22
81.02,81.02,73.06,32.50,31.22
81.00,81.00,71.23,31.21,33.01
80.37,80.37,71.05,30.20,32.97
80.36,80.36,64.88,32.71,33.62
78.47,78.47,67.10,32.40,33.02
77.74,77.74,67.06,26.81,31.14
76.19,76.19,70.30,28.45,29.86
76.27,76.27,74.58,31.29,32.44
79.25,79.25,73.77,32.04,28.64
78.24,78.24,74.47,25.50,28.34
75.92,75.92,73.07,27.95,26.43
77.55,77.55,71.56,28.45,24.98
78.40,78.40,72.10,28.71,26.18
77.20,77.20,71.31,26.34,25.64
77.00,77.00,70.63,31.50,23.53
79.81,79.81,69.63,26.94,21.21
79.47,79.47,68.48,22.26,18.52
78.20,78.20,68.65,28.47,17.24
79.40,79.40,69.30,25.64,15.60
79.31,79.31,68.06,24.96,18.69
79.02,79.02,67.84,28.93,27.50
79.83,79.83,66.77,18.26,39.77
80.78,80.78,67.69,9.21,49.78
80.81,80.81,65.63,0.46,51.59
82.70,82.70,82.75,0.24,60.26
77.98,77.98,90.15,9.97,53.77
78.57,78.57,90.58,18.18,57.67
80.79,80.79,86.18,19.48,55.60
80.50,80.50,82.43,15.12,53.61
79.76,79.76,83.39,3.58,52.80
80.00,80.00,84.31,-0.00,51.96
79.63,79.63,80.64,0.00,52.09
78.07,78.07,75.32,0.00,53.85
77.22,77.22,74.29,0.06,53.08
77.21,77.21,71.64,0.30,53.51
75.65,75.65,73.74,0.04,54.03
78.56,78.56,64.49,0.12,52.99
78.81,78.81,67.65,1.68,53.24
78.36,78.36,66.81,4.67,50.97
79.84,79.84,63.43,9.36,52.63
79.36,79.36,64.83,20.36,55.08
78.57,78.57,71.16,40.40,56.45
79.76,79.76,72.75,54.93,56.46
79.85,79.85,72.51,62.05,53.23
79.95,79.95,70.31,76.47,58.20
79.36,79.36,67.48,83.10,56.84
77.75,77.75,63.37,86.40,57.23
77.75,77.75,60.32,85.12,54.49
76.53,76.53,54.44,82.52,53.51
77.20,77.20,53.74,84.53,58.44
78.38,78.38,50.03,82.24,57.50
77.48,77.48,48.74,82.77,57.83
78.63,78.63,48.53,83.31,59.60
79.19,79.19,48.01,80.47,58.93
78.45,78.45,47.44,82.84,56.06
79.00,79.00,51.62,82.58,53.55
78.26,78.26,57.84,79.50,45.44
78.93,78.93,69.48,81.47,41.37
80.38,80.38,84.13,80.33,42.13
75.57,75.57,89.65,78.45,36.06
74.55,74.55,87.30,73.66,33.36
75.62,75.62,87.69,68.05,30.29
76.97,76.97,80.84,64.17,32.87
78.60,78.60,81.44,54.18,35.10
80.08,80.08,85.44,50.49,34.80
80.20,80.20,80.85,48.41,33.44
79.85,79.85,73.59,46.53,28.60
73.93,73.93,74.87,39.65,24.65
74.16,74.16,72.97,26.80,20.44
74.72,74.72,72.07,21.94,25.71
73.93,73.93,67.93,31.02,28.97
71.60,71.60,67.52,30.12,23.19
73.19,73.19,66.47,25.36,20.83
72.95,72.95,61.01,24.46,22.12
72.19,72.19,64.41,40.65,18.91
78.07,78.07,66.61,55.46,29.71
81.59,81.59,70.30,65.42,40.16
82.83,82.83,69.11,64.41,52.04
84.31,84.31,67.16,83.56,58.19
84.09,84.09,65.52,86.65,57.06
80.46,80.46,61.52,87.54,53.98
79.18,79.18,67.02,85.99,52.27
78.95,78.95,55.70,85.55,53.01
79.26,79.26,56.50,85.13,49.86
78.08,78.08,56.58,84.61,51.92
76.36,76.36,52.66,84.76,52.24
78.51,78.51,56.48,84.70,52.60
77.84,77.84,54.42,84.25,52.99
76.73,76.73,51.97,84.32,52.83
76.98,76.98,51.72,84.28,53.03
77.53,77.53,58.15,83.13,52.03
77.12,77.12,67.45,81.60,47.61
77.41,77.41,77.48,71.03,44.81
76.04,76.04,88.44,62.13,46.81
75.16,75.16,86.99,60.58,43.79
74.31,74.31,89.27,49.75,46.58
76.59,76.59,86.80,44.08,48.92
77.84,77.84,78.87,36.24,47.03
76.51,76.51,85.45,24.13,46.31
77.20,77.20,85.94,11.10,49.24
77.01,77.01,77.92,11.11,48.81
77.21,77.21,77.04,11.02,48.91
77.32,77.32,75.38,10.28,52.87
77.04,77.04,71.84,11.72,50.80
76.90,76.90,71.68,10.11,48.33
78.38,78.38,64.78,10.08,45.62
78.32,78.32,67.00,18.06,43.99
78.36,78.36,67.60,19.22,44.12
77.97,77.97,65.76,23.41,45.27
77.46,77.46,61.83,38.13,43.86
76.01,76.01,73.75,47.48,50.17
73.61,73.61,72.89,58.32,53.61
70.70,70.70,73.09,70.45,59.02
66.30,66.30,71.91,86.10,60.21
66.06,66.06,69.26,82.65,57.47
67.18,67.18,67.02,85.36,57.24
68.75,68.75,66.17,85.15,53.64
70.20,70.20,65.04,80.36,54.38
68.48,68.48,62.63,84.24,53.38
68.86,68.86,61.89,83.41,51.02
68.60,68.60,60.67,80.92,49.17
70.08,70.08,58.72,83.57,47.81
69.95,69.95,58.78,81.42,48.27
67.53,67.53,59.28,82.81,44.89
65.43,65.43,63.17,83.06,33.58
61.74,61.74,68.08,78.39,25.72
68.89,68.89,81.95,80.49,36.67
67.54,67.54,88.99,78.95,41.18
79.83,79.83,88.12,70.23,40.07
76.83,76.83,86.57,73.47,42.13
79.70,79.70,80.50,73.71,42.39
79.31,79.31,81.63,72.72,43.44
79.86,79.86,85.69,74.30,48.82
81.04,81.04,78.78,73.13,45.56
79.59,79.59,74.67,72.80,43.74
81.70,81.70,75.73,71.08,43.59
84.20,84.20,73.79,71.48,41.11
81.46,81.46,72.30,69.65,36.89
79.80,79.80,71.20,69.84,36.20
81.67,81.67,68.94,69.18,35.96
74.92,74.92,64.40,69.81,35.58
73.60,73.60,62.99,68.45,29.88
76.13,76.13,66.20,68.40,26.38
74.57,74.57,66.53,66.88,26.06
68.01,68.01,69.24,67.51,26.89
66.02,66.02,68.79,66.29,29.19
68.32,68.32,65.08,65.52,27.87
65.04,65.04,58.89,64.28,27.40
73.75,73.75,54.00,63.72,23.34
68.85,68.85,52.10,62.32,20.05
71.96,71.96,51.71,61.52,17.38
76.18,76.18,52.24,60.34,18.99
75.99,75.99,51.60,59.61,20.59
75.86,75.86,49.57,58.30,20.38
77.63,77.63,50.55,56.15,19.18
75.98,75.98,50.26,55.52,18.54
75.96,75.96,48.52,54.53,15.50
67.96,67.96,45.54,52.86,16.82
51.48,51.48,48.17,48.33,21.86
43.35,43.35,47.79,38.07,32.11
44.98,44.98,53.78,10.92,43.80
59.81,59.81,83.81,0.08,59.42
49.48,49.48,91.69,-0.00,54.71
45.90,45.90,89.58,-0.00,53.84
49.94,49.94,86.17,0.09,57.58
46.32,46.32,81.88,0.20,57.93
46.69,46.69,82.59,0.46,58.82
46.80,46.80,83.09,1.34,59.46
52.62,52.62,81.78,1.77,58.75
49.79,49.79,74.67,2.43,58.71
45.01,45.01,73.27,8.53,57.43
44.45,44.45,72.15,15.19,58.20
46.80,46.80,72.25,9.61,53.42
43.99,43.99,62.87,12.49,54.50
39.30,39.30,65.92,16.02,53.51
33.65,33.65,66.91,17.14,55.18
35.23,35.23,56.89,21.21,53.48
35.93,35.93,60.87,25.68,51.56
32.67,32.67,72.83,44.22,55.16
25.52,25.52,74.89,57.44,54.59
30.28,30.28,74.04,61.91,54.58
35.87,35.87,75.05,70.10,57.79
33.68,33.68,73.62,88.10,60.26
37.10,37.10,71.74,88.64,60.46
46.83,46.83,71.80,87.77,61.16
42.82,42.82,71.07,84.72,60.92
36.56,36.56,71.14,85.00,60.68
29.84,29.84,69.55,84.64,59.51
31.77,31.77,69.34,84.93,60.44
28.97,28.97,69.88,83.03,59.05
32.02,32.02,69.28,82.46,58.76
30.49,30.49,68.39,83.59,57.35
27.31,27.31,68.63,82.59,55.00
20.02,20.02,68.07,83.70,49.05
13.50,13.50,70.91,80.70,42.23
23.71,23.71,86.26,73.98,40.71
18.47,18.47,91.25,72.51,40.82
11.30,11.30,88.91,62.60,38.84
19.18,19.18,84.59,59.81,37.90
21.84,21.84,85.02,59.76,34.72
22.30,22.30,78.62,46.59,35.97
32.32,32.32,86.08,40.51,35.53
30.55,30.55,81.86,38.87,37.47
36.49,36.49,75.78,30.46,35.92
34.41,34.41,75.09,28.67,33.68
28.84,28.84,74.41,26.16,32.26
28.99,28.99,73.24,21.60,27.32
24.78,24.78,69.31,14.07,29.45
29.32,29.32,70.07,21.66,29.63
29.68,29.68,67.75,19.81,33.38
26.93,26.93,64.10,24.65,35.62
21.94,21.94,64.47,28.05,39.64
18.75,18.75,63.42,43.29,49.33
13.52,13.52,71.00,61.28,53.00
6.62,6.62,69.36,65.23,57.21
9.15,9.15,68.81,74.91,56.69
15.11,15.11,66.32,86.16,56.05
19.02,19.02,61.46,88.73,55.48
18.17,18.17,56.60,86.65,56.33
13.19,13.19,50.18,86.16,56.13
11.21,11.21,47.21,85.98,55.95
11.88,11.88,44.96,85.35,57.75
12.07,12.07,46.43,85.10,58.61
14.61,14.61,47.25,84.68,58.37
14.70,14.70,44.09,84.67,59.36
13.07,13.07,40.80,84.75,57.52
9.80,9.80,41.95,84.18,58.56
7.73,7.73,50.18,84.35,57.75
7.06,7.06,65.48,83.13,53.65
2.18,2.18,77.08,77.02,48.35
13.60,13.60,83.52,68.72,46.26
10.44,10.44,91.97,64.10,36.53
17.09,17.09,88.84,55.01,36.04
25.78,25.78,86.39,46.32,34.88
34.61,34.61,83.64,45.34,34.00
37.90,37.90,83.42,34.87,30.77
40.62,40.62,84.76,28.41,32.03
41.27,41.27,82.95,19.55,28.44
41.34,41.34,75.29,17.80,26.83
38.38,38.38,73.52,21.50,26.06
36.92,36.92,72.97,23.40,23.71
33.61,33.61,73.20,20.21,21.65
32.38,32.38,63.71,22.94,14.95
28.06,28.06,69.31,21.21,12.50
16.82,16.82,67.98,16.34,15.37
10.62,10.62,61.14,10.53,26.28
15.36,15.36,81.42,10.55,35.44
16.24,16.24,85.87,4.47,40.93
23.44,23.44,83.69,1.87,44.35
13.81,13.81,83.91,1.45,41.16
7.48,7.48,79.91,2.94,37.76
4.14,4.14,79.32,12.19,33.70
4.37,4.37,78.86,14.97,35.33
7.37,7.37,77.41,17.55,37.20
6.87,6.87,77.13,22.34,33.44
6.05,6.05,75.28,18.04,29.95
5.99,5.99,79.99,12.83,31.09
6.74,6.74,85.56,2.15,29.70
13.51,13.51,82.20,9.01,31.26
19.97,19.97,80.60,8.85,30.72
29.19,29.19,77.73,7.25,32.21
33.88,33.88,75.06,1.43,33.39
22.16,22.16,75.22,0.13,32.28
12.91,12.91,83.14,0.01,37.55
15.58,15.58,87.89,0.05,31.45
17.97,17.97,91.02,0.00,30.55
18.52,18.52,90.11,-0.00,28.65
25.85,25.85,84.92,-0.00,28.07
29.86,29.86,81.79,-0.00,28.77
29.07,29.07,83.05,-0.00,31.26
25.88,25.88,82.55,-0.00,32.08
23.35,23.35,80.28,-0.00,33.85
20.40,20.40,76.23,-0.00,32.96
16.62,16.62,74.26,-0.00,31.32
16.03,16.03,74.56,0.78,29.35
19.74,19.74,73.72,4.35,30.04
28.61,28.61,70.63,10.00,30.96
33.59,33.59,69.10,11.49,32.06
35.21,35.21,67.25,7.81,27.28
36.95,36.95,65.77,9.45,24.66
27.70,27.70,66.66,7.18,19.47
30.13,30.13,81.41,0.57,21.76
28.48,28.48,85.39,0.11,19.84
28.83,28.83,81.76,0.75,16.04
34.10,34.10,77.79,1.18,14.85
34.63,34.63,76.23,8.21,17.68
41.74,41.74,74.93,23.92,22.89
53.18,53.18,72.40,26.54,22.40
61.24,61.24,71.75,35.16,27.86
63.31,63.31,68.90,38.49,22.41
72.03,72.03,67.64,31.64,19.70
75.42,75.42,65.55,35.60,16.33
77.56,77.56,65.02,36.59,20.20
77.50,77.50,63.57,36.52,21.25
79.56,79.56,60.56,30.48,20.67
79.96,79.96,56.55,27.06,25.99
81.29,81.29,56.34,22.30,30.68
83.52,83.52,59.93,9.63,35.68
84.06,84.06,72.08,0.63,47.34
76.09,76.09,90.68,10.74,55.32
77.03,77.03,87.58,25.26,51.40
79.95,79.95,87.41,29.42,49.88
81.38,81.38,86.10,27.66,49.27
81.46,81.46,80.04,18.13,46.28
80.74,80.74,85.05,1.48,46.75
80.35,80.35,84.19,-0.00,47.03
80.63,80.63,74.78,-0.00,46.21
78.91,78.91,75.37,0.00,51.44
81.00,81.00,74.36,0.17,51.82
82.86,82.86,69.16,1.02,51.36
84.34,84.34,67.78,2.75,53.21
84.66,84.66,68.46,6.17,52.25
82.82,82.82,65.45,13.34,55.64
82.57,82.57,65.11,19.76,56.57
81.22,81.22,66.47,35.46,51.79
80.57,80.57,68.69,45.72,52.21
78.53,78.53,74.38,57.78,51.76
78.16,78.16,73.53,57.46,55.88
77.49,77.49,72.65,82.16,57.37
78.22,78.22,71.21,86.63,57.55
77.03,77.03,70.05,85.66,55.83
78.19,78.19,69.12,86.26,56.36
77.87,77.87,68.68,85.89,56.21
77.55,77.55,66.75,85.63,54.98
78.43,78.43,66.35,84.00,54.93
77.27,77.27,65.34,85.12,56.22
78.15,78.15,64.79,85.83,58.78
77.84,77.84,63.92,85.00,58.10
78.83,78.83,62.63,83.68,55.64
77.56,77.56,61.73,83.78,53.85
78.03,78.03,66.86,84.46,50.72
79.84,79.84,77.99,77.61,47.85
78.91,78.91,85.22,73.72,46.32
74.66,74.66,88.21,68.36,40.67
74.80,74.80,90.04,76.89,42.23
76.67,76.67,86.18,79.92,40.83
77.59,77.59,78.86,77.51,38.56
73.85,73.85,84.44,69.35,40.32
67.36,67.36,83.23,59.04,38.53
72.50,72.50,77.89,46.65,36.86
74.01,74.01,74.06,28.04,36.21
76.05,76.05,73.47,22.46,34.19
78.80,78.80,72.32,7.34,32.14
76.08,76.08,71.26,9.21,32.27
77.69,77.69,67.03,7.29,28.19
74.42,74.42,66.82,13.95,30.71
75.55,75.55,68.15,20.13,31.13
73.19,73.19,63.78,26.16,26.78
71.51,71.51,64.17,36.37,29.56
74.51,74.51,62.11,51.90,44.31
75.15,75.15,68.43,56.28,59.31
75.37,75.37,72.40,65.41,66.03
79.40,79.40,72.52,86.04,60.33
79.52,79.52,69.28,87.84,56.71
79.87,79.87,67.32,87.89,54.35
79.19,79.19,63.83,85.36,53.87
80.00,80.00,60.54,86.03,50.43
79.06,79.06,59.68,85.11,51.84
80.37,80.37,58.76,84.55,52.60
79.43,79.43,56.35,85.25,56.22
78.93,78.93,56.18,83.76,56.40
79.70,79.70,54.13,86.16,53.61
80.11,80.11,52.22,83.75,52.39
80.24,80.24,50.20,85.00,52.59
78.97,78.97,57.01,83.48,51.63
78.06,78.06,69.42,82.46,48.84
80.21,80.21,80.36,76.88,52.25
77.96,77.96,89.47,73.37,52.14
77.34,77.34,89.62,65.37,47.45
77.70,77.70,87.77,66.77,48.11
78.57,78.57,82.36,58.16,49.34
77.61,77.61,78.04,53.30,47.99
76.94,76.94,85.66,42.94,46.40
77.12,77.12,83.91,31.54,46.45
77.20,77.20,74.67,15.82,46.18
77.47,77.47,74.99,20.54,48.11
76.16,76.16,75.45,15.12,49.14
76.77,76.77,69.56,13.33,45.30
77.12,77.12,68.74,16.93,43.31
78.21,78.21,68.23,16.41,46.40
76.10,76.10,65.14,22.65,44.61
74.53,74.53,61.16,27.75,42.54
74.06,74.06,64.72,35.26,38.34
76.36,76.36,59.97,52.43,41.87
78.34,78.34,69.61,58.08,51.45
79.20,79.20,68.96,69.68,53.12
79.44,79.44,67.06,79.07,56.12
79.31,79.31,64.85,89.77,57.40
79.86,79.86,60.22,88.05,57.31
80.37,80.37,56.26,86.35,55.08
80.10,80.10,50.41,86.84,51.73
71.14,71.14,49.85,85.36,52.79
68.09,68.09,49.83,86.44,53.76
65.42,65.42,44.39,85.23,51.20
65.34,65.34,35.80,84.71,50.82
62.67,62.67,27.04,85.11,49.40
61.28,61.28,30.17,85.83,49.83
62.96,62.96,34.92,84.28,48.15
61.86,61.86,50.94,84.03,41.91
54.47,54.47,61.70,84.59,31.48
54.64,54.64,73.16,82.23,33.07
72.74,72.74,84.59,83.61,44.46
77.30,77.30,88.63,82.14,47.62
75.40,75.40,89.18,79.04,46.67
77.12,77.12,83.49,79.06,49.15
78.13,78.13,77.79,68.50,49.10
80.16,80.16,82.36,59.29,49.43
81.89,81.89,82.51,46.73,49.88
81.72,81.72,78.15,30.38,49.75
83.14,83.14,73.74,18.57,49.47
83.39,83.39,72.71,20.75,52.56
82.22,82.22,69.98,10.92,50.34
81.53,81.53,69.19,16.75,47.21
80.79,80.79,68.06,18.67,45.11
80.95,80.95,65.43,20.40,44.96
80.99,80.99,65.79,24.57,41.06
81.52,81.52,61.07,18.76,37.03
81.88,81.88,62.66,23.64,33.12
83.23,83.23,66.25,25.60,32.42
83.19,83.19,68.40,29.02,33.00
81.66,81.66,65.62,24.77,33.90
78.62,78.62,62.48,28.86,33.14
75.67,75.67,58.31,29.10,35.32
77.20,77.20,55.43,27.18,33.46
74.90,74.90,53.48,25.12,35.68
75.84,75.84,53.59,31.69,34.36
77.96,77.96,53.35,26.48,31.42
75.69,75.69,53.31,29.56,31.53
75.68,75.68,53.37,28.00,30.73
72.36,72.36,47.04,23.32,32.62
55.40,55.40,45.58,27.35,31.44
49.27,49.27,40.96,26.60,26.53
49.57,49.57,44.25,19.26,26.39
50.13,50.13,44.91,6.28,25.34
48.69,48.69,47.83,1.10,30.20
68.98,68.98,80.16,0.02,49.69
80.25,80.25,89.33,0.00,52.10
81.45,81.45,89.75,0.13,52.73
82.49,82.49,85.30,0.29,55.83
81.23,81.23,80.93,1.23,55.20
80.91,80.91,81.61,1.04,55.33
81.80,81.80,82.49,0.37,55.59
81.88,81.88,79.89,0.14,50.75
82.15,82.15,74.58,0.02,52.84
82.71,82.71,71.53,0.03,52.26
82.94,82.94,66.56,2.15,53.64
83.38,83.38,71.95,1.91,49.05
83.21,83.21,62.66,5.90,49.17
83.85,83.85,64.26,13.00,49.52
83.48,83.48,64.08,14.46,49.63
82.69,82.69,61.27,24.62,54.64
82.67,82.67,59.26,29.37,51.44
83.98,83.98,66.63,46.93,50.99
83.33,83.33,72.85,49.69,51.83
82.23,82.23,72.56,60.79,54.84
79.04,79.04,71.70,84.42,56.52
77.51,77.51,69.37,88.74,54.61
77.78,77.78,69.59,86.98,56.67
77.51,77.51,68.47,85.75,55.45
77.50,77.50,67.89,85.18,56.87
77.98,77.98,66.33,85.51,55.87
79.78,79.78,66.16,83.68,56.49
79.43,79.43,66.05,84.81,56.72
77.99,77.99,65.43,83.74,57.19
80.33,80.33,65.47,84.57,56.30
78.07,78.07,65.36,84.21,56.23
77.89,77.89,66.21,83.75,54.47
77.33,77.33,65.74,83.42,51.42
77.63,77.63,73.09,80.20,44.73
79.88,79.88,83.25,71.60,45.20
78.13,78.13,91.03,68.88,45.91
78.17,78.17,84.96,76.21,45.57
81.23,81.23,85.19,75.60,41.95
81.13,81.13,85.44,71.27,35.27
77.56,77.56,81.06,62.77,37.84
73.87,73.87,83.05,51.76,36.36
71.49,71.49,80.44,42.28,38.75
70.05,70.05,73.06,34.95,39.91
65.82,65.82,73.83,38.57,45.44
60.64,60.64,73.35,38.55,37.38
59.74,59.74,72.34,32.11,34.71
63.45,63.45,67.90,28.41,34.78
59.45,59.45,66.96,23.57,35.68
63.91,63.91,67.48,15.38,38.29
67.97,67.97,62.10,14.84,36.99
70.45,70.45,62.73,34.01,33.82
71.60,71.60,64.98,58.83,41.96
73.29,73.29,67.64,62.11,51.25
70.23,70.23,70.52,64.05,57.73
69.45,69.45,73.46,75.86,60.50
68.40,68.40,73.95,87.02,59.61
68.92,68.92,72.14,83.87,57.15
70.64,70.64,72.35,82.79,55.71
70.99,70.99,70.96,85.05,57.02
71.41,71.41,70.91,83.18,58.37
71.76,71.76,69.59,84.14,59.18
65.07,65.07,68.67,82.82,58.83
57.61,57.61,67.37,83.11,57.46
54.63,54.63,66.83,80.90,56.55
51.90,51.90,66.58,80.90,56.60
50.48,50.48,65.50,83.86,56.74
51.24,51.24,63.59,82.75,55.75
54.79,54.79,68.24,82.88,52.64
56.77,56.77,76.86,77.06,46.89
72.44,72.44,84.04,71.70,43.39
81.81,81.81,88.72,67.11,37.52
82.49,82.49,89.77,69.72,32.19
83.19,83.19,82.27,66.47,37.42
82.84,82.84,83.53,54.95,39.49
81.38,81.38,82.95,44.32,32.66
78.81,78.81,83.72,47.48,29.41
78.08,78.08,75.74,50.45,27.04
74.05,74.05,73.22,52.60,26.15
72.28,72.28,72.97,55.49,29.56
73.31,73.31,67.19,50.96,31.93
72.16,72.16,70.70,36.54,30.52
69.32,69.32,61.66,33.85,29.86
64.96,64.96,65.77,31.50,26.30
62.04,62.04,66.06,32.34,22.25
58.88,58.88,57.48,36.49,20.75
60.23,60.23,60.54,47.66,23.70
73.04,73.04,64.92,63.89,29.65
78.13,78.13,72.95,66.35,26.38
85.17,85.17,72.34,86.73,26.11
84.28,84.28,72.91,83.66,26.12
84.27,84.27,70.64,83.69,23.34
84.52,84.52,72.52,84.28,24.31
81.55,81.55,71.37,84.28,22.32
80.10,80.10,70.47,81.90,21.29
76.31,76.31,70.68,83.72,22.38
75.45,75.45,68.80,83.76,21.35
76.53,76.53,68.95,80.96,21.06
77.52,77.52,67.44,81.36,24.66
76.59,76.59,66.60,82.90,21.45
75.86,75.86,67.98,82.26,20.39
71.75,71.75,65.01,80.42,18.15
63.66,63.66,67.78,82.20,14.26
63.82,63.82,75.26,78.52,7.43
71.43,71.43,86.80,75.53,9.72
71.44,71.44,89.84,71.53,11.68
79.18,79.18,87.94,63.23,14.91
81.10,81.10,88.00,55.81,17.06
81.38,81.38,81.99,42.12,17.98
78.38,78.38,82.86,27.43,21.46
78.20,78.20,82.82,14.68,28.01
75.38,75.38,79.59,19.41,32.88
75.04,75.04,75.89,23.49,27.52
74.06,74.06,75.01,27.16,21.42
72.34,72.34,73.88,29.73,20.94
70.30,70.30,72.93,27.49,19.56
74.64,74.64,68.67,28.89,23.87
73.94,73.94,66.82,32.72,24.25
74.20,74.20,67.14,32.49,26.36
72.40,72.40,61.82,28.11,28.23
70.42,70.42,61.45,27.65,28.14
74.37,74.37,64.44,31.56,26.77
76.02,76.02,64.61,32.94,23.65
78.65,78.65,64.75,31.97,23.55
79.29,79.29,66.62,32.39,20.27
79.37,79.37,65.39,29.12,25.91
77.62,77.62,65.33,25.82,26.82
78.36,78.36,64.53,25.91,21.82
78.12,78.12,62.73,27.75,21.02
74.49,74.49,60.64,28.33,17.03
74.09,74.09,61.31,26.17,17.25
74.43,74.43,61.86,26.29,21.80
74.94,74.94,62.82,26.40,17.46
68.39,68.39,62.77,26.64,15.30
66.18,66.18,59.84,16.42,21.81
66.14,66.14,58.75,13.29,29.09
68.97,68.97,57.25,5.36,33.51
63.08,63.08,62.45,0.11,41.08
65.10,65.10,81.11,0.00,56.17
64.71,64.71,90.58,-0.00,52.79
74.15,74.15,90.24,-0.00,54.27
78.60,78.60,87.21,-0.00,52.87
78.25,78.25,83.14,-0.00,50.65
79.07,79.07,83.44,-0.00,48.43
79.67,79.67,83.84,-0.00,49.27
79.07,79.07,82.03,-0.00,46.20
78.06,78.06,75.75,-0.00,46.45
78.03,78.03,74.19,-0.00,51.03
79.46,79.46,72.10,-0.00,49.90
79.06,79.06,73.33,-0.00,52.84
79.01,79.01,63.96,-0.00,51.97
79.03,79.03,68.49,-0.00,51.86
79.40,79.40,69.65,-0.00,50.10
80.13,80.13,62.77,0.65,48.84
79.58,79.58,63.99,7.04,48.18
79.96,79.96,65.32,20.62,48.30
79.41,79.41,70.54,38.22,48.62
80.17,80.17,70.75,49.86,49.51
78.04,78.04,70.04,51.64,52.10
72.54,72.54,67.37,79.41,57.39
71.01,71.01,64.26,84.39,62.61
69.55,69.55,63.68,87.03,63.07
70.27,70.27,61.38,86.49,60.24
69.51,69.51,56.87,84.04,56.68
67.20,67.20,52.06,85.49,57.17
65.51,65.51,47.90,82.44,57.50
60.29,60.29,47.70,84.52,58.49
57.08,57.08,51.68,84.22,60.82
54.49,54.49,50.64,81.97,61.09
51.56,51.56,48.71,83.65,59.86
46.30,46.30,61.06,82.97,54.86
44.98,44.98,69.02,79.86,45.36
48.20,48.20,84.51,82.50,40.60
44.94,44.94,90.11,82.28,31.28
42.89,42.89,86.98,78.75,27.73
45.05,45.05,87.61,79.91,28.65
48.04,48.04,78.23,76.13,23.69
47.45,47.45,80.95,78.93,22.94
47.67,47.67,85.06,72.94,25.10
49.69,49.69,79.63,63.85,32.47
48.06,48.06,73.89,57.09,35.84
51.29,51.29,74.61,46.76,34.67
53.96,53.96,71.94,40.05,27.69
58.58,58.58,71.22,33.52,22.77
69.81,69.81,67.34,18.33,27.18
78.03,78.03,66.65,20.40,26.86
77.90,77.90,66.86,15.46,26.75
76.59,76.59,60.92,16.23,27.64
78.37,78.37,62.63,39.10,36.37
79.51,79.51,63.76,47.32,47.05
79.68,79.68,69.15,57.25,56.00
81.54,81.54,65.84,69.18,57.82
81.01,81.01,61.96,81.33,56.85
78.65,78.65,56.98,86.73,54.50
80.57,80.57,55.22,85.72,53.96
80.79,80.79,57.96,84.89,56.54
81.30,81.30,54.92,85.19,51.56
82.18,82.18,56.09,84.79,52.33
82.49,82.49,55.63,84.66,51.21
81.64,81.64,56.60,84.67,52.29
81.46,81.46,55.96,83.39,52.82
81.72,81.72,55.66,85.03,53.57
81.94,81.94,56.69,83.79,53.33
81.99,81.99,52.05,84.40,48.81
79.26,79.26,50.01,83.48,47.58
75.36,75.36,62.04,83.39,47.54
75.13,75.13,72.75,81.28,47.36
73.66,73.66,80.86,76.25,49.87
73.77,73.77,90.75,76.51,46.27
73.58,73.58,85.72,75.93,43.57
73.18,73.18,86.65,73.08,42.76
75.95,75.95,82.28,78.54,42.26
75.21,75.21,81.93,77.05,38.75
76.30,76.30,84.82,70.91,39.53
76.23,76.23,80.81,59.75,35.21
72.41,72.41,74.90,54.67,35.39
75.63,75.63,71.95,44.49,38.09
75.44,75.44,74.47,39.05,43.13
75.87,75.87,71.65,32.69,43.90
74.82,74.82,64.65,27.08,43.21
73.97,73.97,67.35,34.88,41.03
75.62,75.62,63.51,34.16,36.33
75.18,75.18,62.50,37.73,36.21
76.68,76.68,60.27,48.72,36.41
79.09,79.09,66.74,56.16,44.98
79.41,79.41,71.20,67.31,49.31
77.17,77.17,70.18,84.87,55.68
73.20,73.20,68.71,85.35,52.50
71.00,71.00,65.88,81.97,52.14
75.17,75.17,62.94,85.07,51.59
75.90,75.90,61.66,83.96,52.78
75.24,75.24,61.00,81.46,51.52
75.24,75.24,62.23,84.43,51.27
73.03,73.03,62.62,78.93,48.18
73.71,73.71,62.37,76.15,43.47
75.53,75.53,62.62,81.88,36.35
74.31,74.31,60.68,80.03,34.24
71.28,71.28,59.60,83.84,33.23
69.36,69.36,61.49,82.72,34.73
61.23,61.23,66.22,80.80,30.12
54.46,54.46,73.89,82.30,33.87
53.27,53.27,85.83,77.58,42.88
48.00,48.00,89.21,80.18,47.04
49.11,49.11,88.74,73.25,45.91
44.82,44.82,88.58,72.38,48.55
48.79,48.79,82.65,75.77,51.08
48.92,48.92,81.63,75.44,51.41
46.78,46.78,84.26,72.71,51.45
46.62,46.62,82.98,69.82,50.67
45.67,45.67,74.41,67.79,47.52
48.51,48.51,76.22,63.96,49.21
46.08,46.08,74.19,60.22,47.55
44.51,44.51,71.02,57.52,44.09
44.26,44.26,67.86,51.73,41.96
47.60,47.60,67.57,42.71,38.83
45.84,45.84,62.14,30.10,37.50
44.43,44.43,63.86,32.58,35.12
45.40,45.40,67.14,37.14,33.53
43.33,43.33,59.63,36.49,32.33
42.44,42.44,69.54,36.40,33.33
41.74,41.74,68.32,37.75,32.32
40.55,40.55,66.41,37.66,35.38
40.13,40.13,62.94,34.01,34.37
40.57,40.57,59.72,33.50,35.30
38.69,38.69,56.37,36.59,32.74
38.22,38.22,51.60,38.84,32.58
36.31,36.31,52.91,35.53,29.62
35.65,35.65,44.32,27.28,31.25
35.67,35.67,47.45,33.13,30.63
32.68,32.68,47.90,31.60,29.44
32.57,32.57,44.66,28.04,27.52
33.09,33.09,42.78,24.09,25.38
33.20,33.20,38.57,21.37,29.96
28.60,28.60,41.41,10.15,30.65
20.99,20.99,42.68,3.59,37.71
16.19,16.19,63.13,1.71,50.57
17.24,17.24,92.24,1.86,52.11
20.45,20.45,88.78,1.89,52.12
15.48,15.48,88.96,3.50,53.94
22.50,22.50,81.16,3.62,53.30
23.64,23.64,79.25,1.32,50.73
23.54,23.54,85.96,2.45,48.98
21.46,21.46,80.24,2.41,53.86
20.16,20.16,72.76,2.39,54.58
19.27,19.27,74.33,1.79,55.25
16.08,16.08,72.46,2.03,56.16
14.95,14.95,68.95,2.96,59.86
18.96,18.96,59.52,6.58,54.69
20.68,20.68,67.21,7.40,54.25
18.16,18.16,61.76,6.40,54.40
11.54,11.54,59.65,6.08,53.68
7.37,7.37,61.42,10.07,53.67
9.43,9.43,58.31,29.28,52.99
19.40,19.40,69.43,40.99,55.31
18.19,18.19,68.20,55.40,52.33
19.47,19.47,64.63,57.95,58.34
22.40,22.40,61.99,83.30,59.09
27.24,27.24,57.49,90.13,59.30
29.08,29.08,52.85,88.07,57.24
31.38,31.38,48.77,86.74,57.63
29.75,29.75,44.25,87.37,58.10
26.14,26.14,34.58,85.81,58.09
20.85,20.85,30.64,86.21,58.71
17.86,17.86,41.02,85.13,57.85
16.23,16.23,38.06,85.91,57.49
17.48,17.48,38.56,84.61,57.80
20.82,20.82,42.82,84.37,58.14
15.88,15.88,52.16,84.24,54.42
8.82,8.82,66.71,84.39,48.86
2.04,2.04,70.55,81.86,44.59
11.46,11.46,89.62,81.17,48.71
21.48,21.48,87.41,75.17,45.51
17.28,17.28,86.50,66.74,43.35
10.53,10.53,83.47,56.90,43.08
11.02,11.02,79.06,57.66,41.65
15.98,15.98,85.92,42.39,41.52
22.69,22.69,84.48,25.90,41.86
19.42,19.42,75.21,18.35,41.63
29.95,29.95,75.87,19.56,40.55
26.91,26.91,73.32,28.18,38.70
23.50,23.50,73.02,20.92,35.78
22.35,22.35,73.00,13.37,34.70
20.45,20.45,70.12,14.49,31.84
24.34,24.34,68.46,19.50,33.24
26.58,26.58,66.86,23.03,36.78
27.78,27.78,64.86,26.04,37.61
22.99,22.99,63.81,30.23,44.04
18.84,18.84,67.17,49.65,52.04
15.73,15.73,68.68,56.78,57.14
19.29,19.29,65.45,67.19,56.56
18.48,18.48,64.09,81.26,60.82
14.84,14.84,58.71,88.71,58.32
13.88,13.88,57.12,87.04,56.16
12.95,12.95,52.32,86.35,54.72
9.65,9.65,51.77,85.88,53.83
5.64,5.64,49.58,85.38,54.90
7.89,7.89,46.24,84.68,54.79
9.52,9.52,47.03,84.39,57.79
7.70,7.70,43.25,84.13,56.07
9.52,9.52,42.74,84.22,56.88
12.54,12.54,43.09,84.16,56.37
14.82,14.82,42.02,84.01,55.72
12.94,12.94,53.18,83.89,53.56
9.30,9.30,70.03,79.55,51.92
18.16,18.16,75.19,70.95,51.33
22.43,22.43,87.96,70.43,53.63
14.58,14.58,89.13,59.24,45.11
18.14,18.14,89.67,53.37,43.92
26.00,26.00,87.82,46.06,45.89
30.69,30.69,78.86,42.60,44.74
31.51,31.51,86.34,29.38,42.92
34.26,34.26,86.07,22.08,39.28
38.01,38.01,77.63,13.48,37.95
41.24,41.24,77.73,13.52,35.75
41.59,41.59,75.81,20.09,34.77
36.68,36.68,71.54,17.12,31.66
34.17,34.17,71.84,24.33,26.47
32.62,32.62,61.22,21.98,24.32
32.83,32.83,65.82,23.81,23.42
19.23,19.23,67.71,22.93,25.43
11.15,11.15,65.24,16.85,33.20
12.85,12.85,69.24,13.65,46.12
23.99,23.99,80.75,14.56,32.59
29.54,29.54,81.14,21.54,32.18
32.04,32.04,80.11,28.63,32.88
21.26,21.26,76.79,22.87,27.61
18.70,18.70,76.45,25.11,19.35
8.87,8.87,74.99,30.12,17.33
9.93,9.93,75.10,29.21,18.96
12.43,12.43,73.72,27.28,19.97
12.39,12.39,72.52,32.74,16.50
15.83,15.83,72.69,44.50,19.82
17.61,17.61,69.80,57.87,22.75
19.51,19.51,68.10,70.70,23.93
19.31,19.31,66.00,71.80,25.21
17.82,17.82,64.37,61.80,28.63
13.14,13.14,63.73,58.10,33.80
10.19,10.19,67.68,55.34,43.14
10.29,10.29,80.39,61.56,42.40
8.33,8.33,89.09,76.16,37.45
10.85,10.85,87.87,72.64,30.42
11.81,11.81,87.74,82.42,29.85
10.24,10.24,84.96,89.41,29.48
3.34,3.34,77.30,90.17,26.88
3.67,3.67,82.55,89.14,32.28
5.48,5.48,81.03,86.70,34.89
6.53,6.53,75.10,85.87,34.74
8.40,8.40,74.92,84.83,36.48
7.16,7.16,73.95,86.37,39.94
9.63,9.63,71.21,85.89,44.30
11.42,11.42,71.34,83.11,40.68
12.01,12.01,71.23,84.49,37.51
18.82,18.82,69.26,84.45,36.60
17.20,17.20,68.08,82.41,32.55
7.38,7.38,66.48,81.03,26.29
15.06,15.06,75.25,77.69,30.19
15.20,15.20,85.50,80.90,35.72
14.29,14.29,82.56,78.61,37.11
13.80,13.80,81.35,79.84,38.21
14.72,14.72,77.82,80.15,38.00
14.74,14.74,77.39,78.28,40.20
23.94,23.94,75.56,77.90,43.45
25.88,25.88,75.67,78.52,43.44
21.03,21.03,74.33,79.10,39.45
25.12,25.12,73.33,78.27,37.73
17.93,17.93,77.14,77.99,36.15
7.70,7.70,85.07,77.65,36.04
10.87,10.87,81.96,75.16,39.65
17.60,17.60,80.30,76.45,40.32
21.46,21.46,76.86,75.73,40.21
24.68,24.68,78.37,73.54,42.06
29.01,29.01,77.15,71.38,43.18
30.40,30.40,77.27,70.47,49.28
34.83,34.83,83.20,70.65,57.39
31.60,31.60,93.36,69.03,54.33
39.69,39.69,88.71,57.61,57.30
39.21,39.21,87.39,57.36,56.91
42.40,42.40,84.10,61.93,55.47
38.06,38.06,83.46,52.54,56.12
34.97,34.97,85.57,36.90,57.22
31.17,31.17,82.58,30.54,56.11
27.69,27.69,79.48,33.99,56.32
27.03,27.03,80.00,36.81,57.81
29.51,29.51,79.70,32.37,57.84
28.62,28.62,78.99,32.99,57.50
29.46,29.46,78.82,28.42,56.44
38.61,38.61,77.75,26.96,55.56
47.44,47.44,77.19,18.53,57.60
64.30,64.30,78.58,19.69,66.81
69.44,69.44,78.04,34.65,63.97
72.16,72.16,78.73,38.87,62.13
84.42,84.42,77.90,56.64,58.51
85.15,85.15,76.66,59.25,56.42
80.99,80.99,76.80,84.19,54.61
82.77,82.77,75.98,86.26,59.89
80.96,80.96,74.32,84.88,58.39
67.31,67.31,73.36,84.54,58.62
64.42,64.42,74.15,86.71,58.70
58.09,58.09,74.64,84.80,59.27
60.66,60.66,74.54,85.16,59.33
61.81,61.81,73.75,85.52,59.98
61.37,61.37,74.30,84.32,60.17
60.48,60.48,74.31,84.73,57.68
61.04,61.04,73.69,84.77,56.26
60.75,60.75,73.25,83.76,55.65
62.76,62.76,73.74,84.17,55.20
65.16,65.16,80.67,82.90,55.12
74.34,74.34,90.61,80.72,48.58
81.51,81.51,86.58,74.36,50.30
80.53,80.53,88.98,70.75,47.20
79.77,79.77,82.10,73.95,49.04
77.96,77.96,81.47,77.34,46.84
79.74,79.74,86.22,74.96,44.99
71.55,71.55,78.63,74.49,47.50
65.66,65.66,75.77,78.04,47.64
62.30,62.30,74.00,78.46,47.85
57.54,57.54,75.01,78.77,47.41
57.20,57.20,71.85,79.98,46.43
60.54,60.54,71.82,77.89,47.80
62.19,62.19,71.76,79.95,45.76
59.43,59.43,70.33,79.96,44.95
55.82,55.82,67.03,80.65,42.38
59.43,59.43,66.74,78.61,45.28
70.34,70.34,67.42,77.25,58.52
73.73,73.73,70.17,74.34,64.58
85.20,85.20,68.88,72.36,63.04
84.90,84.90,69.14,74.50,60.09
83.88,83.88,67.84,75.39,60.03
80.86,80.86,65.66,75.65,63.68
78.55,78.55,64.56,87.14,61.78
73.07,73.07,63.59,87.24,62.92
68.76,68.76,61.99,85.47,61.86
61.83,61.83,60.36,86.78,58.42
62.35,62.35,61.66,85.53,58.09
60.99,60.99,60.14,86.75,61.26
63.09,63.09,60.38,83.99,59.64
64.96,64.96,60.75,85.40,61.81
70.52,70.52,63.30,85.04,65.91
73.88,73.88,63.43,83.95,64.08
71.10,71.10,70.04,83.38,62.79
69.63,69.63,78.05,80.40,62.52
76.15,76.15,89.23,76.95,58.95
81.07,81.07,90.10,77.03,52.68
79.69,79.69,87.20,76.97,53.59
79.93,79.93,86.49,79.63,53.78
80.86,80.86,78.73,70.57,51.58
83.48,83.48,86.74,77.04,50.68
83.66,83.66,84.04,77.35,48.77
84.14,84.14,71.64,78.84,48.55
83.63,83.63,75.03,78.16,48.48
81.32,81.32,71.27,78.55,51.01
81.03,81.03,67.95,78.60,51.78
80.24,80.24,66.31,79.03,53.86
80.84,80.84,68.70,79.85,51.66
82.82,82.82,65.77,79.66,52.30
82.14,82.14,66.06,80.18,50.40
83.26,83.26,64.57,80.05,53.72
83.38,83.38,63.25,80.16,55.76
82.39,82.39,62.23,78.31,57.31
82.59,82.59,69.02,80.50,56.24
83.19,83.19,68.51,78.70,56.41
81.96,81.96,65.25,86.06,57.89
80.05,80.05,63.86,86.76,57.39
84.03,84.03,61.01,84.60,56.70
85.08,85.08,55.81,85.87,54.72
80.88,80.88,53.62,85.18,56.97
82.29,82.29,53.26,83.26,54.40
85.34,85.34,50.08,83.85,52.62
80.16,80.16,48.62,83.03,51.75
80.04,80.04,47.74,83.49,47.49
75.66,75.66,49.28,84.61,44.97
75.73,75.73,50.18,83.62,54.26
74.30,74.30,59.28,84.58,53.37
74.37,74.37,70.39,83.76,52.89
72.59,72.59,75.32,82.15,45.41
73.34,73.34,81.71,82.49,49.33
66.44,66.44,87.78,80.28,48.29
72.11,72.11,86.71,76.02,47.54
78.16,78.16,86.07,70.00,50.12
76.54,76.54,83.96,72.99,50.10
77.40,77.40,80.14,67.91,50.18
80.86,80.86,84.33,54.99,55.61
82.38,82.38,81.75,40.34,59.99
81.09,81.09,74.19,21.21,61.52
82.04,82.04,74.12,14.26,63.23
83.75,83.75,73.32,14.02,63.06
82.83,82.83,72.32,8.23,62.90
82.77,82.77,70.92,6.57,62.02
83.20,83.20,70.70,3.32,63.15
82.55,82.55,66.94,6.38,62.90
83.63,83.63,63.14,8.71,62.91
83.42,83.42,65.59,9.98,62.69
84.12,84.12,63.34,10.92,63.56
82.88,82.88,68.23,12.71,64.57
79.96,79.96,69.18,19.15,64.19
80.12,80.12,67.50,18.87,62.91
80.76,80.76,66.22,28.20,61.44
83.07,83.07,62.53,18.23,62.23
83.14,83.14,60.14,17.90,63.36
79.79,79.79,58.05,28.67,63.40
79.40,79.40,56.45,27.08,61.84
85.79,85.79,54.76,24.15,60.97
85.57,85.57,54.51,25.21,61.06
83.60,83.60,53.27,20.24,58.76
83.29,83.29,52.60,19.61,55.52
84.37,84.37,53.08,16.71,55.29
81.25,81.25,54.43,12.86,57.02
81.01,81.01,56.81,14.72,59.13
78.69,78.69,63.13,6.91,62.21
77.81,77.81,67.12,1.64,58.10
77.05,77.05,85.36,0.13,61.04
72.12,72.12,89.48,0.00,61.83
74.80,74.80,89.64,0.00,64.68
77.18,77.18,86.69,0.02,66.46
77.15,77.15,78.74,0.01,61.90
77.10,77.10,83.80,0.06,65.29
77.31,77.31,84.29,0.04,64.03
78.09,78.09,77.55,0.07,65.50
78.03,78.03,74.13,0.54,68.12
79.51,79.51,73.82,3.79,70.62
80.68,80.68,72.67,7.16,70.70
79.55,79.55,72.74,6.46,70.21
79.10,79.10,68.56,6.62,69.15
79.88,79.88,69.88,5.80,68.69
79.59,79.59,69.07,8.33,69.24
77.50,77.50,68.14,18.56,68.00
77.61,77.61,68.70,33.31,71.53
75.99,75.99,72.51,52.29,71.08
75.63,75.63,70.48,58.88,68.85
75.92,75.92,68.99,72.70,67.69
75.72,75.72,67.43,82.68,68.65
72.88,72.88,66.08,89.62,68.09
74.50,74.50,64.07,87.97,68.58
70.74,70.74,61.28,86.98,67.81
72.13,72.13,60.31,85.61,66.14
74.43,74.43,58.43,85.47,66.49
75.89,75.89,56.77,85.35,65.35
75.44,75.44,56.02,84.88,62.44
76.37,76.37,56.60,84.11,59.71
75.75,75.75,57.11,84.35,63.13
70.54,70.54,56.79,84.25,64.97
69.58,69.58,60.06,83.75,66.13
65.00,65.00,65.27,83.65,62.30
61.33,61.33,76.88,81.04,54.26
64.00,64.00,87.53,76.55,52.99
61.29,61.29,88.61,75.19,49.99
63.42,63.42,88.83,78.74,51.17
67.41,67.41,84.78,80.50,56.09
76.42,76.42,81.67,76.02,57.75
74.74,74.74,82.84,60.71,60.80
76.27,76.27,83.50,51.26,63.29
76.46,76.46,77.47,44.20,68.51
74.69,74.69,76.80,32.87,66.85
75.42,75.42,75.44,25.72,67.30
76.85,76.85,74.04,9.34,66.22
75.86,75.86,72.83,0.20,67.78
75.56,75.56,72.99,2.21,69.13
74.87,74.87,69.47,10.39,69.26
74.16,74.16,68.43,21.99,68.49
74.09,74.09,67.87,30.09,69.19
74.67,74.67,63.68,47.17,69.86
73.71,73.71,68.18,61.60,68.35
75.19,75.19,68.04,74.83,67.11
74.47,74.47,67.09,70.27,67.71
70.92,70.92,64.68,85.10,66.52
71.83,71.83,60.57,85.50,66.46
69.67,69.67,56.98,84.67,64.81
74.51,74.51,53.13,85.43,63.84
77.59,77.59,55.64,83.62,62.35
81.16,81.16,58.33,82.34,58.80
78.52,78.52,58.22,80.85,55.89
79.85,79.85,53.81,80.93,57.37
78.41,78.41,53.58,83.17,59.81
78.24,78.24,55.14,82.23,60.81
71.58,71.58,53.17,83.32,59.18
74.83,74.83,58.82,81.37,59.35
79.10,79.10,60.60,81.90,55.06
83.34,83.34,68.65,78.55,55.91
82.36,82.36,79.19,79.86,59.02
75.84,75.84,90.69,76.75,57.46
78.19,78.19,89.81,76.45,56.33
73.76,73.76,86.59,75.51,56.35
73.87,73.87,80.32,77.51,56.22
72.80,72.80,81.97,78.78,50.79
71.29,71.29,83.23,80.05,50.70
72.30,72.30,79.72,78.13,54.62
72.88,72.88,73.71,79.50,53.18
72.11,72.11,70.83,79.40,55.49
72.51,72.51,67.12,77.81,60.16
70.54,70.54,68.65,78.70,56.94
69.17,69.17,66.37,78.48,54.75
72.56,72.56,67.78,74.26,56.57
76.36,76.36,67.34,77.63,62.48
79.41,79.41,68.27,72.47,60.23
79.71,79.71,67.26,68.03,51.77
87.71,87.71,66.85,65.64,47.79
84.67,84.67,71.48,61.18,48.37
82.24,82.24,72.76,65.38,53.06
81.69,81.69,73.36,79.28,57.06
81.13,81.13,72.31,84.33,56.99
78.26,78.26,72.66,85.59,56.02
79.25,79.25,71.10,84.96,56.24
76.73,76.73,71.66,82.09,57.73
69.89,69.89,70.94,83.19,62.11
68.88,68.88,70.46,83.83,64.40
67.50,67.50,70.70,82.73,63.40
65.74,65.74,70.31,82.04,62.51
69.82,69.82,69.93,83.77,62.25
66.52,66.52,70.02,83.43,63.18
66.34,66.34,69.42,81.03,62.62
66.06,66.06,69.91,82.46,54.40
65.87,65.87,72.34,81.65,35.88
74.54,74.54,80.43,73.34,35.85
77.89,77.89,87.92,70.25,37.59
79.02,79.02,87.94,62.91,39.41
78.60,78.60,87.57,55.32,43.66
80.43,80.43,84.58,43.85,48.88
80.59,80.59,79.07,41.97,49.23
78.11,78.11,83.30,30.73,47.38
76.49,76.49,82.53,26.12,52.88
73.51,73.51,75.37,28.81,57.57
76.13,76.13,74.27,32.74,58.25
76.72,76.72,73.22,31.54,52.41
77.06,77.06,71.51,29.28,52.63
76.92,76.92,73.08,31.92,54.76
77.73,77.73,68.62,30.01,55.65
77.15,77.15,69.19,27.66,56.09
77.69,77.69,66.96,22.34,61.22
76.50,76.50,64.24,18.24,64.69
77.58,77.58,60.90,23.04,61.74
77.64,77.64,63.05,30.28,56.16
79.65,79.65,64.08,35.71,49.72
81.34,81.34,65.64,29.34,48.49
81.63,81.63,65.67,25.06,47.95
80.21,80.21,64.43,29.07,47.68
78.73,78.73,61.68,23.88,48.77
78.54,78.54,62.65,30.03,52.36
78.52,78.52,63.81,30.56,54.29
80.63,80.63,62.54,27.66,56.28
81.97,81.97,62.06,28.42,57.55
81.41,81.41,60.72,26.89,59.27
82.47,82.47,59.34,30.91,57.57
82.57,82.57,59.92,31.78,59.10
82.77,82.77,58.86,26.61,62.57
81.43,81.43,59.33,18.57,57.76
80.86,80.86,62.56,2.76,51.92
79.89,79.89,65.91,0.08,55.91
76.24,76.24,77.32,0.07,61.74
76.01,76.01,93.13,-0.00,61.27
79.37,79.37,87.32,1.17,58.37
77.88,77.88,87.17,5.06,60.82
77.04,77.04,83.52,7.68,61.33
77.23,77.23,82.06,8.54,59.30
79.25,79.25,86.98,15.21,57.80
79.49,79.49,81.65,17.45,56.74
79.30,79.30,74.57,20.58,55.03
79.59,79.59,75.08,18.49,52.24
80.20,80.20,74.68,20.04,52.78
77.14,77.14,72.27,16.14,54.75
76.84,76.84,63.99,12.73,53.22
77.64,77.64,68.33,6.47,52.16
76.94,76.94,65.48,10.27,52.77
76.13,76.13,63.15,14.56,54.73
76.59,76.59,65.78,13.17,55.88
77.62,77.62,70.50,32.11,56.28
77.53,77.53,72.09,53.63,56.01
78.00,78.00,71.23,61.20,55.47
77.48,77.48,68.63,68.04,57.82
77.57,77.57,66.22,86.35,61.23
77.51,77.51,61.85,82.96,60.23
75.40,75.40,58.26,86.58,57.62
72.59,72.59,56.43,82.33,56.56
73.12,73.12,57.97,83.50,56.54
72.43,72.43,49.23,84.12,56.77
70.53,70.53,43.69,80.07,56.74
63.17,63.17,39.76,82.98,57.08
60.93,60.93,42.08,82.21,58.39
61.91,61.91,43.88,79.90,58.74
57.99,57.99,48.96,82.97,56.25
57.73,57.73,59.20,81.45,52.92
58.64,58.64,66.29,79.37,42.22
62.74,62.74,86.13,81.47,43.18
56.28,56.28,89.19,75.98,38.96
49.89,49.89,88.63,72.26,32.50
50.21,50.21,85.10,72.26,32.61
51.94,51.94,81.86,73.96,29.48
48.13,48.13,81.79,68.74,28.57
54.50,54.50,84.78,69.43,26.87
61.13,61.13,80.38,67.94,24.02
65.72,65.72,75.81,67.48,25.01
70.34,70.34,72.91,67.62,22.86
74.94,74.94,71.90,69.14,17.19
76.12,76.12,72.48,65.79,16.73
75.13,75.13,69.84,60.28,19.21
74.06,74.06,66.47,55.81,22.38
71.91,71.91,69.15,54.31,24.74
70.97,70.97,60.90,51.46,27.58
60.48,60.48,62.77,49.62,34.53
69.18,69.18,62.65,57.07,43.90
71.62,71.62,66.50,64.34,55.34
82.77,82.77,68.21,68.40,60.88
81.92,81.92,64.79,86.64,59.20
84.01,84.01,62.70,85.65,59.09
85.29,85.29,57.78,85.59,55.16
83.94,83.94,58.97,84.73,56.25
83.24,83.24,53.00,84.69,56.07
84.25,84.25,52.83,84.34,55.36
84.78,84.78,51.72,84.38,53.50
85.27,85.27,52.61,83.83,53.25
85.33,85.33,54.00,83.85,52.75
85.02,85.02,58.02,83.78,53.59
83.85,83.85,49.65,83.93,52.65
82.74,82.74,49.25,84.09,51.76
80.18,80.18,57.70,82.98,53.23
81.62,81.62,67.15,74.55,50.86
79.31,79.31,68.52,62.09,49.28
77.76,77.76,85.24,60.06,52.62
76.66,76.66,86.18,36.28,49.96
73.98,73.98,88.78,6.57,50.66
75.05,75.05,86.55,3.31,49.77
77.32,77.32,77.74,-0.00,48.64
81.39,81.39,83.42,-0.00,45.89
82.50,82.50,83.57,-0.00,47.03
82.74,82.74,75.83,-0.00,47.75
83.31,83.31,75.94,0.21,44.80
81.73,81.73,74.69,4.64,44.54
75.68,75.68,69.56,10.18,46.05
72.37,72.37,70.70,11.52,47.43
74.31,74.31,63.03,11.85,47.98
74.59,74.59,63.25,9.80,47.65
72.44,72.44,67.39,16.89,47.46
75.86,75.86,61.60,29.06,48.88
82.11,82.11,60.64,47.69,46.17
84.05,84.05,70.69,53.20,53.44
83.18,83.18,72.77,55.90,52.32
76.70,76.70,73.75,74.96,56.78
76.67,76.67,73.70,83.76,58.31
77.44,77.44,70.94,84.33,58.91
74.10,74.10,71.89,85.54,59.77
70.46,70.46,72.07,80.12,58.94
69.41,69.41,70.70,83.24,60.63
70.71,70.71,69.14,83.31,57.43
67.60,67.60,68.32,80.63,53.84
64.71,64.71,67.95,83.67,50.49
64.24,64.24,66.28,81.43,51.33
62.87,62.87,65.16,80.81,51.53
60.47,60.47,65.39,81.52,48.36
57.80,57.80,66.13,79.30,46.98
46.70,46.70,68.25,77.64,40.04
52.40,52.40,76.89,70.49,42.06
47.25,47.25,91.53,58.67,50.66
47.17,47.17,88.04,38.76,53.28
55.89,55.89,87.90,12.72,50.63
58.82,58.82,86.23,10.57,53.13
48.80,48.80,79.98,11.11,52.73
54.47,54.47,84.89,6.67,54.37
55.69,55.69,84.47,1.02,54.31
51.86,51.86,75.14,4.00,52.86
48.65,48.65,75.23,8.94,54.88
46.69,46.69,74.55,15.10,53.45
44.36,44.36,72.36,15.45,52.34
45.85,45.85,72.67,12.77,50.72
48.92,48.92,69.48,24.86,46.25
47.87,47.87,65.13,30.32,43.01
46.16,46.16,65.69,29.81,39.78
44.78,44.78,65.41,30.48,37.77
47.88,47.88,61.14,31.52,34.57
43.39,43.39,70.96,35.57,33.92
45.65,45.65,71.07,36.16,32.12
44.36,44.36,69.85,37.72,29.89
45.08,45.08,68.12,30.82,28.57
42.51,42.51,65.52,31.95,28.69
44.53,44.53,62.59,25.64,31.07
42.02,42.02,60.10,27.15,31.23
41.12,41.12,56.75,27.59,30.21
37.32,37.32,52.95,29.98,28.55
37.70,37.70,48.77,28.01,28.06
35.66,35.66,48.19,30.95,29.76
30.70,30.70,48.48,34.77,32.06
29.85,29.85,49.93,36.27,34.56
31.14,31.14,53.14,40.28,35.46
28.74,28.74,45.95,27.81,31.94
21.26,21.26,50.19,15.20,35.76
15.15,15.15,55.73,1.90,46.90
23.38,23.38,85.57,0.00,58.35
22.55,22.55,89.44,0.15,52.46
21.60,21.60,90.22,4.39,50.64
25.61,25.61,86.86,7.62,52.24
29.00,29.00,79.52,5.35,55.32
22.92,22.92,83.86,0.61,54.88
23.74,23.74,84.84,-0.00,55.57
23.20,23.20,78.97,-0.00,59.94
21.83,21.83,76.09,-0.00,58.14
20.15,20.15,73.57,0.05,59.25
21.24,21.24,70.14,0.46,56.28
23.36,23.36,72.33,4.19,56.45
27.84,27.84,63.74,8.85,55.96
29.17,29.17,65.05,10.84,54.65
29.75,29.75,67.35,5.50,54.44
26.79,26.79,61.01,9.14,52.99
22.62,22.62,58.94,16.11,54.12
21.42,21.42,63.09,37.86,53.02
21.41,21.41,71.16,52.01,55.45
21.42,21.42,71.06,56.48,56.00
22.06,22.06,69.77,70.23,58.46
26.10,26.10,66.03,88.89,64.61
31.20,31.20,63.65,89.07,61.75
33.03,33.03,60.13,87.69,59.14
30.22,30.22,56.03,86.48,60.83
26.39,26.39,54.76,86.01,60.13
22.80,22.80,50.84,87.07,60.94
25.62,25.62,49.57,82.84,59.97
27.16,27.16,45.77,78.58,62.17
22.79,22.79,43.49,84.26,62.89
14.70,14.70,37.93,85.37,61.87
10.56,10.56,47.06,85.70,60.15
12.98,12.98,56.21,84.52,54.61
11.27,11.27,67.49,82.98,48.50
7.24,7.24,75.46,83.29,45.43
17.34,17.34,90.12,78.73,41.54
14.18,14.18,86.75,74.24,42.19
9.88,9.88,82.87,69.16,42.76
14.24,14.24,85.56,71.44,39.63
12.87,12.87,79.65,65.93,36.55
20.10,20.10,84.30,59.01,36.05
21.11,21.11,83.43,50.57,37.66
21.98,21.98,75.41,44.85,36.98
25.41,25.41,75.45,39.05,37.44
23.22,23.22,75.67,35.73,36.05
18.73,18.73,71.27,30.24,32.49
19.04,19.04,70.57,31.20,32.14
19.56,19.56,67.54,36.81,30.09
25.74,25.74,67.90,33.00,33.79
29.99,29.99,63.40,29.22,33.86
25.43,25.43,65.95,35.02,34.63
17.18,17.18,61.22,43.80,44.80
17.41,17.41,68.20,56.22,52.29
17.02,17.02,68.14,70.90,54.08
8.39,8.39,65.74,72.01,57.91
7.53,7.53,63.52,86.20,56.76
8.64,8.64,60.92,86.84,55.46
12.08,12.08,56.33,85.85,55.16
14.49,14.49,52.72,85.22,55.14
16.54,16.54,50.85,85.26,55.26
15.81,15.81,48.90,84.61,55.41
14.34,14.34,49.98,83.92,58.03
15.95,15.95,49.74,83.19,59.36
11.42,11.42,45.77,80.96,57.91
7.53,7.53,45.91,81.68,57.56
8.56,8.56,46.91,80.95,58.15
8.88,8.88,52.91,78.90,57.17
5.38,5.38,62.45,78.13,52.82
9.60,9.60,76.35,74.01,47.64
10.65,10.65,87.96,72.35,44.74
15.31,15.31,90.42,66.25,35.75
24.57,24.57,89.79,65.57,37.89
34.99,34.99,88.35,64.76,39.24
40.66,40.66,78.31,61.51,40.30
38.91,38.91,84.59,59.53,34.54
42.20,42.20,85.06,56.82,37.17
44.77,44.77,78.30,52.60,36.32
47.29,47.29,77.16,46.13,37.83
45.70,45.70,75.23,42.35,35.53
42.62,42.62,70.25,38.33,34.37
42.29,42.29,71.98,32.95,37.92
40.88,40.88,63.25,33.72,31.52
42.48,42.48,63.57,34.97,30.36
43.90,43.90,66.36,28.42,29.91
30.62,30.62,65.62,28.27,23.30
19.28,19.28,59.99,36.34,29.41
13.73,13.73,82.71,61.86,41.83
12.37,12.37,87.22,65.19,44.24
20.18,20.18,83.20,79.27,45.73
15.20,15.20,80.30,86.38,42.08
19.38,19.38,78.12,86.30,39.55
13.02,13.02,78.67,85.17,41.29
19.44,19.44,77.76,85.77,42.07
17.65,17.65,78.03,84.75,40.25
13.05,13.05,78.28,85.67,37.75
12.66,12.66,80.15,84.75,39.52
14.43,14.43,85.06,82.42,45.02
17.72,17.72,82.84,83.48,45.22
30.89,30.89,82.12,84.53,43.57
34.22,34.22,80.59,83.50,42.95
55.99,55.99,77.65,82.81,40.69
65.95,65.95,78.64,77.06,40.19
64.82,64.82,82.06,68.85,45.16
66.28,66.28,87.62,66.45,50.62
52.11,52.11,89.17,56.19,54.97
59.00,59.00,88.57,44.07,52.60
56.06,56.06,85.97,38.74,46.41
62.32,62.32,84.66,35.68,41.87
68.33,68.33,85.50,23.74,42.25
74.94,74.94,83.71,12.54,42.61
76.50,76.50,81.63,3.56,44.42
73.91,73.91,82.71,12.58,51.09
68.53,68.53,80.01,29.19,57.25
63.55,63.55,81.03,35.26,58.50
62.85,62.85,80.46,39.42,55.99
63.60,63.60,78.99,44.72,59.07
64.90,64.90,80.70,48.95,61.26
63.31,63.31,80.28,50.07,62.90
59.99,59.99,80.71,46.47,59.30
49.46,49.46,80.92,34.35,50.53
24.85,24.85,83.18,13.23,41.48
17.85,17.85,82.99,15.45,38.27
22.33,22.33,80.94,15.72,36.77
27.71,27.71,79.74,11.93,44.93
30.46,30.46,79.25,13.13,54.00
38.11,38.11,81.78,16.01,60.44
46.82,46.82,80.22,28.02,65.56
57.04,57.04,80.36,38.81,65.33
72.65,72.65,78.63,48.10,64.62
75.98,75.98,76.70,52.89,64.03
79.21,79.21,73.25,53.02,63.14
73.85,73.85,71.63,50.14,68.78
74.77,74.77,70.23,40.08,65.25
76.26,76.26,69.54,24.83,61.52
76.05,76.05,69.66,7.04,53.42
74.21,74.21,74.04,4.77,40.73
71.53,71.53,77.74,0.68,45.42
78.55,78.55,81.94,0.00,60.43
78.21,78.21,92.79,-0.00,55.40
80.56,80.56,88.74,-0.00,56.08
80.63,80.63,86.33,0.05,56.11
82.09,82.09,83.08,0.03,56.76
84.35,84.35,84.73,0.00,56.19
84.32,84.32,82.85,0.00,53.10
85.04,85.04,81.38,0.01,55.55
84.67,84.67,79.09,0.06,57.10
85.73,85.73,79.28,0.04,54.80
85.41,85.41,78.65,0.09,53.21
85.57,85.57,77.34,0.01,54.16
86.56,86.56,78.27,0.01,55.92
85.79,85.79,77.84,0.01,53.99
84.74,84.74,78.47,0.10,51.66
83.71,83.71,78.30,2.92,53.85
83.82,83.82,78.56,33.42,57.23
85.02,85.02,79.19,49.82,63.29
81.37,81.37,80.13,69.95,68.19
78.59,78.59,78.73,72.90,65.19
79.27,79.27,76.58,73.14,62.50
78.88,78.88,75.80,85.94,58.08
74.30,74.30,72.81,88.58,56.07
77.05,77.05,74.97,88.92,57.67
75.45,75.45,73.27,87.27,56.10
75.82,75.82,72.13,87.08,53.88
77.83,77.83,73.56,86.37,52.83
79.20,79.20,74.34,85.44,53.60
78.09,78.09,73.76,84.85,54.13
78.14,78.14,72.83,84.52,55.71
78.41,78.41,74.75,84.29,55.70
78.73,78.73,75.49,85.22,57.91
79.19,79.19,74.33,84.50,55.60
77.67,77.67,75.46,82.53,47.47
76.28,76.28,81.56,76.32,48.50
74.90,74.90,87.44,69.93,50.34
74.75,74.75,89.05,60.38,43.62
75.20,75.20,88.89,56.46,39.71
75.76,75.76,82.63,60.14,36.43
72.63,72.63,81.11,56.91,37.33
72.97,72.97,86.77,49.25,34.34
73.69,73.69,82.02,36.73,32.11
76.08,76.08,76.41,29.69,33.27
72.65,72.65,74.24,25.69,32.31
75.27,75.27,75.82,13.73,31.75
74.17,74.17,72.25,5.32,29.48
73.52,73.52,72.41,0.77,26.85
74.96,74.96,70.93,-0.00,26.76
73.25,73.25,71.00,5.62,23.33
72.02,72.02,68.33,19.49,25.77
69.78,69.78,68.61,44.54,34.53
69.47,69.47,66.51,53.88,47.28
69.38,69.38,69.37,61.93,55.25
76.08,76.08,70.34,78.52,64.04
77.71,77.71,68.48,89.94,63.27
78.87,78.87,69.13,88.34,59.48
79.04,79.04,67.47,87.35,57.39
78.29,78.29,66.67,87.29,54.22
78.76,78.76,65.49,85.97,56.08
78.87,78.87,64.03,86.90,55.39
79.74,79.74,63.22,84.52,56.32
80.03,80.03,64.90,85.79,57.76
80.44,80.44,64.16,85.49,57.55
80.11,80.11,64.27,85.36,57.89
79.05,79.05,63.24,84.74,57.14
78.50,78.50,61.14,84.58,57.74
78.05,78.05,60.52,86.23,55.15
75.30,75.30,67.06,83.31,53.38
76.25,76.25,78.69,77.34,49.78
79.39,79.39,85.54,65.90,52.87
75.55,75.55,89.92,61.19,48.89
75.55,75.55,90.49,50.05,49.37
76.77,76.77,87.50,53.17,49.90
77.06,77.06,79.44,47.75,51.63
76.21,76.21,85.14,35.28,50.70
76.34,76.34,85.29,24.28,51.19
75.53,75.53,78.17,22.45,50.85
73.72,73.72,76.21,20.78,47.58
75.06,75.06,75.99,17.81,49.11
76.78,76.78,69.80,13.77,51.38
76.97,76.97,73.00,12.67,53.24
77.28,77.28,66.06,14.87,52.91
79.73,79.73,64.92,21.18,55.18
80.13,80.13,68.34,27.98,54.39
80.08,80.08,63.33,43.97,55.85
80.58,80.58,66.48,56.77,52.48
80.73,80.73,64.81,59.89,53.56
80.05,80.05,71.19,56.76,55.38
79.11,79.11,70.69,84.94,61.39
77.43,77.43,67.51,91.00,58.37
75.98,75.98,64.99,88.01,58.04
74.67,74.67,63.30,87.86,58.58
72.69,72.69,60.10,87.58,60.31
75.10,75.10,57.34,86.70,60.17
75.42,75.42,54.17,86.97,61.27
74.10,74.10,53.39,87.27,59.68
76.40,76.40,51.83,85.84,58.59
72.17,72.17,49.48,86.58,57.31
73.20,73.20,49.04,85.91,58.33
70.69,70.69,46.72,85.82,56.21
64.69,64.69,50.85,87.03,51.07
67.45,67.45,63.83,85.63,42.36
66.41,66.41,70.83,84.00,32.03
76.29,76.29,84.52,81.95,40.03
80.81,80.81,90.09,75.02,43.98
81.29,81.29,87.27,66.29,46.25
81.58,81.58,85.43,63.26,48.37
83.57,83.57,79.94,55.46,49.75
81.33,81.33,81.70,48.35,48.32
84.49,84.49,82.65,38.90,50.65
80.36,80.36,79.26,26.34,54.80
85.51,85.51,74.71,22.66,55.93
82.05,82.05,72.63,24.39,54.17
85.32,85.32,72.06,17.16,50.34
81.89,81.89,70.42,22.87,45.82
86.28,86.28,70.42,23.48,43.18
83.63,83.63,66.85,23.86,40.74
84.30,84.30,66.85,23.81,40.74
84.57,84.57,59.40,24.88,36.90
83.19,83.19,65.16,26.60,37.26
80.55,80.55,64.80,29.88,33.02
80.27,80.27,68.10,30.67,33.22
78.62,78.62,67.77,37.98,33.59
79.46,79.46,64.00,32.14,29.07
80.39,80.39,61.65,35.50,29.95
80.70,80.70,58.49,30.57,28.56
83.06,83.06,54.76,32.26,30.39
85.00,85.00,54.19,33.58,31.51
83.25,83.25,51.79,27.75,29.90
72.57,72.57,49.70,25.86,29.09
74.86,74.86,45.99,28.22,23.93
75.90,75.90,45.75,25.53,21.86
75.44,75.44,42.17,24.59,22.72
74.35,74.35,42.05,22.28,21.71
76.04,76.04,43.54,19.96,23.15
74.57,74.57,48.36,8.01,29.36
65.64,65.64,54.95,0.27,41.36
72.85,72.85,77.79,3.62,58.34
72.19,72.19,91.57,7.24,66.01
78.61,78.61,88.90,4.40,60.98
78.49,78.49,85.86,0.26,59.66
82.25,82.25,82.59,-0.00,54.71
80.87,80.87,81.90,-0.00,51.77
81.62,81.62,83.82,0.80,52.61
82.35,82.35,81.80,5.18,58.63
79.52,79.52,75.03,6.44,53.09
80.71,80.71,73.57,3.42,58.50
82.98,82.98,72.04,0.11,56.17
82.65,82.65,72.73,-0.00,53.51
82.36,82.36,67.15,-0.00,50.12
82.13,82.13,66.93,1.57,51.66
80.56,80.56,67.47,10.03,49.39
81.49,81.49,61.57,16.98,48.97
82.22,82.22,63.12,27.51,49.34
84.07,84.07,67.85,45.14,50.37
80.33,80.33,69.08,49.22,53.47
83.12,83.12,68.17,70.12,54.98
84.01,84.01,66.44,73.13,55.42
82.65,82.65,63.09,87.75,58.30
78.88,78.88,60.63,87.03,57.04
76.99,76.99,55.11,86.22,54.32
81.19,81.19,51.93,85.95,54.47
80.31,80.31,49.88,85.40,54.33
79.64,79.64,47.56,85.02,53.35
80.93,80.93,50.86,84.16,55.75
79.43,79.43,54.24,83.50,59.24
81.08,81.08,53.44,83.67,60.06
76.41,76.41,53.98,83.49,58.48
76.30,76.30,53.69,83.52,57.45
79.69,79.69,57.94,83.06,53.35
81.25,81.25,69.78,80.69,50.60
78.95,78.95,80.40,77.15,51.49
75.38,75.38,92.69,74.65,49.51
74.19,74.19,89.40,75.33,45.77
71.25,71.25,84.97,76.22,50.55
66.87,66.87,79.72,69.55,50.78
68.96,68.96,81.14,56.85,46.54
62.98,62.98,83.78,51.98,50.87
62.99,62.99,78.49,43.48,56.45
68.56,68.56,73.51,34.77,55.40
65.53,65.53,73.08,23.45,54.52
60.18,60.18,72.10,6.09,50.63
56.65,56.65,71.13,5.26,53.31
59.23,59.23,69.74,12.05,51.77
60.94,60.94,65.89,18.62,49.40
62.76,62.76,64.57,24.76,49.73
65.73,65.73,57.26,27.00,49.98
67.29,67.29,63.90,33.90,48.01
69.89,69.89,60.60,49.03,48.00
68.85,68.85,63.15,58.73,56.25
66.15,66.15,65.96,67.11,60.41
63.35,63.35,65.09,75.20,62.55
63.03,63.03,63.53,85.60,63.40
65.50,65.50,60.11,85.64,64.22
63.55,63.55,54.65,83.30,63.70
57.76,57.76,46.98,84.74,61.28
47.40,47.40,42.44,83.31,57.00
48.46,48.46,45.71,84.43,58.11
53.78,53.78,47.59,82.67,57.42
60.50,60.50,48.08,83.35,57.94
76.54,76.54,54.76,81.25,60.48
76.84,76.84,49.10,81.53,56.29
78.01,78.01,47.59,83.07,56.58
76.38,76.38,51.38,81.80,56.22
65.95,65.95,62.11,82.24,54.22
65.39,65.39,73.34,78.76,52.84
72.30,72.30,85.27,76.84,55.67
68.16,68.16,89.02,73.46,52.71
75.37,75.37,89.53,71.17,51.38
77.53,77.53,84.50,62.51,51.55
77.26,77.26,78.86,62.23,53.27
76.53,76.53,82.74,55.53,51.09
74.57,74.57,84.34,41.63,51.38
74.92,74.92,77.45,41.31,47.74
76.37,76.37,75.97,39.92,45.56
73.45,73.45,73.90,40.20,47.10
70.82,70.82,67.13,38.36,49.81
71.50,71.50,70.76,34.98,45.89
74.14,74.14,67.76,28.88,45.00
73.24,73.24,63.56,25.37,45.18
70.79,70.79,64.02,32.41,43.25
68.17,68.17,62.43,42.47,43.05
76.94,76.94,59.42,56.99,37.21
82.02,82.02,66.55,58.57,35.49
84.25,84.25,73.72,67.01,38.60
82.53,82.53,71.89,85.63,38.56
81.93,81.93,72.47,83.33,33.22
81.55,81.55,70.54,85.14,33.88
81.46,81.46,68.98,84.86,35.96
81.47,81.47,67.27,82.45,37.74
81.10,81.10,63.54,81.64,40.32
74.64,74.64,63.61,83.25,43.79
74.18,74.18,62.26,82.48,43.94
75.02,75.02,60.77,75.75,47.51
76.07,76.07,60.35,79.05,49.19
75.73,75.73,58.03,83.09,52.71
76.75,76.75,57.99,83.81,52.61
74.73,74.73,56.35,83.37,51.07
74.00,74.00,58.19,82.85,47.58
72.73,72.73,66.68,80.43,39.04
74.64,74.64,78.33,81.15,31.36
74.14,74.14,91.02,78.53,33.67
74.38,74.38,88.20,74.67,35.49
78.54,78.54,88.84,67.37,32.78
77.74,77.74,81.42,57.52,35.75
78.53,78.53,80.44,53.94,36.96
78.39,78.39,85.05,44.03,38.79
72.95,72.95,81.87,47.02,42.47
75.26,75.26,76.21,47.81,40.08
75.59,75.59,72.99,47.26,41.86
77.19,77.19,74.07,47.32,37.02
77.83,77.83,69.63,44.30,36.79
78.09,78.09,69.85,40.03,38.12
77.45,77.45,68.80,36.11,32.26
76.59,76.59,68.00,31.25,34.67
75.86,75.86,62.78,28.33,38.86
76.30,76.30,65.05,27.15,31.76
77.19,77.19,65.44,24.36,37.77
76.57,76.57,73.34,21.82,41.17
79.66,79.66,73.69,30.20,38.89
82.39,82.39,73.46,26.56,35.63
81.84,81.84,72.12,31.13,33.84
81.16,81.16,72.27,26.07,35.52
77.52,77.52,70.95,24.60,36.83
79.85,79.85,71.20,28.05,31.33
74.52,74.52,70.72,23.90,27.89
74.91,74.91,69.59,24.43,27.63
74.57,74.57,69.39,27.29,24.88
73.32,73.32,69.29,28.52,26.78
72.72,72.72,68.17,30.03,32.84
70.15,70.15,68.24,24.80,38.40
67.50,67.50,68.19,16.32,43.30
64.29,64.29,66.75,8.42,47.89
56.86,56.86,67.14,1.05,51.90
56.30,56.30,65.40,0.08,55.82
76.88,76.88,89.19,1.26,63.51
82.71,82.71,88.85,1.23,57.28
81.35,81.35,88.62,0.13,58.06
82.01,82.01,86.89,-0.00,55.57
78.61,78.61,79.10,0.00,56.29
77.94,77.94,84.91,0.01,55.75
81.49,81.49,84.76,0.01,56.42
79.84,79.84,75.10,-0.00,57.61
80.26,80.26,75.97,-0.00,57.00
80.23,80.23,73.47,-0.00,55.73
81.28,81.28,69.28,-0.00,55.08
81.05,81.05,68.19,-0.00,53.91
79.91,79.91,65.61,-0.00,54.08
82.64,82.64,62.35,4.81,54.69
82.06,82.06,66.23,21.86,53.31
82.46,82.46,66.89,32.78,54.41
80.88,80.88,66.28,49.33,56.54
79.71,79.71,71.10,61.09,54.44
78.35,78.35,69.34,63.98,56.62
78.53,78.53,66.91,85.71,61.11
77.70,77.70,64.21,86.03,61.29
78.80,78.80,61.96,82.83,61.80
79.71,79.71,58.50,85.15,61.68
81.92,81.92,56.96,83.96,62.15
82.17,82.17,54.28,81.82,59.05
82.61,82.61,51.98,84.02,59.26
82.02,82.02,51.16,81.47,60.24
79.17,79.17,50.56,81.90,58.68
73.57,73.57,51.65,82.98,58.57
69.98,69.98,53.08,79.41,58.70
74.98,74.98,51.66,81.66,57.03
60.60,60.60,54.87,81.61,53.86
60.67,60.67,63.23,79.91,48.91
60.98,60.98,79.07,81.09,49.15
61.13,61.13,90.47,79.88,48.37
50.62,50.62,86.72,71.94,47.15
50.55,50.55,89.86,65.72,51.38
51.77,51.77,84.19,56.75,53.53
50.49,50.49,80.74,52.72,53.05
49.51,49.51,84.91,48.40,50.75
53.04,53.04,83.75,49.95,52.16
51.99,51.99,76.69,49.09,55.57
53.19,53.19,76.27,41.29,57.40
55.69,55.69,74.32,23.86,57.75
50.37,50.37,70.08,16.62,58.80
50.52,50.52,70.25,14.02,57.34
51.46,51.46,69.94,16.82,57.88
54.53,54.53,68.09,14.11,54.09
61.29,61.29,63.86,15.77,52.28
65.73,65.73,65.19,23.83,49.69
66.56,66.56,62.70,40.45,48.75
73.22,73.22,64.01,49.45,55.70
83.12,83.12,66.08,57.21,61.03
84.02,84.02,66.47,68.31,62.39
78.42,78.42,66.31,81.83,62.51
83.34,83.34,63.19,88.04,62.99
84.23,84.23,59.60,84.92,60.36
83.56,83.56,57.52,86.15,57.36
83.20,83.20,56.93,84.60,57.63
81.63,81.63,54.96,85.13,56.38
82.63,82.63,52.70,83.86,55.34
82.64,82.64,55.23,83.89,55.87
80.88,80.88,54.64,84.33,57.70
82.08,82.08,55.88,83.59,56.68
82.33,82.33,52.56,83.12,55.53
78.03,78.03,52.65,82.77,54.56
79.92,79.92,62.05,81.29,53.36
75.89,75.89,72.31,78.34,54.47
74.72,74.72,88.39,73.18,60.33
75.82,75.82,87.91,73.63,55.84
76.16,76.16,88.77,67.80,52.06
77.35,77.35,86.58,72.96,50.12
74.74,74.74,80.37,74.32,50.80
73.43,73.43,83.70,69.68,51.11
73.26,73.26,83.26,59.02,51.51
72.01,72.01,76.74,59.18,52.60
73.04,73.04,75.99,51.97,53.36
73.90,73.90,75.01,53.70,52.34
74.90,74.90,72.43,55.25,55.03
76.04,76.04,75.82,50.81,58.30
77.70,77.70,67.13,48.62,60.16
78.19,78.19,62.08,46.32,58.33
79.29,79.29,66.21,42.10,58.94
78.19,78.19,64.93,31.50,58.44
79.92,79.92,58.12,39.82,56.45
77.74,77.74,63.24,60.91,54.51
77.77,77.77,68.82,62.35,55.02
79.25,79.25,69.03,74.56,56.72
73.46,73.46,67.47,84.77,59.73
76.49,76.49,63.74,83.28,60.10
75.36,75.36,60.85,85.33,59.42
74.88,74.88,60.72,81.63,57.75
71.48,71.48,60.28,83.48,57.49
66.59,66.59,57.47,83.48,57.45
70.14,70.14,55.96,80.61,52.82
66.61,66.61,54.40,83.39,51.32
64.61,64.61,52.96,82.77,49.24
62.64,62.64,49.54,80.36,45.55
59.69,59.69,47.42,83.24,45.11
57.80,57.80,48.62,81.56,43.84
53.84,53.84,57.77,80.04,39.15
42.45,42.45,65.13,80.05,37.09
44.49,44.49,75.95,74.53,50.59
49.83,49.83,89.90,74.37,57.28
47.72,47.72,88.33,68.67,55.27
41.87,41.87,87.96,64.97,57.24
46.49,46.49,84.57,62.95,58.29
43.85,43.85,81.79,61.33,56.83
44.78,44.78,84.87,56.54,56.46
44.62,44.62,82.75,55.08,55.90
44.68,44.68,75.66,51.82,56.62
44.01,44.01,75.37,49.70,58.25
45.55,45.55,74.28,44.02,57.31
47.96,47.96,72.22,37.16,55.16
48.86,48.86,72.76,26.46,53.58
49.01,49.01,70.95,30.22,53.14
50.21,50.21,65.20,34.47,51.44
47.53,47.53,63.58,35.08,49.09
45.81,45.81,66.76,34.34,42.98
47.93,47.93,65.54,36.94,40.84
47.37,47.37,68.89,39.36,39.28
49.76,49.76,67.09,35.15,38.99
53.73,53.73,62.62,31.98,35.58
58.74,58.74,58.00,34.23,33.66
68.68,68.68,54.87,26.61,34.42
76.76,76.76,54.05,28.59,35.85
81.84,81.84,56.48,35.01,38.25
80.87,80.87,53.27,40.53,31.87
81.18,81.18,56.08,37.85,29.81
79.36,79.36,53.80,37.20,26.27
80.69,80.69,52.54,30.43,26.08
81.10,81.10,46.05,27.52,26.22
81.58,81.58,55.39,28.52,27.18
81.12,81.12,56.38,29.48,28.69
81.03,81.03,46.13,17.04,28.32
79.80,79.80,47.43,10.03,34.23
68.06,68.06,57.60,3.74,49.42
73.10,73.10,90.63,0.96,59.28
78.75,78.75,89.00,0.19,59.20
80.02,80.02,88.75,0.00,59.48
76.71,76.71,86.31,-0.00,56.71
75.20,75.20,78.45,-0.00,55.95
77.08,77.08,84.56,-0.00,57.40
80.62,80.62,84.63,-0.00,57.72
82.52,82.52,76.12,-0.00,57.28
78.79,78.79,74.93,-0.00,55.73
77.85,77.85,74.07,1.05,57.70
83.13,83.13,68.38,7.72,58.27
84.38,84.38,68.08,15.50,57.12
84.71,84.71,65.96,25.42,56.81
83.70,83.70,63.77,31.39,55.71
80.24,80.24,64.63,36.75,57.15
83.84,83.84,65.74,42.03,57.44
81.63,81.63,58.17,43.66,56.60
75.67,75.67,69.73,52.23,58.48
81.68,81.68,69.28,74.32,55.81
80.89,80.89,67.37,79.11,57.26
77.97,77.97,63.95,76.23,58.96
82.01,82.01,59.97,89.09,62.54
80.03,80.03,55.59,86.81,59.77
70.62,70.62,54.34,86.78,61.02
68.16,68.16,50.19,85.58,58.92
72.17,72.17,46.97,86.03,59.54
77.98,77.98,44.02,84.40,58.36
77.27,77.27,42.73,84.11,59.70
76.84,76.84,42.29,84.77,59.75
73.27,73.27,42.21,84.86,60.29
68.74,68.74,41.76,83.19,60.87
68.92,68.92,49.34,83.93,58.48
73.30,73.30,58.65,82.89,56.13
76.76,76.76,72.19,79.98,53.27
77.81,77.81,84.34,74.57,54.41
69.82,69.82,92.07,76.90,49.30
75.38,75.38,87.10,75.08,48.74
79.95,79.95,89.17,77.05,47.59
78.69,78.69,79.32,71.09,45.01
80.42,80.42,83.76,66.22,49.92
80.66,80.66,88.05,54.00,53.10
81.46,81.46,79.77,38.90,55.98
82.20,82.20,74.16,27.38,57.77
83.33,83.33,75.77,19.52,55.24
83.48,83.48,74.03,16.99,49.21
83.60,83.60,72.52,22.62,47.64
83.64,83.64,68.94,25.30,50.77
83.49,83.49,68.67,27.63,47.10
84.11,84.11,65.07,27.89,45.65
84.52,84.52,65.04,28.62,48.88
83.10,83.10,67.36,29.36,53.57
81.74,81.74,62.37,30.99,56.55
75.99,75.99,70.20,32.09,57.30
78.51,78.51,71.09,32.93,55.33
80.91,80.91,67.75,33.73,55.51
80.08,80.08,64.99,34.44,55.80
75.95,75.95,62.36,35.33,58.68
77.02,77.02,58.34,36.07,61.16
77.40,77.40,55.20,37.03,55.65
71.00,71.00,51.79,38.76,55.51
70.21,70.21,47.32,39.86,57.91
69.47,69.47,44.48,39.38,57.81
69.57,69.57,47.54,37.99,55.99
69.10,69.10,42.43,36.57,53.64
67.60,67.60,44.48,36.12,51.05
66.79,66.79,40.64,33.28,47.50
64.24,64.24,44.55,32.07,46.22
63.77,63.77,58.68,28.37,52.01
69.76,69.76,71.11,31.57,53.12
77.31,77.31,87.54,43.59,64.11
81.64,81.64,89.78,52.21,64.10
77.80,77.80,91.61,60.23,67.18
75.42,75.42,86.47,63.14,66.65
78.05,78.05,81.39,64.04,70.33
78.05,78.05,84.82,63.69,70.15
80.53,80.53,85.71,63.03,71.22
81.84,81.84,79.71,59.27,70.62
82.76,82.76,75.34,57.08,72.40
81.20,81.20,74.51,52.74,71.52
79.81,79.81,71.77,53.01,69.94
78.53,78.53,74.85,54.83,69.85
80.09,80.09,67.24,55.51,69.34
77.65,77.65,66.35,55.88,72.60
81.38,81.38,72.28,56.48,73.80
81.60,81.60,68.61,55.75,74.52
80.17,80.17,65.81,54.29,74.88
80.28,80.28,71.25,52.05,71.50
78.91,78.91,72.31,48.92,72.45
78.22,78.22,72.11,42.50,70.16
78.01,78.01,69.53,31.33,70.77
79.71,79.71,68.11,29.87,69.04
79.81,79.81,65.85,22.39,71.21
80.90,80.90,65.39,20.66,68.32
79.85,79.85,65.09,23.05,70.89
78.61,78.61,64.28,20.02,68.93
79.82,79.82,64.65,20.24,68.21
77.97,77.97,63.33,25.01,67.42
74.73,74.73,64.54,27.09,64.64
74.28,74.28,63.78,31.17,69.17
77.22,77.22,62.98,24.54,61.38
78.86,78.86,63.95,23.08,67.02
77.80,77.80,68.12,14.90,60.85
78.02,78.02,73.51,9.64,54.40
79.25,79.25,88.21,0.82,51.92
74.97,74.97,88.62,7.87,52.41
75.08,75.08,89.52,21.82,52.11
78.56,78.56,85.32,25.09,52.02
81.10,81.10,80.42,22.54,54.92
81.95,81.95,82.59,14.35,54.11
82.98,82.98,84.49,10.78,57.23
81.61,81.61,78.91,15.77,59.86
79.60,79.60,76.98,14.53,55.17
81.77,81.77,81.44,10.52,57.44
79.47,79.47,84.19,5.73,55.17
78.10,78.10,81.49,3.98,54.83
79.38,79.38,78.48,10.24,58.41
78.54,78.54,76.60,13.03,61.66
80.73,80.73,75.46,14.07,61.19
81.31,81.31,75.38,14.26,55.75
81.42,81.42,75.74,18.94,52.69
80.42,80.42,83.37,17.61,50.09
77.19,77.19,84.49,14.16,50.87
76.11,76.11,81.69,11.63,47.93
76.16,76.16,79.27,10.61,53.35
74.32,74.32,76.00,17.14,54.76
76.53,76.53,75.01,24.22,54.83
76.69,76.69,71.33,30.01,57.76
77.80,77.80,71.17,31.83,55.49
76.06,76.06,71.66,30.26,50.86
77.72,77.72,80.27,12.96,48.22
73.92,73.92,84.76,4.06,50.59
77.91,77.91,80.63,17.60,51.44
74.79,74.79,77.72,24.56,53.75
82.05,82.05,75.97,27.05,55.69
79.41,79.41,75.50,26.01,57.81
78.48,78.48,73.90,31.47,58.56
81.88,81.88,74.83,45.16,66.31
84.56,84.56,82.19,62.83,71.22
83.78,83.78,90.34,68.45,69.07
81.72,81.72,88.30,75.70,67.83
81.67,81.67,85.80,83.23,69.19
75.36,75.36,80.74,86.36,68.82
74.55,74.55,82.44,82.94,68.46
74.57,74.57,80.33,81.87,68.45
72.75,72.75,78.73,82.85,69.80
71.15,71.15,76.65,83.33,70.39
72.29,72.29,76.51,81.00,73.19
78.92,78.92,76.98,81.67,72.13
83.65,83.65,76.57,81.28,71.92
86.29,86.29,76.51,79.43,71.06
82.26,82.26,75.97,80.85,71.34
83.68,83.68,76.98,80.07,71.23
81.46,81.46,76.23,79.28,72.44
81.18,81.18,76.24,79.73,70.98
83.72,83.72,77.21,80.87,70.99
80.27,80.27,77.50,83.34,70.39
79.80,79.80,76.60,80.69,71.01
75.54,75.54,75.72,78.64,70.00
78.87,78.87,75.77,83.86,71.71
82.84,82.84,74.66,82.94,71.21
82.96,82.96,75.00,82.21,71.44
78.35,78.35,74.20,84.36,71.95
78.48,78.48,73.42,86.34,69.88
82.17,82.17,74.58,84.68,67.01
81.72,81.72,74.68,83.84,68.16
83.57,83.57,71.36,84.79,69.19
80.72,80.72,71.23,83.37,71.25
82.86,82.86,70.51,82.63,71.95
80.61,80.61,72.49,83.91,71.87
80.01,80.01,72.33,80.65,70.34
78.32,78.32,80.34,71.23,70.61
75.88,75.88,89.46,65.98,68.61
71.06,71.06,87.76,61.94,68.16
72.87,72.87,89.60,72.67,69.09
77.11,77.11,80.82,81.52,70.89
77.47,77.47,83.26,83.78,71.63
77.00,77.00,85.93,81.04,70.06
79.33,79.33,74.68,81.42,71.12
78.69,78.69,75.73,81.93,71.65
72.38,72.38,76.35,84.17,72.38
81.87,81.87,72.95,82.92,68.52
84.48,84.48,73.23,83.49,71.46
84.65,84.65,70.37,81.71,70.51
81.54,81.54,70.00,81.02,70.48
87.69,87.69,67.85,81.65,68.81
85.48,85.48,66.61,83.07,70.76
85.25,85.25,65.99,82.67,71.62
87.10,87.10,65.77,82.39,69.23
86.09,86.09,66.44,82.43,68.88
76.67,76.67,72.79,83.14,67.75
73.70,73.70,72.45,79.08,67.92
69.58,69.58,70.49,74.14,70.11
68.14,68.14,69.09,79.18,71.66
68.17,68.17,67.00,81.19,71.01
66.29,66.29,64.32,83.41,71.56
68.85,68.85,63.83,86.06,71.85
73.71,73.71,63.52,85.45,71.97
84.01,84.01,63.25,84.25,72.39
82.79,82.79,64.00,84.85,72.59
80.21,80.21,66.64,84.54,71.82
84.23,84.23,63.91,84.13,70.06
77.45,77.45,60.82,85.16,73.22
74.96,74.96,59.24,85.30,72.76
70.91,70.91,58.60,85.25,72.77
75.34,75.34,68.95,85.67,72.27
81.12,81.12,75.26,83.46,72.22
79.65,79.65,88.48,81.51,71.02
79.83,79.83,85.13,75.79,68.06
81.41,81.41,84.95,72.44,69.33
81.32,81.32,81.80,80.31,68.21
81.59,81.59,83.06,81.37,67.50
81.78,81.78,84.04,80.44,66.87
82.62,82.62,72.59,81.73,68.07
76.94,76.94,71.68,81.76,68.39
65.95,65.95,74.86,83.76,68.94
67.40,67.40,70.56,83.10,69.78
65.05,65.05,68.92,84.17,70.60
65.74,65.74,65.32,82.69,71.34
68.35,68.35,66.71,82.90,70.62
66.41,66.41,66.66,84.13,69.53
74.33,74.33,61.44,85.05,72.64
80.47,80.47,60.07,83.20,72.87
89.48,89.48,59.81,82.37,72.63
81.75,81.75,74.46,82.54,70.36
81.40,81.40,75.43,82.65,70.38
81.76,81.76,72.97,78.48,68.91
81.05,81.05,70.62,72.72,72.43
81.18,81.18,67.31,82.32,72.47
82.78,82.78,65.09,83.90,72.49
81.76,81.76,63.37,83.70,71.37
79.50,79.50,61.15,82.73,72.00
72.74,72.74,63.85,82.62,71.72
73.57,73.57,64.95,84.61,72.76
70.11,70.11,64.41,83.63,74.33
70.37,70.37,64.16,84.69,74.29
70.08,70.08,63.91,85.64,74.67
70.78,70.78,61.62,84.66,74.91
71.74,71.74,63.29,85.16,73.18
68.18,68.18,70.36,86.24,67.75
74.31,74.31,76.43,84.91,66.86
76.47,76.47,89.75,82.82,66.48
81.02,81.02,86.94,78.24,69.11
81.48,81.48,86.61,72.48,67.26
81.39,81.39,79.99,77.10,66.41
82.50,82.50,80.58,84.38,68.04
82.23,82.23,85.55,78.85,68.03
83.69,83.69,78.69,78.43,69.05
76.20,76.20,70.83,82.04,71.12
83.12,83.12,71.87,82.84,69.11
83.13,83.13,71.01,83.97,69.63
84.04,84.04,71.53,82.70,68.91
79.83,79.83,68.24,83.57,70.07
83.11,83.11,67.95,82.77,70.58
86.02,86.02,68.24,82.17,70.41
85.45,85.45,61.91,82.27,68.79
83.89,83.89,63.63,82.76,67.16
81.10,81.10,65.60,82.68,67.25
87.12,87.12,74.94,82.57,67.54
84.28,84.28,75.29,84.04,70.37
78.43,78.43,73.33,82.98,68.71
79.75,79.75,70.50,81.38,70.07
84.00,84.00,68.15,83.98,73.54
84.53,84.53,64.45,81.63,75.77
84.10,84.10,64.37,81.72,71.05
79.39,79.39,62.84,84.86,68.90
78.34,78.34,62.22,84.88,70.00
81.04,81.04,70.69,83.68,68.40
80.31,80.31,71.73,82.03,70.90
80.06,80.06,58.38,84.27,71.37
80.70,80.70,58.51,83.07,72.42
79.86,79.86,56.14,84.71,70.19
80.84,80.84,58.84,78.35,68.46
81.17,81.17,68.72,69.96,67.20
79.77,79.77,68.97,65.48,67.88
77.15,77.15,90.96,61.37,69.41
79.89,79.89,88.91,62.06,69.24
80.15,80.15,91.37,66.89,67.18
80.96,80.96,80.99,68.60,70.61
81.10,81.10,78.61,74.43,69.41
81.35,81.35,82.12,82.90,69.36
78.23,78.23,83.32,83.65,67.64
78.50,78.50,71.56,83.59,68.49
78.16,78.16,69.52,83.46,70.38
78.25,78.25,71.63,82.46,70.40
79.77,79.77,65.67,82.93,69.31
82.70,82.70,66.99,82.67,70.75
85.38,85.38,62.76,81.66,69.24
83.22,83.22,65.70,82.24,67.56
81.15,81.15,61.60,82.70,70.08
80.91,80.91,60.51,82.68,69.64
83.08,83.08,65.91,81.86,70.77
83.38,83.38,72.67,82.42,71.52
82.13,82.13,73.86,81.01,73.85
75.85,75.85,72.19,78.50,73.22
76.52,76.52,71.24,80.71,72.93
80.89,80.89,68.60,80.69,72.86
84.90,84.90,65.84,82.91,72.74
85.09,85.09,63.82,81.92,70.32
82.38,82.38,61.18,82.11,70.65
79.76,79.76,58.34,81.78,69.83
77.72,77.72,56.60,81.26,72.00
77.36,77.36,58.30,80.23,72.06
83.57,83.57,60.85,78.64,74.20
80.94,80.94,59.10,79.20,72.53
79.89,79.89,53.07,77.44,71.07
81.02,81.02,55.66,75.92,70.66
84.00,84.00,63.16,71.19,69.71
80.96,80.96,70.28,68.45,67.86
79.58,79.58,85.07,68.44,70.15
71.95,71.95,92.59,69.51,67.53
70.11,70.11,89.39,72.77,67.60
71.04,71.04,84.37,79.87,70.65
75.44,75.44,77.75,85.00,70.75
75.53,75.53,85.72,83.06,73.23
78.90,78.90,81.95,83.63,74.68
78.52,78.52,77.94,83.65,74.09
76.46,76.46,77.91,84.69,72.27
77.10,77.10,68.55,84.96,69.83
79.79,79.79,71.89,84.21,69.61
78.70,78.70,69.26,84.77,71.80
79.44,79.44,70.22,85.30,72.17
83.68,83.68,67.39,85.03,72.70
83.07,83.07,67.78,84.18,73.20
83.87,83.87,64.51,84.03,73.19
81.39,81.39,66.89,83.55,71.58
82.70,82.70,67.77,84.08,70.78
80.43,80.43,72.49,83.52,69.44
72.18,72.18,72.26,84.42,68.95
69.59,69.59,72.06,83.20,70.04
65.96,65.96,68.28,86.13,71.86
63.35,63.35,66.25,86.84,72.28
63.86,63.86,63.75,86.97,71.57
67.58,67.58,59.83,87.41,69.95
67.73,67.73,58.38,87.24,70.34
73.81,73.81,60.77,86.98,69.65
84.05,84.05,65.63,85.79,70.37
85.78,85.78,65.26,85.73,70.07
83.64,83.64,62.20,85.32,69.16
81.61,81.61,59.67,85.06,69.43
80.55,80.55,55.19,85.29,67.81
76.01,76.01,58.71,85.04,70.33
80.20,80.20,67.17,83.99,67.49
78.19,78.19,78.34,81.98,67.69
76.85,76.85,87.83,78.12,68.73
78.42,78.42,87.55,65.97,68.02
80.62,80.62,82.24,69.12,66.86
78.71,78.71,86.73,82.50,68.39
80.53,80.53,79.74,81.53,69.84
80.76,80.76,74.75,82.98,68.87
81.74,81.74,84.29,82.96,69.84
83.23,83.23,73.99,82.84,68.96
80.55,80.55,69.63,83.09,70.89
78.86,78.86,64.92,83.07,72.43
76.06,76.06,66.54,83.51,73.21
73.69,73.69,66.95,84.23,72.74
68.61,68.61,64.81,84.22,72.70
67.43,67.43,60.86,84.06,73.69
68.79,68.79,59.60,84.21,73.10
69.97,69.97,64.20,85.02,69.19
78.45,78.45,61.80,85.10,69.73
77.26,77.26,74.61,84.50,69.82
80.81,80.81,77.13,79.95,68.21
82.85,82.85,75.22,82.01,68.78
81.54,81.54,74.91,84.07,67.65
80.23,80.23,74.59,81.25,71.62
81.32,81.32,72.45,81.01,72.00
82.30,82.30,73.85,81.23,73.31
83.72,83.72,73.18,81.99,72.95
85.48,85.48,71.29,82.54,69.98
85.55,85.55,72.81,82.82,71.36
82.92,82.92,73.33,82.84,72.33
78.60,78.60,71.23,82.96,73.00
80.17,80.17,70.68,83.21,73.17
84.94,84.94,69.91,83.13,70.88
86.44,86.44,70.02,82.49,69.81
88.20,88.20,70.05,83.48,66.88
85.20,85.20,75.48,83.60,65.92
78.03,78.03,85.59,83.41,66.45
77.16,77.16,84.84,77.85,68.84
79.59,79.59,88.34,72.16,66.67
82.28,82.28,83.28,80.58,67.13
82.84,82.84,81.80,81.46,69.39
81.44,81.44,79.47,80.49,68.83
81.79,81.79,79.22,81.90,66.73
81.41,81.41,78.87,82.00,67.76
81.65,81.65,73.30,81.00,68.22
83.08,83.08,72.24,81.17,68.73
82.59,82.59,70.70,82.46,69.83
79.71,79.71,70.31,82.50,72.11
77.58,77.58,66.08,82.53,72.82
84.68,84.68,64.84,81.97,70.50
79.54,79.54,64.24,82.57,70.38
77.61,77.61,61.17,82.15,68.55
76.29,76.29,60.53,82.70,67.56
77.39,77.39,74.76,82.19,68.13
78.22,78.22,77.77,82.64,68.76
78.97,78.97,76.94,75.71,70.64
79.58,79.58,76.08,81.06,72.54
79.12,79.12,75.46,80.24,74.69
79.42,79.42,74.25,82.22,72.41
75.42,75.42,74.05,81.64,71.20
74.43,74.43,73.58,82.79,68.81
72.42,72.42,72.11,83.55,69.11
68.89,68.89,74.13,84.34,71.30
67.68,67.68,73.86,83.23,71.48
66.38,66.38,71.06,84.11,70.94
65.49,65.49,70.92,85.94,71.41
62.49,62.49,69.40,86.47,72.13
63.48,63.48,69.15,86.15,73.34
66.97,66.97,69.16,84.09,73.15
72.02,72.02,70.36,69.64,72.52
72.79,72.79,79.16,74.98,68.36
77.09,77.09,91.64,75.83,69.33
81.53,81.53,86.63,78.35,67.04
78.14,78.14,87.86,81.54,66.88
78.83,78.83,82.75,81.84,67.67
76.77,76.77,79.38,78.18,66.90
75.90,75.90,85.70,81.50,67.67
75.67,75.67,79.86,81.52,69.39
75.81,75.81,71.93,79.89,73.59
75.69,75.69,70.76,82.99,74.02
76.30,76.30,69.85,81.83,74.33
78.55,78.55,67.80,84.11,72.69
81.06,81.06,67.43,85.57,71.64
80.11,80.11,68.06,83.32,71.93
78.42,78.42,66.35,84.10,71.20
79.08,79.08,65.01,83.57,71.11
77.93,77.93,65.35,81.39,70.95
76.37,76.37,71.33,86.25,72.15
78.49,78.49,75.71,83.49,72.36
79.86,79.86,75.66,80.91,73.51
80.75,80.75,72.70,84.97,74.51
80.57,80.57,70.79,84.71,73.19
81.27,81.27,67.84,84.92,73.34
80.19,80.19,65.69,84.36,73.34
81.23,81.23,64.72,84.68,73.72
80.63,80.63,63.39,84.96,72.57
81.83,81.83,63.64,85.64,72.24
81.48,81.48,62.45,84.34,72.24
82.18,82.18,58.93,85.61,71.39
81.49,81.49,58.93,84.77,71.82
80.08,80.08,55.65,85.11,70.11
80.81,80.81,56.52,85.47,68.31
80.92,80.92,59.56,84.00,67.17
81.19,81.19,67.42,84.96,66.93
80.58,80.58,77.19,81.13,67.39
78.48,78.48,88.02,73.81,65.14
77.12,77.12,88.60,71.72,66.30
77.39,77.39,86.08,66.50,66.74
79.53,79.53,85.07,76.45,67.49
70.73,70.73,82.82,80.68,69.41
67.23,67.23,78.87,78.30,70.94
69.40,69.40,83.59,80.97,71.86
65.26,65.26,77.47,81.44,75.41
77.69,77.69,74.18,80.36,76.67
67.81,67.81,70.21,84.40,73.62
62.87,62.87,71.35,81.98,71.95
62.72,62.72,69.99,83.19,70.26
60.78,60.78,68.41,83.52,68.54
60.34,60.34,66.66,80.71,68.34
61.40,61.40,67.40,83.49,68.99
65.05,65.05,66.89,83.60,69.03
71.73,71.73,72.36,82.95,71.28
77.69,77.69,73.39,85.43,68.68
84.01,84.01,72.27,77.78,69.38
81.32,81.32,70.59,84.09,71.56
82.39,82.39,68.04,83.01,70.79
84.09,84.09,67.10,83.26,71.05
83.67,83.67,65.06,84.05,68.92
84.27,84.27,64.26,84.37,67.72
84.52,84.52,61.22,83.36,68.57
84.03,84.03,59.95,84.48,70.96
83.89,83.89,60.89,82.91,71.48
82.33,82.33,63.63,84.07,73.17
83.07,83.07,63.11,82.72,71.94
82.79,82.79,60.30,83.83,72.59
80.55,80.55,59.70,82.97,73.31
77.19,77.19,61.01,82.83,74.77
76.44,76.44,66.06,81.84,74.03
78.25,78.25,70.28,81.86,73.33
74.24,74.24,86.67,81.99,70.19
73.69,73.69,90.35,78.91,69.20
75.79,75.79,85.92,77.66,69.89
77.66,77.66,85.69,75.18,69.77
76.47,76.47,77.32,75.23,69.76
76.37,76.37,82.75,78.59,71.59
73.16,73.16,84.48,78.93,73.40
69.15,69.15,71.69,78.14,73.12
68.27,68.27,71.02,79.49,72.46
73.10,73.10,70.30,80.09,71.46
71.90,71.90,72.46,77.74,72.32
71.44,71.44,71.59,80.33,73.52
72.63,72.63,70.93,78.92,73.14
74.04,74.04,69.68,81.14,74.56
70.26,70.26,67.98,80.87,75.67
68.39,68.39,65.34,82.25,75.34
67.41,67.41,62.86,80.09,75.19
68.95,68.95,72.13,80.09,75.39
68.53,68.53,76.93,78.16,74.22
69.73,69.73,74.51,84.31,73.54
69.61,69.61,73.73,79.05,71.73
71.19,71.19,70.27,81.41,70.54
71.47,71.47,68.88,81.88,70.24
72.37,72.37,68.36,83.67,71.54
72.94,72.94,66.85,84.68,70.81
72.04,72.04,65.82,87.02,71.50
73.43,73.43,67.45,85.95,72.17
71.00,71.00,68.83,86.77,73.18
70.17,70.17,66.12,86.24,71.44
72.26,72.26,62.10,86.90,69.72
70.14,70.14,60.91,86.05,70.50
69.31,69.31,63.07,81.48,70.33
69.16,69.16,69.28,78.53,68.20
67.91,67.91,78.89,81.87,66.93
70.93,70.93,85.81,80.40,66.21
75.98,75.98,91.52,79.74,66.01
75.90,75.90,87.11,75.23,67.01
76.74,76.74,85.26,70.60,70.17
75.81,75.81,81.61,77.00,71.32
75.08,75.08,79.38,84.76,68.96
76.64,76.64,84.50,84.56,69.51
77.34,77.34,80.55,75.41,67.69
76.81,76.81,72.26,83.17,65.65
78.32,78.32,69.69,84.17,67.54
78.09,78.09,68.80,82.80,69.52
77.33,77.33,69.77,81.90,68.28
74.75,74.75,66.64,83.79,68.82
76.68,76.68,62.44,84.12,70.77
76.85,76.85,66.71,79.74,70.65
78.82,78.82,65.00,84.29,70.62
76.43,76.43,69.21,81.85,70.80
73.15,73.15,77.50,82.19,67.07
70.58,70.58,84.15,82.66,67.56
72.93,72.93,82.55,82.36,68.05
74.74,74.74,78.73,78.80,68.21
79.35,79.35,76.78,78.36,67.68
78.62,78.62,75.48,78.63,68.24
76.74,76.74,72.66,79.61,66.59
77.46,77.46,72.63,78.86,68.30
79.16,79.16,71.12,76.67,69.33
77.38,77.38,70.03,79.80,67.93
77.09,77.09,68.89,84.52,68.48
77.46,77.46,67.61,85.56,70.45
74.77,74.77,66.41,83.62,71.04
78.32,78.32,63.77,81.35,71.45
76.34,76.34,62.32,82.39,72.51
73.94,73.94,62.36,85.99,68.67
72.93,72.93,71.41,80.50,63.91
74.46,74.46,77.76,67.58,67.07
74.37,74.37,88.06,74.80,68.84
77.26,77.26,86.18,69.02,70.99
81.30,81.30,88.05,70.08,70.35
80.77,80.77,86.18,68.93,71.83
80.14,80.14,79.62,81.47,74.47
79.81,79.81,85.03,81.15,71.99
79.68,79.68,80.75,80.53,72.53
79.57,79.57,79.15,81.17,69.21
78.91,78.91,77.44,79.95,69.49
79.90,79.90,77.42,79.77,69.94
80.20,80.20,76.72,79.02,70.22
80.51,80.51,76.77,80.90,70.56
79.86,79.86,76.48,80.36,67.05
80.05,80.05,76.04,80.19,69.07
80.48,80.48,75.15,80.15,67.86
78.53,78.53,76.15,80.25,70.17
71.68,71.68,74.93,81.03,68.99
75.27,75.27,77.45,79.14,71.23
74.78,74.78,76.94,75.63,72.61
71.34,71.34,75.35,84.55,72.53
66.03,66.03,74.63,81.33,73.33
63.90,63.90,74.21,78.36,73.04
61.32,61.32,72.69,78.52,74.77
60.37,60.37,72.70,76.39,73.69
61.18,61.18,72.78,78.06,74.41
62.41,62.41,73.02,76.45,72.35
74.39,74.39,74.14,79.18,74.37
81.12,81.12,74.87,78.29,75.06
82.92,82.92,73.38,77.69,71.16
82.55,82.55,73.94,78.50,72.34
83.22,83.22,73.65,77.42,70.43
82.66,82.66,74.56,78.43,71.19
84.06,84.06,74.61,76.33,68.10
84.53,84.53,82.73,75.47,68.09
81.11,81.11,87.68,75.66,67.03
80.68,80.68,87.95,63.82,64.16
79.97,79.97,87.51,76.16,69.69
80.68,80.68,84.06,81.03,71.26
80.44,80.44,78.08,79.42,73.35
78.00,78.00,82.97,79.83,70.11
73.25,73.25,81.13,81.81,71.92
72.34,72.34,77.84,81.58,71.17
71.15,71.15,74.16,83.22,70.35
68.82,68.82,72.12,82.74,71.46
60.96,60.96,72.08,83.07,70.68
60.09,60.09,71.54,83.25,69.00
60.02,60.02,72.11,82.74,69.40
60.95,60.95,69.90,84.54,68.31
67.54,67.54,69.80,83.43,67.77
72.11,72.11,68.24,83.33,68.27
81.08,81.08,68.57,81.86,68.04
80.99,80.99,72.82,83.06,69.66
80.68,80.68,75.41,84.09,69.88
81.17,81.17,74.43,83.35,71.32
82.68,82.68,72.08,85.82,73.41
82.19,82.19,68.53,86.54,73.63
82.54,82.54,66.96,85.85,71.85
82.06,82.06,64.25,85.55,71.54
81.75,81.75,64.01,85.52,71.60
81.76,81.76,62.43,84.46,71.23
81.39,81.39,62.54,85.11,72.10
80.73,80.73,64.78,83.86,70.61
81.09,81.09,66.83,83.24,71.34
80.25,80.25,66.19,83.62,72.28
79.38,79.38,64.11,82.67,70.40
78.33,78.33,62.93,82.75,69.75
80.34,80.34,65.76,79.88,70.09
80.08,80.08,67.85,76.74,69.85
79.49,79.49,77.20,74.47,68.52
75.68,75.68,90.24,71.64,65.08
77.59,77.59,84.23,70.08,67.65
78.04,78.04,87.05,79.84,68.13
78.85,78.85,83.37,82.21,68.94
79.63,79.63,79.67,82.53,69.07
78.96,78.96,86.57,82.69,69.93
81.31,81.31,76.91,83.10,70.16
78.93,78.93,73.95,81.38,70.93
81.51,81.51,68.04,81.51,70.92
81.10,81.10,70.02,80.61,70.43
79.98,79.98,71.63,81.77,69.61
80.47,80.47,65.38,82.96,70.86
79.03,79.03,67.71,82.56,70.71
76.58,76.58,63.00,83.39,70.02
78.37,78.37,65.33,81.71,68.98
75.70,75.70,66.12,83.91,69.15
75.58,75.58,68.65,74.07,70.02
72.18,72.18,79.76,76.81,74.35
73.40,73.40,76.84,76.87,73.56
72.68,72.68,76.78,82.83,72.94
71.58,71.58,74.24,79.33,74.75
72.39,72.39,73.58,74.39,73.76
73.64,73.64,73.05,74.25,72.85
72.52,72.52,73.88,76.61,74.29
71.12,71.12,73.41,75.18,72.63
72.09,72.09,74.11,74.27,73.59
75.70,75.70,74.37,73.73,71.28
78.05,78.05,75.27,75.79,71.70
81.00,81.00,74.09,76.44,70.28
80.00,80.00,72.43,75.73,70.24
79.49,79.49,72.80,72.73,69.64
77.61,77.61,73.48,77.47,70.33
76.31,76.31,74.11,74.90,68.62
75.05,75.05,79.71,68.06,68.19
74.61,74.61,87.86,74.20,67.20
70.77,70.77,86.72,77.56,66.39
72.33,72.33,88.08,82.04,68.38
73.52,73.52,84.63,81.59,67.30
74.04,74.04,81.81,79.95,68.44
71.48,71.48,84.12,79.19,70.65
66.74,66.74,81.32,81.84,70.81
66.36,66.36,78.33,82.90,68.91
65.87,65.87,74.21,83.02,69.23
65.54,65.54,70.79,83.43,72.35
63.25,63.25,70.48,82.93,72.54
64.04,64.04,69.70,81.79,69.11
64.75,64.75,71.02,82.09,71.87
66.49,66.49,69.17,82.75,72.15
66.35,66.35,69.04,83.93,72.14
71.44,71.44,68.99,83.27,71.42
76.96,76.96,69.66,82.86,71.81
75.67,75.67,78.49,84.40,69.97
76.62,76.62,78.27,83.12,71.11
77.04,77.04,77.53,79.25,73.36
76.22,76.22,76.23,77.50,74.32
76.87,76.87,74.96,78.54,71.13
77.26,77.26,74.13,80.21,73.51
76.17,76.17,73.70,79.93,72.37
76.92,76.92,73.79,78.92,73.20
79.29,79.29,72.74,81.28,72.32
81.14,81.14,72.29,81.98,72.38
78.31,78.31,72.26,80.20,71.94
78.78,78.78,71.51,74.73,70.82
77.60,77.60,69.38,81.04,72.34
75.35,75.35,67.97,79.06,67.49
74.36,74.36,67.12,76.40,69.44
76.98,76.98,71.94,75.11,65.80
83.05,83.05,76.51,72.67,66.24
83.75,83.75,86.48,77.62,65.72
81.44,81.44,87.87,74.44,69.29
81.96,81.96,85.45,78.36,69.25
81.31,81.31,82.57,81.07,68.98
81.41,81.41,74.13,85.34,68.69
81.28,81.28,82.59,81.54,67.99
80.71,80.71,80.15,83.62,66.44
77.87,77.87,74.87,83.29,68.04
74.41,74.41,71.04,83.11,68.96
72.14,72.14,71.51,82.26,68.85
73.68,73.68,67.60,83.75,68.44
76.50,76.50,68.01,83.28,67.17
87.35,87.35,65.65,83.57,69.46
87.04,87.04,60.57,82.62,70.51
89.96,89.96,61.01,82.30,70.38
87.70,87.70,59.70,83.39,70.99
82.17,82.17,61.68,81.94,70.90
76.87,76.87,72.32,84.10,71.59
80.14,80.14,74.00,84.05,68.94
78.66,78.66,70.26,84.59,71.01
79.04,79.04,68.21,77.25,73.42
80.39,80.39,67.57,80.94,73.28
80.36,80.36,66.50,79.21,72.97
82.06,82.06,65.47,82.72,72.57
80.90,80.90,64.24,83.64,72.50
81.16,81.16,62.66,82.35,71.47
82.38,82.38,62.05,82.15,73.56
79.63,79.63,63.11,83.76,72.08
77.65,77.65,65.15,83.63,74.99
82.23,82.23,67.41,83.19,73.79
84.39,84.39,66.68,83.60,76.24
83.11,83.11,68.88,81.66,75.47
80.37,80.37,70.62,83.15,69.54
80.32,80.32,81.00,85.13,69.56
79.24,79.24,87.30,79.95,68.60
79.82,79.82,85.70,74.17,63.14
78.28,78.28,85.03,78.15,62.26
79.69,79.69,84.14,80.09,65.65
70.79,70.79,79.06,82.23,67.66
70.42,70.42,79.09,82.73,69.95
66.34,66.34,78.17,83.82,71.73
70.48,70.48,74.25,82.29,72.20
69.11,69.11,72.33,81.76,72.22
69.39,69.39,71.45,83.61,71.95
82.44,82.44,73.43,82.37,71.82
88.29,88.29,70.44,80.89,69.93
86.51,86.51,66.26,80.98,69.89
86.73,86.73,66.36,82.31,70.55
83.50,83.50,62.49,82.04,71.95
82.77,82.77,66.21,83.39,72.01
82.90,82.90,67.57,82.03,75.00
81.91,81.91,73.22,81.39,75.95
80.99,80.99,75.50,79.32,72.10
78.68,78.68,75.53,76.27,75.62
78.90,78.90,72.87,75.63,75.67
78.05,78.05,69.98,77.75,72.63
81.81,81.81,67.13,76.76,71.32
82.10,82.10,64.66,73.36,70.58
81.63,81.63,63.25,74.42,70.82
82.38,82.38,59.43,77.15,71.77
80.55,80.55,60.97,77.05,70.48
83.43,83.43,61.19,73.13,69.39
85.06,85.06,58.12,77.44,69.21
79.33,79.33,57.51,79.12,68.56
79.80,79.80,55.60,80.42,71.40
78.21,78.21,57.86,80.57,71.83
79.08,79.08,61.36,78.17,71.08
80.94,80.94,65.36,75.00,70.52
79.79,79.79,80.18,75.20,72.44
79.52,79.52,91.24,77.38,69.68
80.11,80.11,86.67,79.05,67.24
82.90,82.90,85.77,80.30,67.74
82.90,82.90,85.75,79.88,68.37
83.18,83.18,77.09,78.12,65.63
81.52,81.52,80.22,77.95,66.64
82.26,82.26,77.57,79.44,69.64
81.38,81.38,73.55,80.79,70.66
77.95,77.95,72.95,79.98,71.47
76.40,76.40,71.62,81.04,70.50
76.05,76.05,69.96,81.85,72.82
81.22,81.22,67.85,81.16,73.65
79.74,79.74,65.29,82.01,73.67
77.49,77.49,65.03,80.87,72.08
72.99,72.99,62.87,82.45,71.82
71.23,71.23,67.26,83.36,72.46
77.01,77.01,66.11,79.81,73.93
81.10,81.10,76.32,81.20,74.98
82.03,82.03,74.68,83.30,72.87
80.83,80.83,72.67,85.00,73.39
86.13,86.13,68.91,85.50,71.74
86.46,86.46,65.82,84.74,69.56
85.47,85.47,63.88,84.54,68.25
78.37,78.37,65.77,85.07,67.28
74.31,74.31,67.23,84.65,69.35
74.17,74.17,69.50,85.96,71.82
71.83,71.83,68.19,86.35,74.22
66.44,66.44,63.72,84.83,75.26
61.55,61.55,60.49,85.57,73.53
59.86,59.86,59.70,86.04,74.75
63.00,63.00,57.84,86.05,73.59
63.09,63.09,62.29,86.12,72.23
65.49,65.49,70.80,82.28,70.78
76.59,76.59,79.10,79.65,70.12
77.47,77.47,90.28,77.46,65.46
80.74,80.74,86.64,71.01,67.54
82.33,82.33,85.17,72.27,69.51
83.89,83.89,81.23,79.75,69.71
89.04,89.04,78.88,79.23,68.81
81.39,81.39,84.95,81.21,67.55
87.58,87.58,76.08,80.53,68.82
85.32,85.32,71.67,81.69,69.87
83.59,83.59,72.91,80.04,71.52
85.14,85.14,71.06,82.20,70.75
85.39,85.39,71.26,82.29,70.93
83.51,83.51,65.77,82.15,68.36
82.81,82.81,64.13,81.90,69.26
83.88,83.88,68.75,82.27,71.74
84.59,84.59,61.35,80.61,71.78
83.40,83.40,62.36,82.17,72.01
84.08,84.08,70.10,82.62,69.79
81.64,81.64,75.37,80.61,71.15
84.03,84.03,74.44,73.88,72.80
82.90,82.90,73.66,77.40,72.85
84.61,84.61,70.29,73.62,71.03
81.82,81.82,68.02,78.12,71.32
83.41,83.41,65.52,80.61,69.39
79.69,79.69,62.14,81.96,68.67
80.31,80.31,59.01,78.71,69.90
86.82,86.82,59.02,80.28,70.17
80.53,80.53,63.77,83.96,68.80
78.38,78.38,66.26,82.18,66.89
80.46,80.46,64.53,79.57,66.37
79.46,79.46,62.91,77.74,66.47
74.35,74.35,59.95,79.91,67.04
75.67,75.67,62.48,73.27,66.15
76.39,76.39,73.56,73.88,65.37
78.79,78.79,79.99,68.23,66.90
76.88,76.88,91.99,68.74,65.20
84.64,84.64,87.37,73.87,67.30
82.34,82.34,84.50,81.53,66.54
82.43,82.43,82.48,84.26,66.93
81.70,81.70,77.35,84.29,68.10
82.03,82.03,80.74,83.54,68.80
82.09,82.09,79.44,82.87,69.21
79.81,79.81,69.72,83.60,68.30
76.56,76.56,68.80,84.32,67.63
80.33,80.33,66.76,83.85,67.20
83.40,83.40,67.81,83.03,69.91
84.38,84.38,62.64,82.74,68.88
86.09,86.09,64.50,82.62,67.18
82.75,82.75,65.96,82.91,70.40
80.97,80.97,62.64,82.20,69.06
79.89,79.89,64.07,82.68,71.33
78.53,78.53,63.12,81.33,69.76
77.69,77.69,75.81,81.86,69.58
76.28,76.28,75.59,84.47,73.39
76.67,76.67,75.04,81.63,73.62
70.94,70.94,73.34,82.25,72.23
67.89,67.89,70.04,81.69,71.44
69.83,69.83,67.24,81.72,72.33
71.18,71.18,66.77,81.64,71.59
64.49,64.49,64.91,81.30,72.57
66.90,66.90,61.46,81.07,69.16
68.96,68.96,60.82,81.39,70.83
75.69,75.69,66.74,80.38,71.42
83.85,83.85,66.47,79.04,69.92
85.26,85.26,62.46,80.66,70.39
86.42,86.42,59.36,79.58,68.48
83.85,83.85,58.95,80.27,67.35
83.75,83.75,66.64,80.91,67.34
81.40,81.40,74.03,79.47,66.59
74.09,74.09,87.18,77.90,65.83
59.42,59.42,88.32,65.04,63.27
57.16,57.16,88.90,68.35,64.78
62.53,62.53,85.53,82.70,68.24
61.70,61.70,81.94,82.39,68.86
65.11,65.11,83.77,79.34,68.27
65.56,65.56,82.17,81.41,69.35
63.61,63.61,78.97,82.38,67.96
67.33,67.33,77.66,81.67,68.72
71.84,71.84,72.98,80.96,70.84
79.77,79.77,68.87,80.30,74.52
83.42,83.42,66.07,80.06,72.16
80.57,80.57,68.65,80.60,72.00
80.43,80.43,68.12,80.57,70.47
81.41,81.41,65.72,79.57,69.87
79.94,79.94,63.16,78.98,70.28
81.62,81.62,63.36,77.84,70.46
79.52,79.52,73.41,79.61,71.61
78.65,78.65,74.00,80.92,71.97
81.33,81.33,72.69,85.52,72.32
83.79,83.79,71.16,86.61,71.58
84.72,84.72,67.71,86.52,70.09
85.83,85.83,65.43,86.19,69.03
86.51,86.51,62.95,86.29,69.40
85.02,85.02,60.85,85.98,69.85
82.99,82.99,55.46,86.30,69.55
81.55,81.55,59.21,86.49,70.65
84.03,84.03,65.07,86.09,72.37
81.74,81.74,61.44,85.81,71.61
79.68,79.68,60.20,85.32,69.60
79.16,79.16,58.07,84.95,72.40
79.72,79.72,57.14,85.53,70.55
80.48,80.48,61.50,85.15,71.62
78.74,78.74,70.06,84.63,71.86
78.86,78.86,86.56,82.48,70.98
81.42,81.42,86.72,67.07,71.98
79.04,79.04,86.97,65.90,69.80
78.63,78.63,82.76,77.71,71.31
81.24,81.24,78.37,80.70,72.00
80.82,80.82,83.64,81.18,72.73
80.45,80.45,82.31,82.05,70.82
81.22,81.22,72.01,82.13,70.06
79.57,79.57,74.32,81.97,69.45
74.16,74.16,71.82,81.65,68.86
73.40,73.40,67.44,82.71,68.96
71.11,71.11,67.80,83.62,68.11
69.06,69.06,67.23,84.67,67.21
73.02,73.02,62.67,84.53,68.67
71.11,71.11,65.83,84.49,69.35
75.60,75.60,63.29,84.62,69.63
77.35,77.35,59.72,83.64,68.84
78.97,78.97,75.98,83.15,70.74
78.87,78.87,76.86,85.43,73.12
81.70,81.70,75.75,80.54,74.68
84.56,84.56,73.96,79.55,73.23
80.59,80.59,75.28,81.64,72.21
84.40,84.40,72.90,81.20,71.21
84.80,84.80,72.35,81.74,72.87
84.69,84.69,70.93,82.20,72.51
83.16,83.16,69.63,82.21,73.98
81.40,81.40,70.81,82.93,70.64
82.42,82.42,70.45,83.39,70.98
82.31,82.31,69.92,83.56,70.88
82.55,82.55,70.84,84.35,69.51
81.10,81.10,70.15,85.07,70.18
79.61,79.61,70.03,85.61,67.41
80.37,80.37,71.31,85.54,63.13
86.65,86.65,73.21,84.39,59.52
82.63,82.63,81.70,83.14,62.51
79.64,79.64,88.53,75.34,63.63
79.75,79.75,85.98,72.37,65.40
82.95,82.95,84.62,81.34,68.84
83.66,83.66,80.07,81.53,70.30
85.10,85.10,79.28,79.84,71.67
78.30,78.30,81.37,81.34,71.30
85.47,85.47,76.25,82.43,71.85
82.60,82.60,74.91,81.72,72.41
86.24,86.24,74.60,80.29,73.75
80.26,80.26,71.36,80.37,72.67
84.87,84.87,70.97,81.20,71.28
85.46,85.46,69.32,81.68,70.90
82.62,82.62,70.09,82.01,70.85
80.03,80.03,69.47,81.39,70.68
83.12,83.12,67.82,82.13,72.87
81.42,81.42,67.83,82.18,70.48
82.78,82.78,68.13,81.14,69.41
76.39,76.39,68.90,85.36,69.92
78.31,78.31,70.89,87.22,69.96
76.70,76.70,69.37,84.77,69.39
77.42,77.42,70.19,86.72,69.01
79.69,79.69,69.57,86.72,67.01
80.41,80.41,68.29,86.59,67.73
80.46,80.46,67.86,86.72,67.40
79.40,79.40,67.95,85.43,66.79
77.78,77.78,66.18,82.52,70.26
75.64,75.64,67.25,81.94,70.68
76.96,76.96,68.49,77.29,70.35
74.12,74.12,67.89,80.90,70.11
75.67,75.67,68.35,76.05,69.62
76.26,76.26,66.28,80.27,67.19
77.68,77.68,65.29,78.74,68.32
73.15,73.15,70.09,76.12,69.51
72.14,72.14,82.97,71.57,67.22
67.85,67.85,90.33,75.43,66.02
77.04,77.04,88.46,75.38,68.58
78.97,78.97,89.57,74.80,70.90
83.64,83.64,80.01,79.90,71.62
81.42,81.42,79.58,78.71,74.63
80.03,80.03,84.80,74.60,73.13
80.45,80.45,80.00,79.31,69.84
81.61,81.61,71.26,79.40,72.00
82.06,82.06,70.29,76.52,72.45
82.72,82.72,69.45,81.05,70.28
82.26,82.26,67.61,79.46,72.83
82.28,82.28,70.79,78.41,73.75
81.95,81.95,68.98,80.77,69.75
82.59,82.59,68.41,77.46,71.50
72.42,72.42,65.26,81.26,69.35
64.08,64.08,66.16,80.52,71.47
66.76,66.76,68.27,78.64,71.24
73.80,73.80,75.53,81.94,73.93
72.96,72.96,75.40,82.29,74.46
69.43,69.43,73.23,84.77,74.44
69.81,69.81,72.71,83.70,75.54
71.10,71.10,70.22,83.93,75.85
73.04,73.04,68.88,85.62,73.94
73.98,73.98,67.80,85.69,73.53
76.80,76.80,67.71,85.11,73.19
75.04,75.04,67.11,85.69,70.54
72.31,72.31,69.08,83.39,69.99
73.72,73.72,69.82,84.96,69.35
84.09,84.09,69.47,83.32,69.54
80.53,80.53,70.71,83.67,71.41
82.70,82.70,69.08,84.48,71.77
80.95,80.95,69.37,82.37,70.37
78.99,78.99,70.74,83.20,67.66
80.66,80.66,78.61,82.79,69.10
77.62,77.62,87.15,83.14,69.91
77.03,77.03,88.18,78.74,69.19
77.45,77.45,85.60,76.17,68.36
73.45,73.45,82.60,80.61,66.37
64.07,64.07,80.68,85.45,67.59
72.34,72.34,79.50,83.54,70.89
72.37,72.37,81.67,85.07,68.80
70.82,70.82,75.30,86.25,69.96
64.90,64.90,72.44,82.73,73.28
63.80,63.80,71.58,83.73,73.71
63.10,63.10,70.34,80.95,72.85
61.53,61.53,70.97,79.54,71.02
61.11,61.11,69.00,83.86,71.52
62.33,62.33,64.12,81.91,73.06
65.23,65.23,66.31,84.02,69.98
71.71,71.71,64.80,84.39,68.36
79.77,79.77,66.25,81.07,66.51
79.14,79.14,77.38,82.26,69.01
82.94,82.94,77.88,83.23,69.34
85.70,85.70,76.03,81.99,68.95
82.84,82.84,75.38,85.16,69.15
79.99,79.99,74.61,84.99,69.84
80.75,80.75,73.84,84.14,70.23
81.56,81.56,72.98,84.07,67.28
82.53,82.53,72.87,85.32,66.67
82.36,82.36,72.60,83.43,68.30
79.49,79.49,72.22,84.55,69.47
80.57,80.57,71.24,84.20,72.37
81.37,81.37,71.98,82.37,74.07
79.69,79.69,71.14,83.95,74.06
79.84,79.84,70.27,82.25,71.09
78.61,78.61,70.13,82.50,71.78
81.15,81.15,69.91,82.02,73.42
83.13,83.13,71.61,81.21,72.03
81.05,81.05,79.62,79.60,70.23
80.32,80.32,89.60,75.44,65.47
79.23,79.23,88.38,71.25,69.75
81.10,81.10,81.98,71.38,70.31
79.38,79.38,82.29,77.56,70.58
77.57,77.57,80.84,83.15,68.81
77.20,77.20,85.23,81.64,69.94
79.69,79.69,77.03,81.25,69.47
80.62,80.62,73.37,81.97,70.45
79.52,79.52,70.28,76.47,72.10
78.62,78.62,68.60,80.83,71.91
79.53,79.53,67.79,79.49,72.73
80.56,80.56,65.75,75.29,69.39
82.30,82.30,64.05,79.29,68.25
80.35,80.35,64.45,79.58,68.43
78.25,78.25,66.52,77.09,65.55
68.49,68.49,70.72,82.66,61.70
73.47,73.47,83.27,83.01,65.78
68.99,68.99,82.83,82.69,67.60
67.20,67.20,81.03,83.42,70.84
66.82,66.82,76.72,82.20,72.79
68.41,68.41,75.84,83.81,69.17
68.30,68.30,73.98,81.23,67.95
69.47,69.47,73.64,76.12,71.24
71.03,71.03,73.60,82.19,70.13
69.22,69.22,73.02,80.00,69.28
65.34,65.34,75.31,78.86,65.78
65.72,65.72,84.07,81.07,66.17
65.90,65.90,84.29,77.26,67.04
68.45,68.45,81.81,80.47,69.89
69.68,69.68,77.34,83.12,68.71
72.50,72.50,76.44,83.35,68.89
73.45,73.45,75.50,81.44,65.63
74.59,74.59,76.86,79.41,62.47
75.30,75.30,83.63,73.12,65.31
75.24,75.24,89.24,78.40,65.02
75.52,75.52,87.29,72.82,65.19
77.81,77.81,86.89,76.35,66.43
78.96,78.96,83.38,78.89,68.51
78.80,78.80,80.88,82.83,66.53
77.71,77.71,82.63,83.94,64.92
78.96,78.96,83.23,83.27,68.06
80.15,80.15,75.85,83.92,70.43
80.48,80.48,70.66,83.74,70.80
78.79,78.79,69.67,84.60,70.02
77.54,77.54,69.75,84.96,70.83
76.84,76.84,70.62,84.35,69.76
70.82,70.82,69.08,84.74,70.78
66.44,66.44,68.49,85.15,71.29
60.14,60.14,67.58,86.05,71.68
57.61,57.61,71.05,83.76,69.11
62.05,62.05,76.78,85.01,68.78
70.21,70.21,84.28,81.90,67.14
76.34,76.34,82.58,82.59,66.47
79.25,79.25,79.31,80.42,66.90
80.04,80.04,78.54,82.87,66.13
81.79,81.79,76.01,84.21,66.12
77.44,77.44,74.05,85.06,70.40
82.82,82.82,73.19,83.98,68.17
83.88,83.88,73.27,83.18,68.45
82.61,82.61,72.24,79.60,69.33
80.12,80.12,71.92,78.37,71.00
82.42,82.42,71.96,79.48,68.21
81.28,81.28,71.58,81.43,68.95
79.25,79.25,71.32,80.53,66.98
76.59,76.59,69.39,78.63,67.17
77.57,77.57,67.33,81.33,69.18
76.21,76.21,69.22,77.93,67.47
75.83,75.83,77.02,80.02,66.10
76.06,76.06,81.76,77.46,71.64
76.22,76.22,88.63,72.84,68.77
76.93,76.93,88.62,70.56,71.42
78.35,78.35,84.45,79.61,70.77
80.03,80.03,84.49,80.27,71.69
79.53,79.53,81.75,81.63,71.54
79.53,79.53,83.54,79.52,72.98
80.44,80.44,78.71,79.38,72.48
80.65,80.65,78.07,79.17,74.07
79.90,79.90,77.02,79.26,74.68
79.51,79.51,77.46,82.06,73.06
80.18,80.18,77.11,81.79,74.86
80.23,80.23,76.69,82.65,72.34
80.78,80.78,75.79,80.84,72.52
80.60,80.60,77.04,80.33,72.26
79.26,79.26,76.38,78.15,73.20
78.66,78.66,76.23,82.70,71.49
76.11,76.11,77.64,83.02,72.62
73.61,73.61,78.89,85.31,72.39
74.56,74.56,76.90,84.61,72.99
71.82,71.82,76.72,83.71,72.68
65.25,65.25,76.56,79.61,75.14
65.51,65.51,74.87,80.92,77.18
66.68,66.68,76.11,81.63,76.48
68.64,68.64,75.61,82.15,76.19
68.13,68.13,74.81,81.39,77.32
74.77,74.77,74.27,82.23,76.25
77.25,77.25,74.83,82.61,75.38
82.26,82.26,73.83,80.94,74.50
82.11,82.11,73.43,82.55,75.33
82.11,82.11,72.30,80.76,71.70
81.23,81.23,72.33,81.42,71.01
83.39,83.39,72.71,79.57,70.53
83.60,83.60,76.67,74.48,72.30
79.53,79.53,86.93,65.27,74.62
78.58,78.58,90.27,63.63,68.89
79.80,79.80,86.81,67.04,67.80
79.95,79.95,84.30,71.57,69.85
77.45,77.45,83.22,77.20,70.86
72.56,72.56,83.17,81.80,70.33
73.47,73.47,83.21,82.49,69.89
72.52,72.52,76.18,80.88,69.53
69.28,69.28,74.75,79.11,73.57
69.48,69.48,71.86,82.59,75.36
65.54,65.54,70.93,84.41,75.75
61.67,61.67,72.41,83.69,74.76
60.89,60.89,70.48,84.56,76.86
60.37,60.37,69.81,81.75,74.12
65.02,65.02,69.23,80.70,74.77
73.13,73.13,67.61,80.79,71.96
79.09,79.09,70.24,80.70,72.36
79.99,79.99,76.92,81.37,70.30
80.16,80.16,79.22,78.98,70.46
80.98,80.98,77.94,81.50,71.00
81.98,81.98,77.36,79.96,71.72
81.55,81.55,76.84,74.59,70.72
79.96,79.96,75.88,80.96,71.14
79.78,79.78,74.89,83.64,71.85
80.54,80.54,74.24,85.48,72.94
80.84,80.84,74.10,83.81,72.11
80.12,80.12,72.69,83.87,72.23
80.59,80.59,73.16,84.39,73.69
79.97,79.97,72.95,83.41,74.15
81.50,81.50,71.95,83.51,74.23
81.65,81.65,71.51,81.76,75.89
81.55,81.55,70.69,82.46,77.18
80.09,80.09,70.48,83.04,75.59
79.47,79.47,70.35,80.83,75.11
82.20,82.20,72.98,79.18,75.54
80.44,80.44,81.81,73.19,73.26
77.38,77.38,89.39,73.85,71.21
77.27,77.27,87.45,76.78,71.63
79.99,79.99,84.00,75.84,71.55
81.29,81.29,82.49,76.81,70.29
79.04,79.04,84.91,77.51,72.68
79.35,79.35,81.62,79.93,72.10
78.10,78.10,83.11,82.32,71.59
79.00,79.00,69.37,84.47,71.54
80.30,80.30,67.64,83.85,70.49
79.39,79.39,68.31,81.30,71.13
78.81,78.81,67.23,81.28,69.77
79.54,79.54,66.77,79.03,68.11
80.86,80.86,65.18,82.53,68.36
78.07,78.07,65.01,82.62,69.26
78.38,78.38,66.40,83.93,71.07
78.41,78.41,65.94,82.41,72.38
77.76,77.76,73.82,82.54,70.68
76.28,76.28,78.52,81.62,72.86
77.49,77.49,78.14,82.20,71.89
76.55,76.55,78.14,79.02,73.63
74.35,74.35,75.55,84.59,71.86
75.58,75.58,75.54,84.30,71.47
74.12,74.12,75.19,85.85,71.87
70.09,70.09,73.67,85.22,70.34
67.84,67.84,73.65,85.32,72.75
70.12,70.12,73.51,87.06,71.73
73.72,73.72,74.30,85.83,74.42
75.39,75.39,72.83,86.62,74.20
75.35,75.35,72.61,86.20,73.89
75.90,75.90,71.68,86.39,74.01
77.16,77.16,71.52,86.87,74.35
74.62,74.62,72.26,85.32,70.47
69.31,69.31,76.38,84.40,70.79
65.06,65.06,85.38,76.63,71.25
61.94,61.94,90.98,73.09,70.22
60.32,60.32,88.47,72.94,69.18
63.82,63.82,85.49,70.45,71.92
63.71,63.71,81.37,78.23,69.48
61.70,61.70,80.95,79.60,68.32
65.33,65.33,82.84,78.32,69.93
63.04,63.04,79.37,81.32,70.95
60.89,60.89,75.09,81.45,71.40
59.85,59.85,73.18,82.84,72.67
57.05,57.05,72.13,81.52,71.61
56.74,56.74,72.80,81.63,72.76
58.49,58.49,72.34,81.58,72.31
59.68,59.68,71.11,81.95,70.11
62.23,62.23,69.54,82.05,70.46
68.96,68.96,69.99,80.76,69.43
73.29,73.29,71.03,83.68,69.88
74.77,74.77,77.49,82.92,69.00
75.91,75.91,78.22,80.87,69.72
76.81,76.81,78.37,79.79,70.92
78.31,78.31,78.11,82.98,71.29
75.55,75.55,75.14,80.29,70.36
74.42,74.42,76.80,81.87,71.47
74.72,74.72,75.97,81.55,71.95
75.43,75.43,74.03,80.87,69.91
77.67,77.67,76.18,82.52,69.39
75.33,75.33,72.47,84.72,69.82
81.33,81.33,73.04,86.66,69.90
79.21,79.21,72.44,83.70,71.09
79.73,79.73,71.59,78.27,68.88
78.28,78.28,70.34,85.48,69.64
78.63,78.63,71.03,79.76,70.51
81.21,81.21,71.74,82.13,68.57
79.20,79.20,73.33,78.48,66.97
78.26,78.26,83.66,77.99,66.55
80.57,80.57,90.14,75.98,64.43
80.99,80.99,88.62,72.44,65.88
78.70,78.70,82.44,75.50,68.15
82.09,82.09,82.70,81.14,71.46
81.78,81.78,81.42,81.48,72.47
82.94,82.94,78.94,81.27,70.38
80.11,80.11,76.57,81.41,70.94
82.48,82.48,77.15,80.37,72.50
82.39,82.39,75.81,82.19,71.76
83.76,83.76,75.00,82.21,70.48
82.85,82.85,75.86,81.07,70.68
85.13,85.13,73.98,82.34,71.82
84.63,84.63,73.34,81.44,73.14
80.77,80.77,73.94,82.86,73.73
83.76,83.76,73.16,80.87,73.83
84.08,84.08,74.18,81.17,73.51
83.34,83.34,75.21,80.70,71.74
86.49,86.49,76.75,81.73,70.85
85.59,85.59,77.00,80.68,70.77
84.99,84.99,75.42,78.81,70.70
80.72,80.72,73.49,81.39,69.09
79.21,79.21,73.07,81.56,70.18
74.69,74.69,72.82,83.22,71.27
76.16,76.16,71.66,85.96,73.42
76.56,76.56,69.95,84.71,72.41
76.52,76.52,69.74,84.29,71.57
76.90,76.90,69.51,85.02,71.05
74.57,74.57,69.46,86.50,72.26
69.29,69.29,68.63,86.59,71.06
68.42,68.42,70.49,86.86,71.95
63.64,63.64,70.13,84.30,70.68
65.31,65.31,70.72,85.57,70.82
67.30,67.30,74.71,80.94,70.23
74.87,74.87,78.12,72.93,68.58
77.45,77.45,88.06,75.14,67.11
75.95,75.95,87.86,70.49,64.66
76.78,76.78,88.54,71.40,63.02
76.58,76.58,81.76,78.86,61.48
81.25,81.25,76.83,80.63,63.62
78.85,78.85,82.88,82.21,64.34
81.24,81.24,80.95,83.03,65.79
84.50,84.50,74.83,83.59,65.51
85.49,85.49,73.70,81.27,65.81
80.83,80.83,75.11,82.13,65.51
78.22,78.22,71.22,82.34,67.10
85.20,85.20,70.74,81.35,66.77
84.28,84.28,69.47,82.82,67.68
83.17,83.17,66.95,81.71,67.24
83.78,83.78,64.43,83.13,65.30
82.02,82.02,65.73,73.24,65.18
81.53,81.53,65.91,74.80,65.59
80.65,80.65,77.43,78.07,70.22
81.68,81.68,79.45,84.96,70.77
78.18,78.18,77.98,86.59,72.15
81.22,81.22,77.04,84.68,71.28
81.14,81.14,76.31,84.51,71.65
78.60,78.60,74.81,85.06,68.80
80.21,80.21,74.57,85.03,66.63
79.92,79.92,74.54,84.75,71.01
80.66,80.66,75.16,84.21,71.13
77.92,77.92,72.86,82.06,70.78
77.98,77.98,72.90,82.76,70.40
74.69,74.69,73.54,83.27,69.87
78.20,78.20,72.77,83.64,69.70
74.08,74.08,72.76,84.82,68.11
76.80,76.80,74.11,82.79,64.88
75.07,75.07,77.00,78.85,62.80
81.61,81.61,81.34,69.89,63.29
79.60,79.60,92.68,67.57,61.10
81.48,81.48,86.69,75.11,64.05
79.74,79.74,84.70,83.22,66.25
83.31,83.31,79.81,82.48,66.38
82.52,82.52,83.79,83.13,65.56
80.47,80.47,81.56,83.17,64.47
78.29,78.29,76.34,81.39,65.84
81.05,81.05,74.44,81.23,66.03
83.90,83.90,72.89,83.34,64.77
84.56,84.56,70.21,81.80,64.68
85.51,85.51,70.69,82.37,64.93
82.86,82.86,67.52,81.30,66.67
79.91,79.91,68.37,82.52,67.66
82.43,82.43,68.13,82.40,67.87
82.54,82.54,67.51,81.92,68.64
81.21,81.21,67.75,81.71,68.33
83.98,83.98,69.59,83.00,68.39
81.94,81.94,78.71,81.26,69.34
82.36,82.36,78.67,78.56,66.44
80.41,80.41,78.00,68.97,69.59
81.13,81.13,77.12,77.49,75.08
77.61,77.61,75.93,79.75,75.48
77.34,77.34,74.64,80.04,74.89
74.18,74.18,74.77,82.26,72.53
70.52,70.52,74.28,82.84,71.75
78.15,78.15,73.82,80.92,71.79
76.68,76.68,72.80,81.17,72.57
77.63,77.63,74.09,80.82,72.57
79.09,79.09,73.20,83.39,69.43
78.65,78.65,72.96,80.45,67.76
73.18,73.18,70.79,81.21,68.75
78.30,78.30,70.40,78.59,69.90
74.96,74.96,71.90,79.51,70.96
77.15,77.15,73.84,75.20,68.39
77.68,77.68,85.76,77.31,66.59
74.08,74.08,90.46,71.40,64.14
82.38,82.38,85.86,74.98,61.46
85.20,85.20,81.73,81.49,63.70
84.90,84.90,81.25,84.36,65.28
80.39,80.39,81.92,83.26,65.61
80.06,80.06,80.97,84.60,65.10
79.79,79.79,77.49,83.37,65.83
83.47,83.47,75.46,81.15,64.58
86.63,86.63,70.85,81.79,63.18
86.79,86.79,69.47,81.69,64.17
84.69,84.69,73.56,81.47,64.93
82.43,82.43,67.54,82.71,66.36
83.64,83.64,66.70,81.86,63.87
81.99,81.99,65.67,83.85,62.84
77.60,77.60,60.52,83.40,64.33
78.91,78.91,62.60,83.51,64.83
78.43,78.43,68.18,75.51,69.08
79.81,79.81,69.72,77.84,73.40
79.82,79.82,69.76,78.88,73.98
81.71,81.71,69.29,77.42,72.31
81.73,81.73,67.70,73.66,71.18
81.50,81.50,66.28,78.44,70.59
80.96,80.96,63.98,76.11,72.55
81.30,81.30,63.51,77.38,73.82
81.88,81.88,62.53,73.59,73.61
80.42,80.42,66.65,76.87,73.45
81.42,81.42,70.23,80.68,73.83
80.09,80.09,63.60,79.88,72.12
80.93,80.93,61.95,82.49,71.04
81.32,81.32,59.96,82.16,69.34
80.41,80.41,60.83,83.13,69.95
79.33,79.33,66.00,81.34,72.87
79.49,79.49,75.37,80.96,70.85
81.51,81.51,81.01,77.55,73.23
81.98,81.98,89.56,76.17,71.90
84.14,84.14,88.19,71.27,73.88
85.72,85.72,81.64,74.74,75.26
85.16,85.16,82.03,80.31,75.37
81.19,81.19,82.46,83.08,73.82
79.68,79.68,83.14,83.48,73.39
80.78,80.78,78.17,82.76,74.01
80.27,80.27,77.30,83.64,73.44
85.19,85.19,76.14,81.85,73.96
87.87,87.87,75.51,81.85,72.22
86.90,86.90,75.89,81.52,73.39
87.49,87.49,74.83,81.57,72.58
86.19,86.19,73.88,82.57,70.04
86.61,86.61,74.42,81.05,71.72
85.66,85.66,73.10,81.10,69.39
82.30,82.30,73.01,81.27,70.80
77.71,77.71,75.69,81.00,72.02
76.53,76.53,78.95,80.69,70.45
82.42,82.42,78.75,76.80,74.50
85.37,85.37,77.62,78.04,73.78
83.32,83.32,77.08,82.30,76.03
83.60,83.60,77.04,77.57,73.78
80.21,80.21,75.90,81.54,74.73
79.08,79.08,76.09,82.96,73.39
79.46,79.46,74.66,81.35,72.29
79.90,79.90,74.89,81.43,71.78
80.56,80.56,73.98,81.45,72.09
75.85,75.85,74.14,83.94,73.37
78.95,78.95,73.17,84.94,74.19
79.31,79.31,73.48,84.96,73.43
80.95,80.95,71.53,81.58,73.07
84.56,84.56,72.93,80.33,71.75
84.88,84.88,76.23,78.16,69.34
84.41,84.41,81.77,77.28,71.16
77.82,77.82,88.81,76.49,68.83
78.06,78.06,86.99,68.05,69.76
79.66,79.66,86.53,60.78,69.61
82.13,82.13,82.44,77.24,70.01
77.33,77.33,80.88,78.43,69.44
77.83,77.83,84.90,82.22,66.76
81.82,81.82,80.97,82.56,69.13
82.44,82.44,72.29,82.99,66.20
78.75,78.75,74.24,83.06,69.38
76.98,76.98,72.75,83.82,69.41
78.62,78.62,72.63,83.01,70.74
81.07,81.07,71.63,83.13,71.06
80.20,80.20,70.59,83.65,71.16
80.78,80.78,67.23,82.83,70.84
79.47,79.47,67.32,83.14,69.96
80.17,80.17,67.88,81.14,70.10
79.17,79.17,73.53,83.30,69.82
80.83,80.83,77.54,79.60,72.07
78.14,78.14,76.44,82.58,72.03
77.47,77.47,76.41,84.32,71.61
77.63,77.63,74.55,84.86,71.89
78.69,78.69,74.70,83.46,72.40
79.55,79.55,74.65,81.67,73.56
82.06,82.06,73.15,80.76,74.21
75.77,75.77,73.19,80.35,72.04
72.54,72.54,72.68,82.65,71.67
67.63,67.63,72.40,83.51,71.21
66.67,66.67,72.44,85.71,70.29
66.12,66.12,72.30,84.97,72.19
64.53,64.53,71.25,83.80,73.58
67.15,67.15,71.38,82.92,75.16
63.13,63.13,71.23,81.53,72.23
63.81,63.81,75.62,77.10,69.24
67.33,67.33,79.95,71.22,67.73
75.50,75.50,91.27,72.03,66.62
77.73,77.73,89.96,65.83,71.78
82.65,82.65,84.39,78.93,71.62
81.18,81.18,80.72,79.38,72.64
81.70,81.70,81.31,79.22,70.89
80.26,80.26,79.43,80.25,70.25
80.78,80.78,78.68,81.78,69.70
83.08,83.08,77.23,78.80,73.33
80.54,80.54,76.26,78.35,72.58
80.72,80.72,74.97,80.46,72.66
81.91,81.91,75.91,79.27,70.88
79.95,79.95,75.61,80.60,71.10
82.47,82.47,75.08,78.49,71.82
79.02,79.02,75.74,79.67,72.42
81.84,81.84,74.23,82.05,73.63
79.49,79.49,74.49,80.87,74.27
79.52,79.52,73.45,81.45,73.37
77.22,77.22,77.35,80.66,72.00
77.58,77.58,79.18,82.68,72.05
79.33,79.33,77.09,83.21,73.36
75.42,75.42,77.51,81.01,73.38
71.37,71.37,76.54,79.72,71.42
68.53,68.53,76.84,78.48,69.23
68.13,68.13,76.51,81.80,69.50
65.02,65.02,76.23,81.38,69.74
65.41,65.41,75.56,74.06,70.63
67.91,67.91,76.89,76.71,71.54
70.03,70.03,76.19,78.32,71.71
67.35,67.35,74.86,79.68,70.44
63.53,63.53,74.21,83.09,70.20
62.74,62.74,73.63,82.70,71.99
63.30,63.30,74.84,81.79,69.33
59.18,59.18,75.65,79.06,67.34
64.65,64.65,79.75,73.22,62.85
72.49,72.49,86.84,75.12,60.25
75.48,75.48,90.89,74.50,57.38
77.37,77.37,87.22,72.55,58.63
81.34,81.34,83.24,78.84,61.05
84.19,84.19,84.40,81.69,61.43
83.84,83.84,80.99,83.35,64.56
83.29,83.29,80.94,80.22,65.47
77.32,77.32,79.76,79.36,66.97
83.41,83.41,71.67,81.33,67.41
83.53,83.53,70.64,83.90,66.35
81.65,81.65,69.75,82.31,65.23
84.11,84.11,68.84,80.12,64.37
74.06,74.06,68.76,83.57,62.69
69.72,69.72,66.67,82.64,65.07
67.97,67.97,65.91,82.97,67.51
69.30,69.30,65.91,80.58,65.44
68.32,68.32,69.66,80.88,66.06
70.65,70.65,78.30,82.49,67.16
78.33,78.33,78.06,84.62,68.15
82.03,82.03,77.28,79.89,65.61
79.35,79.35,76.31,78.46,66.56
83.91,83.91,75.38,79.45,66.45
83.65,83.65,74.38,80.20,68.38
80.29,80.29,74.04,79.90,69.05
85.44,85.44,72.93,75.94,68.41
83.94,83.94,72.76,72.76,67.78
80.68,80.68,72.65,81.34,68.17
83.52,83.52,72.80,82.60,68.48
84.69,84.69,71.28,76.82,66.69
84.50,84.50,70.28,81.35,67.86
86.76,86.76,70.95,74.31,66.91
82.31,82.31,70.64,77.55,66.91
77.55,77.55,72.10,69.33,64.25
77.35,77.35,76.19,62.04,61.62
76.72,76.72,88.51,63.43,65.16
76.76,76.76,89.08,67.42,64.67
79.96,79.96,86.22,72.03,69.30
78.81,78.81,83.12,79.88,69.50
77.93,77.93,79.13,83.26,67.21
78.73,78.73,80.13,80.88,69.91
77.34,77.34,82.96,84.75,70.47
77.35,77.35,72.05,86.78,70.79
78.46,78.46,75.11,84.11,71.28
77.79,77.79,71.65,86.33,69.32
78.90,78.90,72.78,87.69,70.07
76.97,76.97,71.37,84.72,68.95
79.00,79.00,67.52,84.51,68.15
78.80,78.80,64.32,86.57,67.37
79.74,79.74,64.98,85.99,70.88
77.81,77.81,65.92,86.36,69.49
75.14,75.14,68.35,85.96,67.29
75.88,75.88,69.04,85.07,69.30
78.20,78.20,75.60,85.75,69.51
77.80,77.80,74.83,85.80,67.30
73.22,73.22,75.15,84.65,68.47
76.72,76.72,73.97,86.56,72.02
78.47,78.47,73.58,88.03,70.98
73.51,73.51,73.04,85.08,71.34
74.14,74.14,73.92,80.93,69.43
75.05,75.05,72.90,81.73,69.07
70.77,70.77,70.57,71.70,67.24
63.91,63.91,70.91,56.92,61.36
60.94,60.94,69.81,49.16,63.63
57.82,57.82,69.64,48.23,62.75
57.09,57.09,69.95,43.71,60.55
56.78,56.78,69.37,41.34,57.37
53.58,53.58,69.30,36.99,54.23
46.88,46.88,70.44,28.06,49.13
44.54,44.54,78.39,17.45,53.89
41.67,41.67,92.78,12.93,52.48
41.02,41.02,89.84,25.85,46.43
44.31,44.31,87.35,30.90,46.22
52.54,52.54,84.54,28.73,49.93
55.38,55.38,78.33,20.20,47.95
58.47,58.47,85.70,8.00,50.48
56.14,56.14,85.54,8.28,54.85
52.96,52.96,74.66,15.57,59.50
49.67,49.67,75.66,19.20,62.30
47.48,47.48,73.01,18.72,63.24
44.22,44.22,70.78,9.08,60.91
44.90,44.90,70.90,23.08,62.34
48.34,48.34,69.53,30.98,59.01
44.07,44.07,64.05,35.21,60.14
40.64,40.64,64.35,37.81,55.95
42.30,42.30,65.63,39.32,55.59
47.21,47.21,68.34,39.71,56.87
43.32,43.32,75.28,39.09,57.45
48.10,48.10,75.51,37.94,56.52
48.35,48.35,74.43,34.66,53.58
46.77,46.77,73.54,35.86,49.07
44.78,44.78,73.12,37.30,48.26
43.13,43.13,73.58,37.08,47.88
40.60,40.60,72.57,34.18,53.07
37.97,37.97,71.01,33.65,56.89
35.31,35.31,71.48,32.24,58.60
34.78,34.78,70.64,34.86,58.49
25.13,25.13,70.10,34.79,54.88
25.36,25.36,68.94,31.94,55.23
31.35,31.35,69.69,27.91,52.14
33.74,33.74,70.21,24.48,48.83
30.03,30.03,69.08,19.23,47.80
25.88,25.88,69.92,12.40,47.78
18.01,18.01,68.44,3.39,54.03
11.99,11.99,86.11,0.03,64.58
15.39,15.39,88.60,0.33,56.31
9.01,9.01,89.56,0.89,54.65
12.74,12.74,87.33,0.05,54.61
21.15,21.15,80.02,-0.00,54.49
20.61,20.61,84.37,-0.00,54.10
20.06,20.06,84.68,-0.00,53.69
17.14,17.14,77.78,0.03,53.25
15.91,15.91,74.93,2.17,56.85
12.12,12.12,74.10,6.78,56.64
16.98,16.98,70.75,10.81,54.07
21.86,21.86,72.18,11.45,51.64
28.42,28.42,68.00,10.99,47.48
27.82,27.82,66.02,16.78,48.85
25.24,25.24,67.04,16.92,50.56
22.87,22.87,65.26,20.42,51.05
19.71,19.71,65.56,22.13,52.25
16.85,16.85,78.29,22.93,59.21
4.87,4.87,76.35,20.26,58.25
4.45,4.45,74.91,12.66,58.51
9.33,9.33,74.37,6.01,56.74
15.71,15.71,74.06,8.80,56.32
26.60,26.60,73.86,15.15,55.78
21.12,21.12,74.08,20.36,55.57
19.75,19.75,73.02,18.16,54.74
22.40,22.40,72.17,19.01,56.02
20.97,20.97,71.58,20.38,57.88
23.96,23.96,70.22,22.68,55.73
28.51,28.51,69.41,19.36,55.70
30.92,30.92,69.10,20.39,51.50
30.20,30.20,67.71,18.52,45.18
25.99,25.99,67.27,11.93,39.87
19.63,19.63,66.90,5.42,34.10
13.68,13.68,73.29,0.54,42.43
17.62,17.62,91.13,3.48,47.70
40.07,40.07,89.43,19.92,46.39
58.75,58.75,87.69,27.00,50.80
73.23,73.23,85.57,27.43,56.08
78.25,78.25,80.61,21.59,55.09
78.64,78.64,83.97,5.62,55.96
79.37,79.37,83.59,-0.00,58.87
79.26,79.26,76.00,-0.00,65.25
79.48,79.48,78.28,-0.00,65.80
79.76,79.76,74.75,-0.00,62.43
79.97,79.97,75.98,-0.00,60.55
78.97,78.97,74.26,0.02,63.06
79.75,79.75,72.01,4.60,65.05
80.67,80.67,69.25,16.94,64.16
81.83,81.83,70.09,27.06,58.77
81.26,81.26,69.67,34.96,56.64
82.19,82.19,67.81,38.28,58.58
81.48,81.48,73.03,37.19,62.45
82.05,82.05,74.95,30.41,65.78
85.89,85.89,74.46,26.68,64.19
86.21,86.21,74.13,35.13,63.25
84.01,84.01,72.63,38.46,62.02
82.61,82.61,72.52,34.84,61.92
82.70,82.70,72.12,37.99,58.82
82.97,82.97,71.69,37.26,55.37
82.11,82.11,71.48,38.07,57.87
80.88,80.88,71.57,41.43,62.95
79.32,79.32,69.90,40.30,65.78
82.01,82.01,70.44,41.91,65.41
79.87,79.87,70.63,40.29,65.42
80.92,80.92,69.99,44.63,66.18
80.32,80.32,70.45,46.42,63.12
75.38,75.38,68.14,44.02,53.50
74.74,74.74,68.68,43.75,48.28
70.80,70.80,69.76,62.01,54.30
72.28,72.28,87.73,77.71,63.76
67.07,67.07,86.50,83.66,66.04
70.99,70.99,86.34,82.54,66.62
69.93,69.93,79.51,88.01,66.83
71.03,71.03,71.95,86.46,63.85
71.91,71.91,83.15,81.08,64.42
70.96,70.96,80.36,86.92,67.39
69.38,69.38,71.74,81.88,67.48
70.47,70.47,63.47,83.89,68.62
70.87,70.87,67.78,86.70,68.57
71.85,71.85,67.09,82.42,68.56
70.06,70.06,68.33,83.51,66.83
68.02,68.02,64.75,85.48,67.54
68.94,68.94,62.24,86.12,68.42
69.16,69.16,60.76,80.80,69.51
69.82,69.82,62.40,85.60,69.41
68.73,68.73,71.72,81.36,71.84
66.30,66.30,76.72,81.48,70.49
66.91,66.91,75.74,82.82,71.62
67.76,67.76,74.70,82.63,71.62
66.93,66.93,75.12,80.83,72.03
65.10,65.10,74.42,82.80,73.05
60.46,60.46,74.04,83.72,72.67
59.11,59.11,73.11,82.76,71.54
60.34,60.34,72.26,83.90,73.26
62.17,62.17,71.80,81.79,70.74
57.21,57.21,71.51,80.68,72.38
55.16,55.16,70.81,79.63,72.56
52.10,52.10,70.46,75.19,71.71
53.87,53.87,70.20,79.78,72.63
44.27,44.27,67.84,70.62,61.73
35.64,35.64,67.23,49.66,54.51
34.80,34.80,66.30,47.96,49.88
33.78,33.78,74.12,37.65,55.40
26.27,26.27,88.53,24.46,51.71
27.52,27.52,91.38,17.47,45.23
26.61,26.61,89.00,25.47,44.88
30.30,30.30,85.28,39.06,45.06
27.99,27.99,80.14,44.93,42.58
30.56,30.56,83.35,40.27,41.86
30.55,30.55,84.22,28.13,47.40
29.55,29.55,79.31,15.79,53.45
27.90,27.90,74.57,0.88,58.48
20.39,20.39,70.99,0.19,59.41
14.77,14.77,70.55,0.04,61.05
13.30,13.30,73.85,1.55,60.59
17.93,17.93,67.94,5.30,59.08
23.42,23.42,67.41,14.39,57.13
27.17,27.17,66.97,19.65,55.69
23.31,23.31,62.68,23.06,53.46
22.34,22.34,60.55,22.48,54.03
26.32,26.32,75.46,19.76,59.20
24.31,24.31,75.63,17.49,59.79
15.24,15.24,75.40,21.08,57.27
16.88,16.88,74.58,19.27,56.15
25.42,25.42,73.75,24.58,55.48
27.06,27.06,72.47,25.71,51.53
27.91,27.91,72.65,23.67,49.64
27.94,27.94,72.18,29.85,51.19
23.51,23.51,71.44,21.91,53.32
16.33,16.33,70.85,24.57,56.90
8.98,8.98,70.17,21.39,56.87
6.14,6.14,69.72,16.60,57.06
7.65,7.65,69.77,13.36,51.53
18.28,18.28,68.40,15.28,50.33
22.29,22.29,69.74,10.90,47.09
18.41,18.41,69.07,5.81,44.78
9.40,9.40,68.60,0.54,46.73
4.97,4.97,80.53,0.00,59.19
2.64,2.64,92.36,-0.00,57.32
2.89,2.89,89.21,-0.00,54.80
5.07,5.07,86.36,-0.00,56.90
4.25,4.25,83.98,-0.00,57.94
3.77,3.77,83.26,0.00,57.30
6.53,6.53,84.44,0.01,64.26
11.42,11.42,81.67,1.41,69.42
14.06,14.06,75.18,5.57,64.61
15.08,15.08,73.68,9.56,63.78
18.36,18.36,74.84,10.52,68.18
31.18,31.18,75.85,9.74,64.38
38.75,38.75,72.36,11.43,62.68
31.29,31.29,69.60,17.65,62.01
27.48,27.48,70.36,21.81,61.18
18.90,18.90,71.07,20.60,58.36
4.60,4.60,73.05,14.12,57.03
11.22,11.22,84.86,3.53,60.99
9.35,9.35,84.93,0.13,64.14
17.66,17.66,83.75,0.07,65.62
13.55,13.55,82.80,0.18,69.14
8.78,8.78,83.05,0.84,68.29
17.73,17.73,83.86,13.28,69.05
20.13,20.13,82.93,20.82,73.75
19.91,19.91,83.53,23.98,74.31
10.03,10.03,83.72,19.20,70.28
6.80,6.80,82.01,11.79,66.30
5.56,5.56,86.05,17.93,67.36
13.36,13.36,84.60,25.50,65.70
20.62,20.62,84.00,23.28,66.50
20.70,20.70,81.03,18.11,62.80
26.69,26.69,80.63,33.50,60.32
30.73,30.73,80.90,39.75,60.54
28.46,28.46,82.58,55.65,62.41
28.66,28.66,83.65,65.13,66.85
31.58,31.58,89.19,76.37,68.44
36.21,36.21,85.72,73.90,72.11
49.82,49.82,86.13,80.74,66.96
56.05,56.05,85.95,80.76,64.99
64.58,64.58,83.44,83.13,64.97
75.93,75.93,84.31,79.20,63.04
79.02,79.02,85.75,78.97,63.49
79.22,79.22,80.71,75.87,64.81
79.32,79.32,79.53,74.83,67.44
79.48,79.48,80.23,66.63,68.61
79.51,79.51,78.25,70.97,66.83
76.29,76.29,77.24,77.59,65.17
76.59,76.59,72.38,77.91,63.96
75.53,75.53,70.75,81.98,66.47
73.98,73.98,72.44,81.46,64.70
74.75,74.75,75.38,82.03,64.72
75.68,75.68,81.52,78.95,61.13
72.59,72.59,85.90,75.55,57.17
69.47,69.47,82.67,73.79,58.70
65.91,65.91,80.77,79.81,62.83
65.28,65.28,78.83,82.25,64.75
61.47,61.47,78.93,80.30,62.31
60.33,60.33,77.40,77.50,63.63
62.21,62.21,77.60,84.72,67.26
64.88,64.88,77.62,80.34,69.94
67.08,67.08,77.16,84.40,70.10
68.12,68.12,78.58,80.48,73.72
68.78,68.78,78.80,82.98,72.82
69.35,69.35,77.60,82.66,71.46
70.39,70.39,77.90,80.66,71.86
71.70,71.70,77.16,79.66,68.37
71.49,71.49,76.06,76.92,68.82
71.35,71.35,76.67,77.84,65.91
67.39,67.39,77.58,67.08,61.89
70.70,70.70,85.42,67.49,66.63
69.04,69.04,88.86,73.50,61.25
76.27,76.27,89.43,74.01,63.39
78.00,78.00,86.49,80.68,62.74
78.32,78.32,80.27,81.16,60.40
79.57,79.57,82.28,83.99,61.88
82.48,82.48,81.19,83.67,60.51
79.92,79.92,79.26,84.17,58.84
81.93,81.93,78.68,83.10,59.10
79.73,79.73,76.81,82.81,58.66
81.32,81.32,77.16,83.69,56.58
82.78,82.78,77.68,82.94,57.78
83.18,83.18,76.77,82.03,57.92
82.10,82.10,77.55,81.17,59.17
82.87,82.87,76.83,83.63,57.60
81.95,81.95,76.23,81.99,57.12
82.24,82.24,76.44,82.34,58.03
82.13,82.13,76.92,82.48,58.80
81.13,81.13,77.45,81.97,60.04
80.18,80.18,77.23,82.61,55.83
79.53,79.53,75.75,82.45,54.43
77.33,77.33,75.94,82.93,55.53
78.86,78.86,74.83,81.65,56.99
78.64,78.64,74.92,82.27,57.27
78.21,78.21,75.25,82.86,57.28
78.06,78.06,74.62,82.29,58.09
79.86,79.86,73.89,82.33,58.29
79.43,79.43,73.03,82.57,60.34
77.02,77.02,72.77,82.08,62.11
75.24,75.24,73.47,82.56,62.45
76.67,76.67,73.46,81.26,61.21
79.11,79.11,73.64,80.90,62.70
79.22,79.22,73.81,78.90,60.45
79.04,79.04,79.11,73.68,60.27
74.71,74.71,89.94,75.86,62.60
73.29,73.29,89.86,69.38,57.80
76.17,76.17,85.90,62.25,55.22
76.94,76.94,84.93,62.52,53.58
78.51,78.51,80.54,61.53,52.12
78.99,78.99,86.46,56.04,47.87
75.34,75.34,81.54,59.16,49.79
67.59,67.59,76.72,59.15,47.68
64.37,64.37,73.73,50.83,47.41
62.66,62.66,74.82,53.99,46.12
56.31,56.31,73.60,49.68,42.05
58.66,58.66,72.52,51.17,42.40
57.26,57.26,71.73,51.37,39.27
60.45,60.45,69.68,54.09,37.85
73.49,73.49,67.63,51.19,36.01
76.82,76.82,66.60,47.57,33.24
76.78,76.78,64.88,47.45,36.89
74.50,74.50,68.61,48.84,48.14
79.66,79.66,71.34,58.60,58.66
82.46,82.46,73.82,56.76,61.86
84.57,84.57,74.42,58.89,62.49
81.79,81.79,73.59,87.83,63.39
82.26,82.26,72.41,87.90,60.81
82.82,82.82,72.55,88.20,58.66
83.95,83.95,72.02,85.86,57.96
84.26,84.26,69.98,86.26,56.72
84.28,84.28,69.52,85.14,55.94
83.93,83.93,69.67,85.33,55.49
83.62,83.62,69.13,84.71,55.74
84.03,84.03,69.14,84.19,54.95
83.49,83.49,68.21,85.32,55.24
83.27,83.27,69.95,83.06,53.56
84.48,84.48,69.32,79.25,54.29
83.10,83.10,77.78,67.08,59.33
81.02,81.02,91.03,68.39,59.22
81.57,81.57,89.21,66.42,55.66
78.86,78.86,89.45,62.32,54.50
78.16,78.16,81.85,55.41,54.30
77.92,77.92,80.21,42.51,54.70
79.07,79.07,87.12,33.33,54.46
76.10,76.10,82.10,26.70,51.92
75.17,75.17,74.94,23.68,52.47
75.47,75.47,75.11,19.86,56.44
77.29,77.29,74.32,21.40,57.74
76.95,76.95,70.13,21.79,56.81
76.84,76.84,67.50,24.54,55.69
73.08,73.08,70.24,26.89,57.61
72.29,72.29,67.63,28.82,59.75
71.55,71.55,68.65,39.09,56.54
74.00,74.00,67.12,38.08,55.43
74.24,74.24,61.90,35.38,58.11
75.43,75.43,66.77,47.09,61.87
75.39,75.39,74.09,57.23,62.14
76.42,76.42,74.47,54.16,61.26
73.52,73.52,73.67,75.34,62.39
70.23,70.23,71.69,89.78,62.68
71.87,71.87,72.26,90.41,61.29
73.08,73.08,71.19,88.20,62.76
74.29,74.29,69.86,88.08,62.45
76.43,76.43,66.91,87.60,61.51
76.56,76.56,66.62,86.55,60.16
76.72,76.72,66.24,86.85,62.77
74.99,74.99,63.32,85.53,61.37
75.85,75.85,61.02,85.11,61.45
75.54,75.54,60.45,86.01,60.39
74.08,74.08,60.10,84.86,57.03
75.14,75.14,62.60,85.67,51.59
76.83,76.83,69.73,85.45,44.46
75.40,75.40,80.78,80.10,51.03
70.59,70.59,91.27,76.06,58.33
66.27,66.27,87.84,65.47,57.33
64.18,64.18,85.85,50.25,59.53
69.14,69.14,82.62,52.11,61.75
65.44,65.44,81.26,43.58,62.08
59.15,59.15,85.43,34.31,60.70
52.46,52.46,82.80,25.01,61.61
55.07,55.07,76.65,16.42,60.48
51.70,51.70,76.11,17.67,57.61
47.50,47.50,74.42,19.02,56.32
49.19,49.19,71.45,15.97,54.08
45.23,45.23,69.72,18.29,54.83
45.87,45.87,68.54,19.07,54.65
46.48,46.48,68.15,26.54,52.31
43.06,43.06,63.26,27.12,50.07
45.58,45.58,65.97,29.78,47.53
43.93,43.93,60.63,32.85,45.12
41.51,41.51,71.89,30.53,46.88
42.63,42.63,73.87,39.51,44.30
39.80,39.80,73.37,33.53,44.30
40.13,40.13,72.33,28.48,43.92
39.53,39.53,72.83,27.85,42.12
38.40,38.40,72.06,29.68,41.53
41.79,41.79,71.22,29.08,40.55
43.08,43.08,70.94,30.96,37.40
43.20,43.20,69.57,31.22,37.07
42.85,42.85,69.93,37.65,35.06
42.77,42.77,68.30,34.38,34.20
42.87,42.87,67.20,30.07,34.58
41.06,41.06,66.40,31.05,34.61
39.65,39.65,65.10,31.12,33.96
32.73,32.73,65.01,27.87,34.22
24.89,24.89,63.92,10.99,42.02
23.98,23.98,73.46,1.42,58.50
12.35,12.35,92.90,4.41,56.09
18.74,18.74,87.89,5.01,55.04
15.85,15.85,87.28,0.33,56.30
10.28,10.28,82.95,-0.00,60.08
13.92,13.92,80.31,-0.00,63.41
16.36,16.36,86.18,-0.00,62.34
15.67,15.67,81.00,-0.00,56.40
15.07,15.07,73.09,-0.00,55.20
13.18,13.18,74.32,-0.00,58.75
12.66,12.66,73.84,-0.00,56.61
13.15,13.15,69.03,-0.00,60.30
13.89,13.89,61.98,-0.00,60.09
12.64,12.64,65.95,-0.00,56.68
17.55,17.55,65.19,0.05,55.42
18.73,18.73,60.07,1.03,54.06
18.96,18.96,61.91,7.23,52.92
19.43,19.43,63.97,23.42,56.84
12.34,12.34,74.22,37.59,57.26
14.96,14.96,73.53,51.57,57.29
16.25,16.25,73.46,65.18,60.58
20.84,20.84,72.74,76.98,62.02
27.16,27.16,71.85,88.81,64.04
28.55,28.55,71.20,88.30,62.62
24.59,24.59,70.91,87.47,62.64
23.61,23.61,69.94,86.75,63.45
24.21,24.21,69.13,86.12,62.95
23.19,23.19,68.43,85.81,62.73
24.81,24.81,67.14,84.86,62.19
27.46,27.46,68.15,84.90,61.68
27.34,27.34,67.22,84.54,61.68
28.18,28.18,66.18,84.42,60.34
21.68,21.68,66.18,84.60,61.42
15.69,15.69,67.94,84.02,55.88
10.62,10.62,75.51,80.49,52.17
10.95,10.95,88.53,78.07,53.36
7.31,7.31,90.10,76.40,53.60
15.76,15.76,87.72,80.97,52.78
28.52,28.52,84.54,79.15,52.03
30.26,30.26,79.64,75.56,54.54
28.27,28.27,83.56,65.24,51.98
36.59,36.59,83.93,56.13,54.59
33.75,33.75,79.17,51.44,54.12
41.75,41.75,75.06,45.25,55.86
42.81,42.81,74.32,48.28,53.55
43.96,43.96,72.28,46.93,49.99
49.68,49.68,73.97,39.65,50.02
56.63,56.63,69.08,37.21,48.32
56.87,56.87,69.84,41.14,47.63
59.06,59.06,69.07,39.67,46.90
63.90,63.90,65.74,35.19,44.82
63.92,63.92,66.21,39.54,48.39
64.44,64.44,71.21,51.80,56.90
61.05,61.05,72.41,59.95,63.09
58.40,58.40,73.12,56.57,66.11
56.61,56.61,72.61,75.16,66.48
56.48,56.48,71.14,86.39,66.50
54.72,54.72,70.42,86.15,68.01
51.30,51.30,69.48,82.95,66.09
45.10,45.10,68.67,82.87,61.37
50.93,50.93,67.99,84.33,58.99
51.83,51.83,68.05,83.33,59.22
57.55,57.55,65.62,84.45,58.93
66.03,66.03,66.33,82.75,57.18
76.24,76.24,65.80,82.92,56.77
78.45,78.45,64.66,82.49,54.03
79.45,79.45,64.88,82.37,54.35
80.20,80.20,67.61,82.33,52.48
78.53,78.53,77.78,78.43,51.39
70.01,70.01,89.59,76.96,52.81
75.24,75.24,85.55,78.09,46.74
79.04,79.04,88.65,78.47,48.18
81.13,81.13,86.67,74.13,50.50
80.07,80.07,74.36,64.25,53.90
77.07,77.07,82.08,53.75,53.98
74.30,74.30,84.13,48.39,55.86
76.23,76.23,75.16,43.25,58.96
77.60,77.60,74.64,31.55,59.01
76.09,76.09,72.30,38.02,56.49
73.03,73.03,68.26,36.28,50.17
77.17,77.17,69.01,25.76,44.84
80.76,80.76,65.04,24.44,42.13
83.25,83.25,63.34,25.48,41.18
83.80,83.80,62.09,19.47,32.76
83.16,83.16,65.08,18.80,34.55
81.27,81.27,60.00,25.20,39.88
78.11,78.11,64.21,35.16,42.34
81.51,81.51,74.83,48.81,39.73
82.50,82.50,74.01,52.58,35.17
80.40,80.40,73.77,53.37,41.09
77.77,77.77,73.01,82.68,43.44
78.53,78.53,71.64,85.33,46.09
81.08,81.08,69.47,86.77,43.26
79.34,79.34,68.87,85.67,42.68
66.57,66.57,67.04,83.72,37.89
65.25,65.25,64.07,85.42,40.59
68.56,68.56,62.88,84.85,41.39
71.80,71.80,61.78,82.52,43.31
72.84,72.84,61.64,83.21,45.46
70.26,70.26,58.90,84.23,45.01
66.15,66.15,57.40,83.99,45.34
62.06,62.06,57.69,82.30,40.69
54.15,54.15,64.95,82.73,31.25
51.80,51.80,71.66,80.88,29.44
61.39,61.39,89.23,77.33,35.89
65.90,65.90,87.12,73.55,40.99
76.45,76.45,87.15,67.82,36.93
78.75,78.75,85.28,60.10,36.31
79.56,79.56,81.38,62.22,37.74
78.94,78.94,83.40,50.57,38.19
78.40,78.40,83.33,41.81,41.75
76.86,76.86,76.40,43.43,44.88
77.58,77.58,76.61,38.41,45.12
75.41,75.41,73.76,39.68,45.15
72.74,72.74,71.55,39.71,42.38
62.96,62.96,74.15,39.57,37.30
61.28,61.28,69.17,39.94,38.88
61.24,61.24,65.30,39.29,38.13
61.08,61.08,66.19,34.93,38.69
59.49,59.49,65.84,24.50,41.61
58.93,58.93,64.94,28.09,38.43
58.60,58.60,72.79,28.35,32.45
69.78,69.78,73.44,29.80,33.59
80.28,80.28,74.81,32.25,37.37
82.30,82.30,72.95,29.02,38.85
81.91,81.91,72.43,25.52,42.19
78.11,78.11,71.90,23.49,42.24
75.97,75.97,70.50,24.23,36.95
71.13,71.13,68.84,23.35,30.85
73.33,73.33,68.11,28.66,21.95
71.47,71.47,67.16,26.22,27.07
71.66,71.66,66.25,26.25,26.32
72.13,72.13,65.48,23.61,25.17
71.62,71.62,62.99,20.27,30.46
72.31,72.31,62.30,24.49,41.39
71.46,71.46,60.97,19.21,41.81
70.77,70.77,61.91,11.67,47.35
69.47,69.47,65.73,3.94,52.60
67.27,67.27,81.06,7.18,61.52
60.79,60.79,93.45,9.79,57.64
65.97,65.97,88.49,10.20,54.06
74.80,74.80,87.29,11.74,59.08
83.43,83.43,83.14,12.78,62.74
84.04,84.04,82.51,7.58,62.68
83.15,83.15,84.73,2.49,56.21
84.78,84.78,82.30,3.85,55.81
84.78,84.78,75.03,1.15,55.50
82.82,82.82,74.87,0.18,55.10
78.48,78.48,73.88,0.76,56.06
84.31,84.31,72.64,1.74,56.41
79.63,79.63,65.11,6.18,55.08
82.70,82.70,68.71,13.12,57.11
86.45,86.45,68.18,12.23,53.56
86.10,86.10,63.31,9.48,53.82
86.11,86.11,69.74,23.09,56.38
86.41,86.41,72.69,36.48,56.31
85.90,85.90,73.02,45.02,57.31
85.70,85.70,73.46,62.06,56.51
84.29,84.29,72.03,64.33,56.97
83.67,83.67,71.15,86.08,59.56
83.19,83.19,71.32,84.99,62.17
82.25,82.25,70.94,83.81,60.62
79.11,79.11,69.78,84.73,60.90
79.06,79.06,69.49,80.31,57.85
78.03,78.03,68.87,82.89,60.16
76.06,76.06,69.01,82.18,62.33
77.19,77.19,68.56,79.66,63.14
70.82,70.82,67.80,82.51,62.42
66.40,66.40,66.70,80.92,61.67
65.45,65.45,65.94,79.70,58.63
56.25,56.25,66.74,82.04,51.21
51.21,51.21,73.92,78.34,46.90
51.99,51.99,87.35,78.77,49.02
47.80,47.80,89.49,79.44,45.40
46.16,46.16,88.43,76.21,40.20
52.29,52.29,84.66,77.41,40.54
53.93,53.93,83.28,75.05,41.81
53.62,53.62,85.30,68.18,40.62
53.28,53.28,83.96,60.33,43.01
51.47,51.47,82.24,58.47,42.73
52.59,52.59,75.51,56.93,43.19
52.75,52.75,74.54,50.41,43.48
50.99,50.99,72.66,37.47,40.38
51.21,51.21,71.72,31.68,40.38
47.19,47.19,70.02,31.39,41.41
45.34,45.34,67.07,34.31,41.86
44.23,44.23,67.79,33.22,44.66
48.92,48.92,64.02,28.12,43.16
52.82,52.82,64.03,30.11,40.62
57.83,57.83,63.69,42.08,48.42
81.35,81.35,73.48,53.02,58.05
79.98,79.98,73.19,54.52,57.19
83.31,83.31,73.72,69.61,58.10
82.12,82.12,71.44,85.39,58.70
80.49,80.49,72.06,88.29,58.34
78.66,78.66,72.27,86.03,57.95
77.85,77.85,70.56,86.89,56.36
76.98,76.98,70.99,85.81,57.85
76.36,76.36,70.84,85.56,57.51
76.73,76.73,68.28,85.18,58.46
76.83,76.83,68.89,84.93,59.77
80.06,80.06,68.12,84.62,59.57
80.93,80.93,67.74,84.10,63.68
79.63,79.63,68.09,84.05,64.33
79.87,79.87,68.84,84.64,59.58
80.80,80.80,70.65,82.62,57.16
80.14,80.14,78.45,76.80,56.21
79.06,79.06,88.12,69.36,58.79
76.23,76.23,88.37,61.57,53.72
75.33,75.33,89.05,48.25,53.77
78.36,78.36,86.85,49.52,52.76
75.52,75.52,79.03,42.67,53.35
79.15,79.15,85.24,25.41,52.72
81.38,81.38,85.63,15.90,52.35
81.18,81.18,76.59,22.67,53.72
80.59,80.59,76.48,20.96,56.26
82.17,82.17,75.18,18.36,55.36
79.14,79.14,70.17,11.75,54.32
79.55,79.55,70.99,13.81,50.26
79.32,79.32,68.27,20.30,49.22
77.51,77.51,65.31,21.87,48.00
78.65,78.65,67.15,27.23,48.45
78.15,78.15,64.63,36.46,48.78
74.36,74.36,60.14,54.99,57.01
71.74,71.74,75.47,60.44,72.71
69.41,69.41,75.96,64.14,71.24
66.99,66.99,72.94,83.83,62.49
65.98,65.98,71.88,86.23,59.52
65.32,65.32,70.30,84.72,58.14
65.69,65.69,65.42,84.96,58.50
71.43,71.43,63.07,85.53,61.69
77.03,77.03,60.74,81.29,62.50
78.59,78.59,58.52,83.67,61.48
78.70,78.70,56.83,82.97,58.86
77.95,77.95,57.85,78.78,59.93
75.29,75.29,60.68,83.93,60.43
73.10,73.10,63.15,82.95,63.41
73.78,73.78,65.87,84.29,62.21
70.40,70.40,68.83,83.25,58.10
70.32,70.32,73.47,81.22,60.11
69.99,69.99,81.10,80.07,65.37
65.09,65.09,89.96,75.72,62.89
61.10,61.10,88.29,69.72,67.25
59.67,59.67,88.06,64.03,70.64
66.80,66.80,83.13,48.06,72.62
66.05,66.05,81.90,37.80,72.24
64.99,64.99,85.47,27.90,71.89
68.46,68.46,82.43,22.99,72.56
69.35,69.35,76.41,23.99,72.00
71.62,71.62,74.87,19.34,69.76
72.24,72.24,75.41,12.80,68.60
71.97,71.97,70.63,15.50,70.26
70.89,70.89,70.29,14.02,69.85
71.69,71.69,69.62,22.07,69.43
71.50,71.50,66.39,28.01,67.83
71.44,71.44,64.30,24.22,68.14
68.48,68.48,65.66,29.06,67.73
70.28,70.28,64.28,30.67,67.42
71.08,71.08,70.85,32.75,66.42
69.89,69.89,73.26,41.00,67.64
69.84,69.84,73.48,37.02,66.72
70.55,70.55,72.76,34.50,64.88
69.33,69.33,71.90,33.54,64.79
70.40,70.40,72.61,28.04,64.12
71.20,71.20,72.05,28.31,63.59
72.17,72.17,71.27,29.06,63.42
72.39,72.39,69.76,28.02,61.38
73.93,73.93,68.86,28.12,59.19
73.82,73.82,68.41,27.05,55.93
75.31,75.31,68.06,34.63,57.45
74.06,74.06,66.92,38.86,59.03
74.93,74.93,66.95,30.92,60.81
72.11,72.11,68.70,22.41,70.67
73.62,73.62,67.55,14.88,71.78
73.11,73.11,68.46,1.09,71.72
75.64,75.64,74.88,0.30,72.45
65.89,65.89,92.31,3.46,71.47
62.03,62.03,86.96,15.14,71.88
64.09,64.09,89.01,20.01,75.97
61.53,61.53,81.87,19.05,78.88
56.77,56.77,80.13,11.65,78.97
51.00,51.00,87.12,0.77,77.85
49.03,49.03,81.46,0.01,79.35
49.95,49.95,74.17,0.00,79.65
58.20,58.20,75.74,0.06,78.76
57.86,57.86,74.68,0.36,71.78
48.64,48.64,72.67,0.29,66.75
37.06,37.06,68.02,0.49,66.48
34.50,34.50,66.91,1.85,67.74
36.60,36.60,62.83,7.13,65.92
44.53,44.53,66.60,22.78,63.08
46.06,46.06,61.17,22.48,58.37
59.43,59.43,71.22,35.62,58.51
67.12,67.12,73.14,48.65,60.89
77.34,77.34,75.36,56.01,68.78
80.68,80.68,76.20,70.77,76.53
79.52,79.52,77.29,79.54,74.67
76.60,76.60,74.30,89.55,74.79
77.92,77.92,74.07,87.33,73.60
74.11,74.11,72.75,85.55,73.62
77.38,77.38,72.35,86.74,70.69
78.84,78.84,69.91,84.89,70.58
78.88,78.88,68.46,84.49,66.31
76.38,76.38,67.27,84.28,63.62
73.77,73.77,66.44,84.69,60.11
74.12,74.12,66.08,84.30,58.10
70.59,70.59,66.69,83.80,56.25
63.70,63.70,68.35,82.97,54.91
55.73,55.73,74.67,82.12,51.96
55.20,55.20,83.98,79.14,52.32
53.41,53.41,88.36,79.78,50.07
51.90,51.90,86.11,73.74,48.16
56.75,56.75,85.99,57.68,50.63
63.79,63.79,84.55,50.04,43.24
58.80,58.80,79.72,45.67,38.87
59.93,59.93,82.72,36.10,44.42
59.51,59.51,83.16,27.27,45.15
59.47,59.47,77.04,15.23,44.49
53.00,53.00,73.70,14.18,44.90
51.65,51.65,72.99,16.75,42.27
49.34,49.34,72.49,12.17,46.88
48.33,48.33,70.49,17.40,47.28
47.26,47.26,68.04,17.95,46.44
53.28,53.28,65.77,18.97,42.78
53.93,53.93,68.62,28.41,43.72
55.61,55.61,66.04,47.14,47.67
55.32,55.32,64.37,52.18,53.83
55.96,55.96,73.86,57.13,61.85
50.97,50.97,74.72,73.21,67.30
48.69,48.69,75.10,87.04,74.35
44.48,44.48,74.30,86.76,75.86
47.49,47.49,73.95,86.31,76.67
45.07,45.07,71.85,84.54,76.43
41.25,41.25,71.19,84.32,77.98
41.06,41.06,71.79,84.06,77.23
41.42,41.42,70.72,85.11,78.71
46.61,46.61,69.97,84.19,79.25
45.07,45.07,68.51,84.54,79.15
40.96,40.96,68.41,84.76,80.14
34.21,34.21,69.22,84.35,80.02
34.84,34.84,67.60,83.95,80.38
32.52,32.52,68.69,83.67,80.92
32.81,32.81,68.84,82.21,80.73
29.65,29.65,73.90,77.82,79.62
39.85,39.85,82.68,69.76,77.46
39.01,39.01,93.56,70.47,74.83
60.54,60.54,88.92,58.49,73.06
59.73,59.73,86.28,52.06,74.41
54.30,54.30,81.44,41.20,74.40
46.62,46.62,82.01,29.81,70.80
38.10,38.10,85.19,23.10,65.29
38.91,38.91,80.38,15.33,55.09
39.27,39.27,73.94,17.17,45.58
39.08,39.08,72.61,18.75,47.52
38.24,38.24,70.70,18.46,41.33
35.30,35.30,69.66,21.33,37.65
34.92,34.92,65.46,23.65,37.81
36.76,36.76,65.30,26.26,37.89
31.79,31.79,63.38,25.48,39.86
34.27,34.27,58.13,25.87,41.85
19.95,19.95,64.22,18.58,42.11
22.15,22.15,81.07,17.36,50.63
23.33,23.33,83.67,20.72,56.73
33.56,33.56,84.33,25.09,60.92
39.52,39.52,81.22,31.99,60.36
36.98,36.98,79.96,34.78,57.41
27.24,27.24,78.87,29.76,53.57
30.71,30.71,78.83,28.14,51.21
21.72,21.72,76.64,24.83,50.26
25.40,25.40,75.29,32.36,51.47
29.61,29.61,75.00,28.69,47.87
25.77,25.77,74.42,34.15,49.62
29.85,29.85,73.18,31.42,57.00
29.22,29.22,72.57,27.74,62.23
34.41,34.41,69.53,21.21,56.08
25.59,25.59,70.09,12.64,55.28
13.76,13.76,69.80,7.29,41.36
2.81,2.81,83.11,0.07,40.52
0.84,0.84,89.97,-0.00,42.30
0.45,0.45,87.96,0.02,43.66
0.11,0.11,87.81,-0.00,45.79
6.86,6.86,85.54,-0.00,44.23
11.41,11.41,80.34,-0.00,40.89
9.88,9.88,83.73,-0.00,41.18
11.78,11.78,82.88,-0.00,42.41
14.24,14.24,78.01,-0.00,46.41
16.10,16.10,77.74,-0.00,47.90
10.22,10.22,75.86,-0.00,46.45
8.71,8.71,76.18,0.05,43.33
11.30,11.30,75.11,0.55,44.64
7.26,7.26,74.25,2.14,43.73
18.40,18.40,72.10,8.15,42.01
18.52,18.52,72.09,8.91,40.87
13.84,13.84,70.44,7.66,38.79
11.25,11.25,70.70,3.42,37.19
12.65,12.65,82.32,0.40,46.30
9.12,9.12,86.85,0.09,50.92
8.80,8.80,83.81,0.00,53.12
14.09,14.09,80.12,1.00,50.81
16.22,16.22,80.27,5.47,53.02
19.15,19.15,79.22,17.20,54.74
25.85,25.85,78.29,38.41,55.01
34.84,34.84,78.21,44.63,53.87
49.70,49.70,76.96,41.62,51.33
59.10,59.10,80.96,41.94,48.47
63.70,63.70,83.49,39.85,46.67
67.37,67.37,85.27,31.11,48.84
67.99,67.99,82.45,12.69,45.66
65.97,65.97,79.75,12.27,47.91
71.21,71.21,78.15,10.42,49.26
74.98,74.98,75.73,4.38,49.73
72.82,72.82,77.14,0.58,53.21
74.62,74.62,82.73,0.01,59.47
72.35,72.35,93.23,-0.00,57.36
73.87,73.87,88.22,-0.00,59.15
78.84,78.84,86.47,0.07,60.27
81.44,81.44,81.03,-0.00,58.06
84.63,84.63,81.30,-0.00,58.29
85.17,85.17,84.76,-0.00,57.45
82.07,82.07,81.18,-0.00,56.25
80.62,80.62,75.39,0.10,57.92
81.49,81.49,70.44,0.12,59.74
81.33,81.33,71.14,0.01,58.91
81.46,81.46,74.21,0.04,59.26
81.62,81.62,71.33,0.11,59.30
81.49,81.49,73.60,5.62,57.66
81.11,81.11,68.79,21.12,59.67
81.28,81.28,67.53,41.19,58.40
81.27,81.27,68.48,51.42,56.95
81.83,81.83,71.75,64.85,58.71
81.20,81.20,71.08,67.02,58.78
81.13,81.13,68.59,84.91,59.29
80.83,80.83,65.56,88.23,56.38
80.75,80.75,61.97,85.78,56.69
80.06,80.06,57.05,84.89,56.23
80.30,80.30,55.78,85.25,55.88
80.66,80.66,50.89,85.93,52.20
80.29,80.29,50.62,85.55,54.30
78.82,78.82,51.82,83.68,54.21
77.22,77.22,48.90,84.26,56.26
79.31,79.31,50.39,85.43,56.35
81.13,81.13,50.37,85.12,57.27
80.89,80.89,49.72,84.05,56.57
81.84,81.84,52.89,83.44,52.21
82.39,82.39,58.52,84.64,49.57
82.73,82.73,69.51,82.45,43.74
80.83,80.83,80.70,76.39,47.40
80.83,80.83,87.70,74.26,49.23
80.70,80.70,88.40,71.90,46.91
78.78,78.78,88.14,72.46,43.61
71.81,71.81,83.03,69.36,44.04
62.03,62.03,80.32,65.15,47.62
59.47,59.47,86.24,56.66,51.47
60.27,60.27,81.08,42.40,50.18
62.10,62.10,75.11,32.54,48.29
60.45,60.45,74.29,31.58,44.74
60.19,60.19,76.63,22.20,39.64
60.22,60.22,73.15,23.85,37.76
58.18,58.18,69.11,27.50,37.31
52.12,52.12,68.42,31.91,34.54
51.18,51.18,68.23,32.89,34.85
52.29,52.29,65.00,37.07,33.85
55.25,55.25,65.06,54.07,32.11
64.93,64.93,65.42,56.32,41.45
79.49,79.49,67.03,63.24,52.03
81.71,81.71,64.55,87.55,60.65
80.99,80.99,60.71,89.10,64.06
80.38,80.38,59.12,85.87,66.22
79.05,79.05,56.77,86.91,60.39
80.56,80.56,55.63,84.60,58.09
80.04,80.04,55.42,85.50,57.19
80.47,80.47,54.72,84.96,57.23
82.18,82.18,52.20,84.44,57.64
82.89,82.89,49.01,85.11,57.90
84.52,84.52,50.60,84.20,57.80
84.01,84.01,53.10,85.78,58.07
83.95,83.95,53.63,83.68,55.78
81.44,81.44,52.01,84.82,56.83
79.18,79.18,54.43,84.38,57.38
80.37,80.37,65.18,82.86,54.99
77.55,77.55,76.32,81.66,53.13
76.16,76.16,84.65,79.53,56.28
73.07,73.07,90.69,79.99,51.84
71.52,71.52,90.45,78.51,52.65
72.12,72.12,85.26,75.99,51.16
74.24,74.24,82.53,68.48,48.53
74.70,74.70,83.09,60.35,48.46
74.76,74.76,84.51,57.54,49.29
72.73,72.73,80.15,45.29,49.45
72.66,72.66,74.28,40.60,51.55
72.89,72.89,72.84,38.76,51.72
72.81,72.81,72.34,34.63,53.29
74.91,74.91,73.84,34.93,54.24
75.20,75.20,60.36,35.18,50.17
75.28,75.28,66.69,37.64,48.26
76.51,76.51,69.11,41.79,44.16
77.14,77.14,61.59,44.70,44.14
76.99,76.99,62.63,45.43,45.06
77.82,77.82,66.98,65.78,50.39
77.80,77.80,71.72,68.00,56.83
75.95,75.95,72.31,80.26,61.27
77.36,77.36,71.13,89.72,61.50
75.10,75.10,69.62,86.84,59.64
76.00,76.00,69.79,85.81,58.36
75.32,75.32,69.56,85.75,59.95
71.24,71.24,70.52,84.95,58.22
71.53,71.53,69.92,85.49,59.72
75.08,75.08,69.46,84.41,61.72
68.71,68.71,68.85,85.45,64.05
67.21,67.21,67.83,84.07,63.24
66.19,66.19,67.22,84.10,60.20
66.48,66.48,66.44,84.14,57.66
67.87,67.87,67.62,84.82,53.56
68.26,68.26,71.00,82.17,48.41
76.32,76.32,74.27,81.45,44.34
75.95,75.95,88.40,80.21,50.77
80.02,80.02,86.86,70.00,52.94
77.58,77.58,86.82,52.83,51.94
81.26,81.26,85.99,53.44,52.27
81.43,81.43,78.94,47.21,53.36
81.51,81.51,83.63,31.44,53.97
82.60,82.60,83.69,19.41,56.25
83.10,83.10,75.61,10.39,57.25
83.63,83.63,75.14,7.05,55.38
84.73,84.73,74.66,13.51,55.76
85.50,85.50,69.50,17.53,55.26
84.53,84.53,73.13,15.22,54.86
85.55,85.55,68.56,17.41,54.01
84.20,84.20,66.74,22.93,51.32
86.49,86.49,68.28,23.58,51.08
85.80,85.80,66.83,27.83,48.71
85.61,85.61,63.49,30.83,50.23
85.20,85.20,65.74,27.34,51.83
85.76,85.76,69.92,27.07,50.40
85.56,85.56,69.47,27.88,47.62
83.50,83.50,66.68,22.90,45.59
82.85,82.85,63.51,18.99,43.11
77.01,77.01,60.24,22.45,39.36
73.65,73.65,55.15,26.24,37.74
72.98,72.98,53.54,27.51,35.24
75.14,75.14,51.18,26.25,31.88
73.91,73.91,51.22,17.98,30.67
72.66,72.66,47.01,19.08,26.59
66.80,66.80,44.38,20.82,28.18
62.83,62.83,43.43,16.68,31.71
59.80,59.80,35.17,14.24,31.84
53.93,53.93,37.10,10.59,27.88
53.84,53.84,47.02,13.26,32.17
66.02,66.02,64.05,0.81,46.29
75.88,75.88,69.19,0.01,57.72
79.19,79.19,91.72,0.17,61.47
77.41,77.41,89.84,0.01,58.62
78.71,78.71,88.29,0.12,60.85
80.50,80.50,85.95,0.68,60.41
80.74,80.74,77.22,1.09,62.15
82.23,82.23,85.16,1.47,57.73
81.71,81.71,84.86,2.38,60.72
80.08,80.08,75.20,1.50,63.26
81.15,81.15,75.97,1.09,60.03
82.81,82.81,74.18,0.33,57.81
81.85,81.85,69.93,0.92,54.50
78.85,78.85,70.03,0.97,56.46
81.20,81.20,68.81,3.62,56.00
75.88,75.88,67.03,8.01,56.05
79.26,79.26,63.50,15.95,61.64
81.63,81.63,65.36,30.79,64.58
81.13,81.13,64.60,46.64,59.10
82.37,82.37,68.48,64.24,59.13
82.41,82.41,67.42,64.90,61.00
82.40,82.40,65.56,84.61,64.25
79.60,79.60,60.36,89.02,63.00
78.99,78.99,56.92,87.37,62.17
81.73,81.73,53.12,85.62,62.35
78.12,78.12,49.91,85.57,59.00
82.14,82.14,46.83,84.98,58.95
82.43,82.43,48.61,84.92,58.15
81.04,81.04,47.86,84.24,58.68
75.01,75.01,49.19,84.43,58.11
71.78,71.78,49.16,84.15,60.66
75.80,75.80,46.45,83.93,59.98
77.47,77.47,48.96,84.31,60.54
80.84,80.84,59.86,83.49,58.92
81.05,81.05,71.81,83.17,55.50
78.55,78.55,84.38,81.58,53.00
78.52,78.52,88.44,77.53,52.66
74.17,74.17,86.49,77.91,53.99
70.64,70.64,83.09,79.91,60.07
67.52,67.52,84.87,78.14,67.24
69.14,69.14,83.71,70.78,66.47
68.84,68.84,82.29,55.68,69.82
62.61,62.61,80.96,44.20,73.53
65.61,65.61,78.67,37.37,72.06
67.14,67.14,78.60,41.78,68.64
67.31,67.31,76.75,41.18,64.62
71.50,71.50,75.34,29.82,60.34
74.14,74.14,76.28,22.22,57.74
74.84,74.84,76.89,22.02,57.35
74.95,74.95,73.70,22.87,55.88
74.38,74.38,72.46,32.52,53.79
71.97,71.97,65.18,47.30,53.79
72.20,72.20,64.35,50.96,51.42
72.81,72.81,69.88,63.35,59.51
74.36,74.36,73.05,75.72,64.04
74.92,74.92,72.21,86.20,64.55
75.95,75.95,70.62,84.93,64.18
75.63,75.63,67.37,84.85,63.93
75.16,75.16,66.71,82.39,65.59
72.00,72.00,64.40,82.71,63.82
62.79,62.79,61.20,84.14,63.38
53.10,53.10,54.86,82.60,59.65
48.37,48.37,48.94,83.84,57.41
45.60,45.60,42.48,82.21,59.19
47.37,47.37,41.22,83.00,58.36
45.19,45.19,41.06,81.34,57.19
42.03,42.03,45.83,81.55,54.71
48.58,48.58,55.40,83.06,54.51
61.09,61.09,69.35,81.27,58.07
66.79,66.79,79.42,81.86,53.03
78.99,78.99,87.65,79.82,50.26
79.76,79.76,86.47,79.84,50.44
78.09,78.09,87.49,80.15,48.54
78.01,78.01,83.38,74.57,46.80
80.83,80.83,77.26,65.31,44.23
78.46,78.46,86.78,64.42,41.89
73.37,73.37,81.90,62.60,42.30
72.56,72.56,69.30,56.75,44.28
58.77,58.77,71.87,50.18,43.27
59.87,59.87,73.41,49.00,45.68
60.18,60.18,66.50,43.21,45.97
60.98,60.98,64.50,34.36,40.95
63.25,63.25,66.59,35.70,36.90
64.24,64.24,62.55,31.03,36.25
59.01,59.01,59.11,24.19,37.53
50.91,50.91,61.46,25.39,42.07
65.49,65.49,59.51,38.25,46.29
76.84,76.84,65.21,53.49,46.03
87.04,87.04,67.82,62.84,53.31
81.61,81.61,70.28,79.15,62.39
80.56,80.56,70.30,84.65,72.16
79.24,79.24,65.25,86.08,75.76
79.99,79.99,60.30,85.03,78.23
80.01,80.01,53.33,83.35,77.23
81.27,81.27,48.20,82.04,75.23
81.22,81.22,43.57,83.65,72.41
82.17,82.17,38.04,83.56,64.94
81.00,81.00,37.43,82.00,55.48
81.16,81.16,40.07,83.20,51.25
81.67,81.67,38.75,82.91,47.15
80.71,80.71,43.78,81.75,45.26
76.81,76.81,49.30,81.02,42.77
77.31,77.31,58.04,82.82,37.32
68.65,68.65,71.01,81.41,33.97
71.68,71.68,83.74,79.85,42.42
62.22,62.22,87.30,76.53,48.53
72.44,72.44,88.85,66.12,56.38
78.96,78.96,86.58,60.39,49.51
78.67,78.67,79.89,59.31,44.12
75.94,75.94,82.92,55.45,40.18
75.97,75.97,84.28,44.60,38.09
77.54,77.54,81.33,32.56,36.19
77.37,77.37,75.71,29.71,36.87
76.50,76.50,74.41,31.67,38.55
78.19,78.19,75.14,33.69,40.26
77.79,77.79,73.55,33.44,40.95
77.46,77.46,72.25,33.80,40.24
77.84,77.84,70.16,32.76,40.06
77.64,77.64,70.10,31.45,36.98
78.72,78.72,66.59,28.96,35.97
77.91,77.91,67.44,29.56,37.27
77.92,77.92,67.30,30.38,39.49
77.92,77.92,64.93,26.61,40.99
83.63,83.63,66.04,31.38,40.29
82.30,82.30,63.75,29.86,38.98
83.06,83.06,62.00,31.13,39.94
83.06,83.06,59.62,30.43,41.16
81.81,81.81,59.32,27.50,38.20
81.18,81.18,59.35,31.66,36.78
80.00,80.00,59.74,28.96,34.09
79.48,79.48,59.13,27.95,29.08
77.24,77.24,58.92,25.31,27.39
75.64,75.64,58.54,39.22,26.31
69.17,69.17,57.52,30.59,25.92
65.34,65.34,56.69,24.51,21.78
62.77,62.77,55.62,20.93,23.81
61.41,61.41,57.62,15.84,29.83
60.26,60.26,59.46,12.48,42.13
66.00,66.00,84.46,12.50,55.53
65.58,65.58,89.37,11.34,54.79
80.68,80.68,89.88,5.73,58.48
83.91,83.91,87.16,2.51,56.77
83.89,83.89,80.04,1.25,53.80
83.58,83.58,84.44,5.62,53.77
84.74,84.74,85.52,7.83,53.12
83.85,83.85,78.57,5.94,52.57
83.02,83.02,76.88,1.59,53.18
83.09,83.09,74.58,0.03,56.98
83.08,83.08,70.55,1.30,57.78
81.73,81.73,73.04,1.32,53.84
82.52,82.52,63.18,1.10,53.55
82.22,82.22,67.01,4.44,54.30
82.46,82.46,68.58,6.33,54.81
81.66,81.66,61.92,17.98,54.32
81.02,81.02,60.35,32.21,55.51
80.64,80.64,67.78,47.79,59.10
78.45,78.45,71.87,60.92,58.83
80.14,80.14,71.76,70.53,60.40
78.82,78.82,68.70,80.81,65.49
76.09,76.09,65.34,85.98,65.23
78.00,78.00,62.44,86.57,60.82
79.73,79.73,59.00,82.52,61.63
81.19,81.19,55.07,84.19,59.13
81.40,81.40,52.01,83.76,58.91
81.22,81.22,48.54,81.40,56.43
77.62,77.62,49.54,83.93,60.13
75.71,75.71,50.80,81.83,61.20
76.18,76.18,52.70,81.74,61.13
68.87,68.87,49.37,82.95,62.79
66.85,66.85,48.74,79.62,60.16
61.48,61.48,55.36,82.15,53.05
55.22,55.22,63.05,82.15,49.12
55.86,55.86,75.64,78.42,44.59
53.30,53.30,91.34,80.03,40.89
47.06,47.06,86.58,73.84,36.85
46.10,46.10,88.72,66.72,28.74
48.39,48.39,81.13,62.00,30.35
50.71,50.71,79.77,57.68,34.13
49.32,49.32,85.89,47.87,36.10
51.12,51.12,81.15,47.86,32.75
53.19,53.19,75.09,45.01,32.60
51.26,51.26,73.32,35.43,31.17
52.13,52.13,75.84,33.13,28.57
59.37,59.37,69.57,35.02,26.95
66.76,66.76,68.46,33.24,24.89
72.50,72.50,69.23,31.90,28.53
73.02,73.02,66.74,23.28,29.69
74.63,74.63,63.56,16.10,31.71
75.32,75.32,64.84,29.40,33.62
77.16,77.16,64.82,42.72,44.28
80.48,80.48,68.69,52.99,55.30
81.64,81.64,69.93,55.17,66.62
83.88,83.88,67.71,74.48,63.01
85.12,85.12,63.77,87.48,63.06
80.11,80.11,61.69,87.82,60.93
79.14,79.14,58.68,87.22,58.81
80.51,80.51,57.97,85.74,60.41
81.92,81.92,54.64,86.52,59.41
82.49,82.49,56.71,84.53,58.95
82.57,82.57,53.12,85.26,58.52
82.38,82.38,51.62,83.89,59.44
81.28,81.28,46.53,84.01,58.83
81.01,81.01,44.57,84.32,58.64
80.86,80.86,47.53,83.32,58.44
79.38,79.38,50.97,84.59,56.74
79.77,79.77,55.92,83.26,56.71
82.07,82.07,69.16,82.92,60.96
74.89,74.89,82.37,81.97,59.36
72.70,72.70,86.82,77.97,54.48
75.63,75.63,89.34,70.78,53.02
74.23,74.23,85.73,61.39,46.34
74.08,74.08,79.05,51.71,42.52
75.06,75.06,83.77,43.70,35.65
77.49,77.49,84.95,34.21,35.72
76.13,76.13,79.36,34.01,31.90
76.02,76.02,75.54,29.55,31.01
79.85,79.85,74.03,20.55,31.21
78.95,78.95,71.50,13.12,32.52
76.94,76.94,73.54,16.74,37.54
76.80,76.80,63.06,23.66,42.92
78.29,78.29,66.73,24.48,42.42
75.67,75.67,68.24,25.97,38.22
71.97,71.97,60.13,38.57,35.03
73.07,73.07,60.93,47.04,34.92
73.49,73.49,62.06,72.79,49.60
73.37,73.37,60.81,82.27,60.26
74.97,74.97,63.94,83.38,62.26
74.03,74.03,66.75,83.37,63.96
72.12,72.12,66.55,86.56,64.51
76.32,76.32,66.42,83.49,62.46
75.39,75.39,65.72,84.27,65.71
76.01,76.01,63.82,82.83,63.56
74.89,74.89,63.89,82.53,66.63
75.90,75.90,64.26,84.03,65.56
73.58,73.58,63.60,81.00,65.89
74.97,74.97,64.78,82.72,62.98
75.81,75.81,63.09,82.29,62.50
71.88,71.88,61.25,79.39,62.80
72.86,72.86,61.37,82.82,59.98
72.85,72.85,65.86,81.22,50.88
75.28,75.28,69.03,75.21,47.12
73.89,73.89,85.39,75.39,54.21
72.33,72.33,92.42,72.00,53.33
75.85,75.85,86.36,57.63,51.73
76.73,76.73,85.57,48.11,54.07
78.77,78.77,81.31,42.63,56.05
79.45,79.45,82.47,34.02,56.91
78.14,78.14,85.80,27.40,56.62
76.33,76.33,79.94,25.54,56.00
79.42,79.42,74.42,26.18,57.71
79.22,79.22,73.62,25.99,56.07
77.58,77.58,72.54,27.19,55.97
76.19,76.19,73.14,25.48,53.34
77.28,77.28,67.30,30.71,52.32
76.69,76.69,65.21,32.97,49.35
78.13,78.13,65.91,30.65,46.57
78.32,78.32,62.54,23.28,42.88
77.86,77.86,64.39,28.04,37.72
76.90,76.90,65.24,32.13,35.34
76.27,76.27,68.77,34.46,33.67
78.55,78.55,68.90,38.59,34.01
76.72,76.72,65.75,35.83,30.87
77.77,77.77,63.61,35.82,25.88
79.54,79.54,59.96,31.38,28.75
80.60,80.60,58.67,29.83,28.26
80.00,80.00,55.84,31.15,29.61
80.56,80.56,54.52,27.83,26.61
80.05,80.05,54.01,29.86,28.95
76.12,76.12,51.34,30.57,26.63
78.98,78.98,50.14,32.81,24.96
79.84,79.84,52.31,33.60,24.32
79.52,79.52,52.59,36.29,32.02
80.75,80.75,50.12,28.96,30.48
80.27,80.27,52.40,19.65,30.76
76.24,76.24,54.14,6.85,37.93
75.94,75.94,66.53,-0.00,52.82
77.54,77.54,92.00,-0.00,56.14
83.37,83.37,87.79,-0.00,58.90
81.11,81.11,88.73,0.01,58.08
81.79,81.79,81.14,-0.00,55.60
83.99,83.99,77.49,-0.00,54.79
84.76,84.76,85.40,-0.00,54.54
83.98,83.98,79.60,-0.00,52.15
83.63,83.63,74.57,1.11,52.39
84.76,84.76,75.28,4.11,51.49
80.72,80.72,74.48,7.80,54.27
73.28,73.28,70.72,12.29,54.19
69.99,69.99,65.45,16.75,55.47
76.92,76.92,68.33,21.77,56.51
72.11,72.11,63.72,28.79,55.39
70.20,70.20,62.37,31.43,54.46
65.72,65.72,61.73,33.02,50.40
76.10,76.10,61.21,35.00,53.94
74.79,74.79,65.22,37.35,59.54
80.10,80.10,70.98,48.51,59.36
79.78,79.78,70.61,60.03,57.65
85.64,85.64,67.60,71.61,58.94
85.94,85.94,65.23,87.25,60.37
83.63,83.63,60.59,89.70,61.46
82.63,82.63,57.88,86.23,57.80
83.77,83.77,55.08,85.38,58.12
84.32,84.32,52.01,85.92,57.00
85.37,85.37,48.13,84.58,55.78
81.80,81.80,44.78,83.65,56.71
79.48,79.48,42.29,84.25,54.70
78.67,78.67,42.11,83.38,56.03
80.76,80.76,46.37,83.57,55.25
75.05,75.05,52.62,83.98,53.23
79.69,79.69,62.71,83.10,48.39
78.30,78.30,72.90,81.30,49.78
77.12,77.12,84.83,77.55,53.94
74.85,74.85,91.29,77.41,49.10
70.23,70.23,87.73,76.28,45.17
73.30,73.30,86.69,76.54,43.73
73.59,73.59,79.38,72.43,45.07
71.79,71.79,82.53,62.01,47.98
72.27,72.27,83.01,52.29,48.34
71.94,71.94,80.45,40.15,48.28
71.04,71.04,75.57,28.31,45.56
71.30,71.30,72.73,34.44,44.78
69.64,69.64,72.35,31.84,42.79
67.57,67.57,71.25,31.13,39.81
66.78,66.78,70.22,28.42,37.73
65.90,65.90,65.37,24.67,36.10
67.83,67.83,65.11,33.57,35.27
69.81,69.81,61.35,40.21,39.19
70.44,70.44,63.27,53.30,48.77
70.94,70.94,62.43,64.80,56.47
68.08,68.08,66.47,79.79,61.73
66.15,66.15,66.09,82.28,61.43
59.41,59.41,63.65,87.35,60.62
56.45,56.45,61.08,86.08,60.02
59.68,59.68,59.16,84.71,59.94
57.74,57.74,56.69,85.29,59.51
56.05,56.05,52.87,85.24,57.64
56.16,56.16,47.19,84.61,54.69
49.12,49.12,42.36,84.49,56.43
47.80,47.80,38.84,84.20,58.22
41.83,41.83,42.77,84.02,57.42
40.87,40.87,42.74,83.91,57.71
40.07,40.07,40.09,83.98,57.85
43.66,43.66,43.48,84.00,56.20
43.76,43.76,55.23,83.69,55.49
43.27,43.27,69.67,81.11,50.36
42.36,42.36,78.67,73.61,48.69
43.08,43.08,89.03,68.92,54.36
36.98,36.98,88.26,72.41,47.50
43.67,43.67,87.05,78.72,47.07
47.87,47.87,86.04,80.49,48.98
48.24,48.24,84.43,80.37,48.95
50.14,50.14,83.21,73.50,49.80
50.68,50.68,80.77,71.84,50.46
47.82,47.82,75.49,72.41,48.32
50.79,50.79,80.65,66.61,49.66
49.68,49.68,66.34,65.99,50.11
47.85,47.85,62.27,63.65,48.40
52.73,52.73,76.78,63.42,50.35
51.93,51.93,72.48,64.40,50.87
50.27,50.27,73.86,64.81,49.07
45.90,45.90,68.25,58.21,44.48
32.00,32.00,70.60,53.78,39.39
13.12,13.12,73.53,49.90,44.73
10.16,10.16,81.41,44.62,45.13
27.67,27.67,81.87,31.72,39.50
43.72,43.72,80.38,36.59,35.32
37.36,37.36,78.23,39.69,28.26
34.96,34.96,77.99,53.16,27.46
33.88,33.88,78.21,46.80,27.10
29.30,29.30,75.88,44.87,28.93
29.93,29.93,75.52,39.90,26.71
26.17,26.17,74.20,39.92,28.17
24.09,24.09,73.29,35.06,26.50
31.01,31.01,71.91,30.65,29.90
35.69,35.69,70.77,23.60,30.25
40.00,40.00,69.37,23.50,34.37
33.64,33.64,67.18,18.46,33.53
28.26,28.26,67.08,24.97,33.86
23.95,23.95,65.75,30.81,38.08
27.36,27.36,85.72,53.46,49.10
32.80,32.80,90.98,72.05,52.01
41.05,41.05,87.98,73.38,53.04
57.26,57.26,86.55,76.82,58.34
52.19,52.19,82.46,85.01,60.66
62.59,62.59,81.18,85.23,59.03
68.38,68.38,85.76,86.19,59.51
68.70,68.70,79.43,86.23,62.78
65.06,65.06,76.72,86.07,64.03
69.87,69.87,74.54,85.21,59.50
69.63,69.63,74.87,86.72,55.44
71.42,71.42,72.16,85.56,58.01
67.21,67.21,69.94,85.55,66.03
70.44,70.44,69.51,86.04,69.12
70.36,70.36,67.76,85.22,68.84
69.26,69.26,67.01,85.24,64.76
66.14,66.14,70.22,85.79,56.02
57.12,57.12,75.76,85.81,49.16
42.99,42.99,85.68,83.08,51.52
48.68,48.68,83.02,84.25,53.82
56.42,56.42,81.14,85.26,52.19
67.79,67.79,78.68,84.98,55.24
74.16,74.16,74.64,83.86,59.52
76.67,76.67,72.51,83.07,59.49
78.47,78.47,71.29,80.86,59.28
76.98,76.98,70.49,81.81,62.05
78.70,78.70,67.93,83.29,62.49
78.30,78.30,65.29,82.77,65.47
77.98,77.98,66.48,80.25,65.76
79.05,79.05,63.67,81.54,64.20
80.46,80.46,62.14,81.59,61.95
79.18,79.18,59.04,83.18,62.92
81.18,81.18,62.63,81.80,63.22
78.78,78.78,66.01,78.40,63.44
75.49,75.49,81.50,76.75,64.06
75.35,75.35,91.34,76.20,61.79
81.45,81.45,88.51,68.95,60.41
81.33,81.33,89.28,62.64,64.78
80.55,80.55,83.06,62.16,65.67
82.12,82.12,80.92,77.93,65.92
82.95,82.95,85.54,76.37,66.08
85.68,85.68,81.29,79.47,63.95
86.56,86.56,73.77,84.54,65.24
84.29,84.29,69.80,82.96,64.93
83.95,83.95,71.27,81.41,66.57
85.07,85.07,62.33,81.15,63.60
84.85,84.85,60.70,83.33,63.18
84.11,84.11,63.25,82.74,62.28
83.89,83.89,69.44,82.53,61.95
81.88,81.88,67.32,81.97,61.84
81.20,81.20,60.39,83.24,60.39
81.28,81.28,59.15,82.57,60.95
82.51,82.51,68.45,84.26,62.53
83.28,83.28,72.22,82.19,65.10
79.25,79.25,72.75,81.44,64.24
82.93,82.93,71.08,78.89,64.18
80.49,80.49,69.91,78.05,64.45
79.12,79.12,68.83,79.39,64.79
82.34,82.34,66.70,79.30,63.49
81.11,81.11,64.12,81.72,63.98
79.22,79.22,63.23,79.32,64.85
80.82,80.82,60.92,82.28,66.72
82.93,82.93,58.50,80.18,66.33
84.20,84.20,56.67,81.77,65.11
85.14,85.14,52.74,82.94,64.70
82.97,82.97,52.41,82.34,63.20
80.71,80.71,57.18,83.42,58.12
79.37,79.37,62.50,81.57,52.73
83.67,83.67,72.80,81.25,56.29
80.84,80.84,85.93,74.13,57.12
75.04,75.04,90.53,75.10,54.47
79.11,79.11,87.54,64.21,53.91
78.14,78.14,85.17,65.03,59.95
74.38,74.38,84.16,80.21,64.78
73.76,73.76,81.88,81.71,63.76
70.33,70.33,84.13,81.43,64.38
71.48,71.48,80.07,82.31,63.78
67.68,67.68,76.22,82.25,64.94
67.32,67.32,76.45,85.07,62.84
67.27,67.27,77.62,83.42,60.95
70.04,70.04,76.05,81.28,56.22
69.40,69.40,74.84,82.94,54.89
75.09,75.09,75.61,81.35,58.56
81.73,81.73,75.24,81.67,56.10
85.33,85.33,75.30,79.46,57.18
81.47,81.47,74.80,78.68,60.88
81.31,81.31,75.55,78.39,62.05
79.32,79.32,76.34,75.45,64.74
78.56,78.56,75.05,81.98,66.35
83.90,83.90,73.77,85.16,68.30
85.19,85.19,72.00,86.07,64.76
82.88,82.88,71.47,83.80,61.49
81.58,81.58,71.84,84.63,64.87
80.58,80.58,71.79,84.93,67.60
81.68,81.68,72.33,84.37,61.61
84.07,84.07,72.65,85.31,64.75
85.52,85.52,72.34,83.91,65.25
86.17,86.17,70.82,85.45,64.42
84.38,84.38,72.08,83.94,63.98
83.84,83.84,71.29,84.30,63.32
81.84,81.84,70.71,83.43,61.84
83.59,83.59,72.63,83.56,63.28
84.75,84.75,73.48,82.49,62.92
79.76,79.76,88.00,81.01,63.92
80.19,80.19,88.17,77.93,53.73
80.14,80.14,88.20,71.86,52.98
77.82,77.82,84.78,63.74,52.05
79.70,79.70,80.19,56.03,55.40
78.10,78.10,84.32,61.87,55.24
73.08,73.08,85.45,67.37,58.81
73.68,73.68,77.21,67.50,62.27
76.44,76.44,76.18,67.02,63.06
76.19,76.19,71.98,66.48,61.02
76.23,76.23,71.98,64.15,64.63
77.84,77.84,72.24,59.46,59.97
77.96,77.96,68.67,50.02,60.39
78.40,78.40,65.30,44.35,61.18
77.62,77.62,66.69,40.91,58.75
78.75,78.75,64.46,43.57,59.80
78.28,78.28,69.51,57.09,60.44
78.61,78.61,70.04,59.97,62.22
77.46,77.46,65.40,56.68,61.29
78.41,78.41,69.16,62.45,58.24
79.15,79.15,69.29,69.00,59.80
76.10,76.10,70.43,86.79,60.18
76.51,76.51,69.86,87.23,58.44
77.96,77.96,68.19,86.66,58.48
82.68,82.68,68.30,85.65,58.55
84.18,84.18,68.51,85.38,58.00
79.99,79.99,66.34,83.87,58.62
82.40,82.40,66.64,83.27,58.18
83.07,83.07,64.46,84.45,61.58
80.24,80.24,63.14,82.73,59.45
82.87,82.87,61.85,79.45,57.12
80.95,80.95,61.99,77.76,58.41
81.56,81.56,63.83,78.63,53.58
80.21,80.21,68.53,64.53,51.32
80.85,80.85,76.27,58.42,53.73
77.16,77.16,89.92,55.80,56.30
79.45,79.45,86.42,34.98,53.72
77.38,77.38,87.29,26.20,52.36
82.12,82.12,85.66,25.17,58.04
78.55,78.55,79.49,22.32,60.37
78.60,78.60,83.60,12.08,55.48
78.00,78.00,83.94,1.23,54.52
82.80,82.80,74.78,12.86,54.14
78.08,78.08,74.16,17.07,56.23
82.96,82.96,74.66,15.65,57.33
81.19,81.19,71.02,18.35,57.06
78.63,78.63,72.54,25.36,54.76
81.32,81.32,69.21,27.89,54.97
82.34,82.34,65.63,28.54,52.32
82.17,82.17,68.10,28.17,52.97
82.81,82.81,67.04,26.94,51.31
81.04,81.04,61.76,23.66,50.31
80.66,80.66,62.66,19.83,50.84
82.96,82.96,60.66,19.82,47.26
84.55,84.55,57.71,18.54,45.77
83.74,83.74,59.93,23.91,44.69
82.96,82.96,53.46,18.29,43.29
81.90,81.90,55.62,19.87,43.69
81.56,81.56,53.96,31.85,42.15
81.54,81.54,56.02,31.94,43.28
82.05,82.05,50.05,31.28,42.97
82.24,82.24,51.33,33.80,44.53
82.83,82.83,53.24,32.60,49.93
82.07,82.07,54.69,26.95,52.39
81.90,81.90,54.02,19.83,54.44
81.29,81.29,53.75,19.35,55.41
81.25,81.25,62.06,9.99,54.41
79.32,79.32,69.84,0.11,56.43
77.29,77.29,78.77,0.03,63.00
72.50,72.50,92.70,2.61,57.31
74.60,74.60,87.92,13.17,59.75
76.12,76.12,89.50,18.07,60.81
75.96,75.96,81.49,17.02,59.63
76.43,76.43,81.54,9.53,59.00
79.00,79.00,87.47,0.17,57.28
81.61,81.61,82.46,0.79,56.88
82.80,82.80,73.43,0.79,56.90
82.25,82.25,77.68,0.04,54.88
81.19,81.19,75.73,-0.00,54.16
76.54,76.54,68.37,-0.00,56.57
74.17,74.17,63.68,0.47,56.87
77.25,77.25,68.72,0.69,57.05
81.87,81.87,66.85,1.16,55.10
82.40,82.40,63.31,5.85,54.22
83.54,83.54,65.08,12.73,53.94
84.15,84.15,61.58,30.87,56.00
82.51,82.51,72.44,47.38,58.13
79.59,79.59,71.48,54.29,59.39
79.34,79.34,70.57,73.28,58.75
81.90,81.90,67.74,82.89,60.55
81.69,81.69,64.83,89.58,60.73
82.31,82.31,60.50,87.87,60.58
79.30,79.30,59.00,86.43,60.68
82.13,82.13,56.46,85.21,61.40
80.87,80.87,51.02,85.43,59.79
81.74,81.74,49.67,85.28,59.68
79.13,79.13,50.43,84.99,60.28
75.88,75.88,49.44,84.23,57.31
76.03,76.03,47.37,84.33,59.75
80.10,80.10,43.68,83.99,58.20
79.08,79.08,51.38,83.82,58.14
68.12,68.12,59.48,83.07,54.42
71.84,71.84,75.96,79.70,51.65
75.88,75.88,84.23,73.99,54.53
74.75,74.75,90.38,76.00,51.93
71.71,71.71,88.18,77.87,51.98
65.30,65.30,84.84,78.69,50.02
66.04,66.04,82.17,75.95,50.09
68.98,68.98,83.88,66.92,50.36
74.91,74.91,83.85,52.52,50.16
74.24,74.24,77.53,39.44,50.13
74.53,74.53,74.32,21.62,50.73
71.32,71.32,73.80,8.76,50.94
70.22,70.22,72.26,0.35,52.41
70.65,70.65,70.99,0.04,52.24
70.56,70.56,65.98,1.71,52.53
70.38,70.38,65.37,8.95,48.26
71.15,71.15,66.14,15.08,50.17
71.43,71.43,64.70,22.49,48.05
71.25,71.25,60.24,40.01,47.99
70.72,70.72,64.60,56.31,52.04
70.84,70.84,62.80,59.82,58.54
70.05,70.05,63.06,73.83,65.25
67.54,67.54,60.15,86.25,66.76
65.18,65.18,59.08,87.46,63.07
62.90,62.90,54.77,83.83,59.40
62.39,62.39,52.59,83.91,56.40
57.85,57.85,44.23,81.21,53.46
58.65,58.65,55.54,83.76,53.87
72.36,72.36,62.81,83.48,59.95
77.71,77.71,61.29,84.24,60.89
74.85,74.85,54.75,83.33,60.73
61.56,61.56,50.06,82.82,61.03
58.82,58.82,47.91,81.69,54.96
57.44,57.44,43.96,81.34,55.09
69.46,69.46,57.93,83.30,65.85
74.02,74.02,67.79,81.22,60.45
82.13,82.13,77.02,80.91,56.61
81.42,81.42,88.61,78.30,56.72
83.30,83.30,83.22,76.39,49.05
82.71,82.71,87.43,69.25,48.02
82.13,82.13,85.72,60.56,45.02
81.76,81.76,76.04,56.25,43.67
81.99,81.99,85.13,46.54,44.82
81.28,81.28,82.51,41.83,46.26
79.13,79.13,75.06,41.86,44.47
78.31,78.31,73.41,38.55,42.28
74.66,74.66,75.36,48.58,35.91
73.92,73.92,68.25,42.70,36.12
73.95,73.95,66.06,30.94,33.22
76.15,76.15,68.20,33.07,33.07
77.08,77.08,65.09,30.42,36.64
76.64,76.64,62.75,26.35,36.04
75.30,75.30,64.33,27.16,34.98
74.80,74.80,63.04,41.18,31.39
76.57,76.57,61.41,42.84,29.37
82.36,82.36,61.40,54.32,32.96
84.36,84.36,59.85,64.43,36.18
83.56,83.56,60.68,86.55,39.28
83.17,83.17,60.91,86.55,40.85
82.68,82.68,58.27,83.63,45.24
82.78,82.78,53.93,84.16,40.90
83.82,83.82,50.56,83.91,40.11
83.84,83.84,48.24,82.43,40.04
83.87,83.87,47.44,81.74,37.93
83.32,83.32,44.89,83.18,34.15
81.88,81.88,41.77,82.60,30.95
82.47,82.47,43.10,81.30,29.69
79.88,79.88,46.55,82.70,30.06
74.47,74.47,54.66,82.83,27.71
73.66,73.66,61.97,80.35,22.42
73.38,73.38,74.59,81.27,29.22
71.11,71.11,89.95,81.10,29.96
74.88,74.88,86.71,76.69,33.32
77.31,77.31,85.71,72.26,32.52
80.07,80.07,80.72,60.34,34.53
73.55,73.55,80.60,51.73,33.42
72.08,72.08,85.25,41.04,36.54
69.76,69.76,80.21,39.23,36.14
66.36,66.36,75.52,37.63,37.45
63.26,63.26,74.42,36.23,40.33
59.07,59.07,74.85,34.92,45.73
59.29,59.29,71.52,32.80,41.37
59.77,59.77,69.36,33.04,41.54
60.88,60.88,69.26,33.73,42.02
60.99,60.99,65.79,28.48,32.12
70.24,70.24,63.24,29.88,28.16
76.55,76.55,63.85,31.39,31.40
77.73,77.73,60.75,29.68,36.12
76.52,76.52,71.03,32.14,37.74
80.75,80.75,73.51,37.62,38.52
82.60,82.60,72.32,35.09,32.46
80.40,80.40,74.05,31.99,26.87
79.00,79.00,72.29,32.63,26.24
79.50,79.50,70.31,33.51,28.65
81.41,81.41,71.23,34.53,32.43
79.27,79.27,71.05,34.63,27.29
75.53,75.53,69.73,33.59,24.83
79.57,79.57,68.58,35.57,19.31
78.16,78.16,67.97,33.16,15.56
75.50,75.50,66.98,32.57,17.39
71.29,71.29,67.25,17.40,28.59
65.44,65.44,66.35,22.61,42.05
62.25,62.25,65.72,14.45,50.73
59.69,59.69,66.72,2.26,54.62
57.29,57.29,68.61,0.08,60.24
67.25,67.25,86.08,0.06,64.92
70.04,70.04,89.68,-0.00,59.93
76.43,76.43,89.53,-0.00,58.22
79.18,79.18,87.28,-0.00,61.27
77.86,77.86,80.87,-0.00,61.22
78.04,78.04,85.80,-0.00,59.83
76.88,76.88,85.09,-0.00,57.66
79.13,79.13,77.71,-0.00,58.43
80.32,80.32,76.26,-0.00,59.35
80.05,80.05,75.73,-0.00,60.61
80.76,80.76,70.08,-0.00,60.04
79.08,79.08,72.46,0.47,61.58
79.50,79.50,65.17,2.76,60.97
81.76,81.76,65.24,6.39,57.57
81.88,81.88,69.01,11.72,58.98
81.07,81.07,63.29,18.48,61.32
81.29,81.29,61.19,31.12,62.44
81.59,81.59,69.53,42.56,63.67
80.98,80.98,71.36,55.65,61.19
81.10,81.10,70.56,59.82,61.10
80.00,80.00,67.85,80.16,63.00
80.18,80.18,65.38,84.10,62.68
79.56,79.56,60.84,85.94,62.51
79.73,79.73,57.35,82.09,61.36
80.51,80.51,56.80,83.65,60.06
79.88,79.88,56.54,83.94,60.37
81.37,81.37,48.60,80.86,59.22
80.96,80.96,47.81,83.50,61.02
81.66,81.66,53.32,82.48,62.17
80.98,80.98,49.74,80.67,60.01
79.66,79.66,48.58,82.84,63.05
78.49,78.49,55.50,80.14,60.85
74.83,74.83,65.42,81.81,56.58
69.67,69.67,70.27,81.76,52.38
69.25,69.25,84.64,79.85,51.48
57.85,57.85,89.51,81.75,46.41
53.98,53.98,87.52,78.73,41.29
49.68,49.68,85.54,75.47,44.80
54.81,54.81,81.46,76.64,41.69
55.62,55.62,79.37,67.34,44.09
59.79,59.79,83.83,53.97,44.21
57.87,57.87,80.40,55.81,47.49
58.10,58.10,73.22,53.34,46.38
60.04,60.04,74.19,43.58,46.79
58.50,58.50,73.93,27.03,42.18
55.96,55.96,72.59,24.97,41.07
54.17,54.17,68.36,31.21,42.25
51.87,51.87,70.40,35.75,39.85
50.09,50.09,65.85,30.70,39.22
53.80,53.80,59.91,33.64,33.60
55.64,55.64,60.89,30.28,29.32
69.19,69.19,62.26,46.99,37.36
84.71,84.71,66.55,59.66,50.68
84.11,84.11,64.54,63.33,59.32
83.78,83.78,63.62,71.95,61.00
82.95,82.95,59.97,85.50,60.89
82.37,82.37,60.45,87.53,62.50
81.21,81.21,65.67,86.27,58.75
82.12,82.12,57.79,85.72,58.03
80.53,80.53,55.85,85.23,57.21
77.98,77.98,55.96,85.56,59.15
79.51,79.51,52.32,84.63,59.96
80.55,80.55,51.18,84.10,60.15
82.54,82.54,51.02,85.24,59.49
80.43,80.43,49.40,83.19,59.23
79.24,79.24,48.42,85.00,60.45
79.06,79.06,52.87,83.31,57.41
75.83,75.83,66.00,83.59,55.16
75.70,75.70,74.39,82.14,59.73
72.07,72.07,90.91,80.69,58.27
76.94,76.94,86.93,75.60,54.48
79.26,79.26,89.07,66.77,56.36
77.72,77.72,79.82,57.05,55.05
77.90,77.90,81.95,49.13,52.47
80.01,80.01,86.21,32.81,52.01
79.65,79.65,80.42,22.89,50.30
80.17,80.17,74.63,18.63,50.74
78.32,78.32,75.13,16.34,49.39
78.84,78.84,73.72,13.79,48.61
76.82,76.82,72.31,12.91,46.07
76.29,76.29,63.56,11.40,42.00
76.33,76.33,69.53,10.09,40.85
77.49,77.49,64.60,8.62,39.36
78.34,78.34,62.53,11.57,40.11
76.73,76.73,59.69,16.29,42.79
77.39,77.39,62.33,22.38,46.82
78.53,78.53,56.39,42.84,52.81
78.30,78.30,62.53,60.02,52.48
77.04,77.04,58.44,56.35,54.71
77.31,77.31,60.26,66.01,56.62
76.36,76.36,62.33,82.41,61.16
77.07,77.07,60.73,85.22,59.20
78.77,78.77,53.32,84.48,59.42
78.14,78.14,50.34,81.65,59.24
80.24,80.24,45.71,84.05,60.19
77.56,77.56,42.92,82.18,57.57
75.85,75.85,45.87,81.30,54.54
77.43,77.43,44.31,83.56,51.40
76.33,76.33,48.76,80.03,48.89
75.29,75.29,47.40,82.60,47.09
74.88,74.88,55.89,82.14,47.03
71.76,71.76,64.27,79.91,47.47
67.86,67.86,79.61,80.93,52.51
66.68,66.68,88.40,79.56,57.02
60.38,60.38,88.24,75.47,59.68
58.40,58.40,88.57,76.77,57.35
56.23,56.23,84.06,77.68,59.23
56.79,56.79,80.03,80.01,60.43
54.62,54.62,84.86,78.70,64.48
58.21,58.21,82.33,78.75,65.79
59.32,59.32,75.29,76.80,64.56
54.99,54.99,73.85,75.20,65.04
55.07,55.07,74.09,72.77,65.98
54.07,54.07,69.45,68.88,67.25
53.99,53.99,68.86,63.84,68.25
51.50,51.50,69.51,63.00,65.08
53.12,53.12,64.81,59.39,65.44
49.61,49.61,62.90,52.56,65.73
48.50,48.50,64.44,44.79,62.69
49.01,49.01,62.99,42.51,61.22
47.47,47.47,68.26,38.70,58.75
47.23,47.23,66.15,39.90,58.94
44.99,44.99,63.96,33.41,59.74
44.38,44.38,61.14,38.70,59.98
41.82,41.82,57.94,34.66,61.96
42.60,42.60,55.05,29.80,62.83
42.34,42.34,53.91,34.07,64.49
42.02,42.02,52.60,35.38,65.25
42.08,42.08,50.93,37.76,65.30
41.85,41.85,47.61,37.46,64.81
41.35,41.35,50.72,34.35,66.46
41.15,41.15,46.55,27.47,66.99
41.52,41.52,46.47,27.32,64.51
42.37,42.37,46.36,24.47,63.40
40.60,40.60,46.79,19.15,62.16
34.00,34.00,49.77,11.46,59.37
23.18,23.18,57.71,2.70,59.36
16.29,16.29,89.86,2.87,63.37
15.31,15.31,88.52,23.09,61.03
18.12,18.12,89.48,32.04,62.72
16.49,16.49,87.64,33.47,64.29
17.98,17.98,79.97,28.86,63.87
17.67,17.67,85.61,13.07,64.03
18.53,18.53,85.66,0.00,64.05
24.77,24.77,76.53,-0.00,64.64
29.08,29.08,77.04,0.01,63.41
33.02,33.02,74.87,0.02,63.95
34.62,34.62,70.56,0.14,64.98
34.63,34.63,70.58,1.13,65.74
36.28,36.28,66.08,6.17,66.49
35.92,35.92,65.25,9.26,64.10
34.48,34.48,64.23,16.59,66.17
25.49,25.49,64.12,20.08,63.85
13.49,13.49,59.91,22.67,63.17
16.62,16.62,68.39,25.26,65.03
15.18,15.18,70.35,39.47,64.63
13.70,13.70,68.71,48.18,64.75
16.69,16.69,66.11,58.77,64.46
18.70,18.70,63.61,74.99,64.41
21.55,21.55,59.82,88.27,66.77
26.00,26.00,57.48,89.34,65.93
29.14,29.14,55.50,86.78,64.52
29.72,29.72,52.87,87.40,66.22
29.63,29.63,51.53,86.24,63.33
30.81,30.81,51.09,85.47,65.75
33.51,33.51,50.05,84.78,64.40
33.29,33.29,48.73,85.56,64.27
34.76,34.76,49.67,82.98,62.29
31.28,31.28,55.30,83.93,61.75
20.52,20.52,62.73,84.42,58.41
16.38,16.38,71.27,82.28,56.14
12.64,12.64,84.11,82.75,57.94
15.35,15.35,89.97,81.63,53.97
8.46,8.46,86.87,78.72,52.51
12.48,12.48,87.02,77.02,54.96
16.67,16.67,81.30,67.57,57.14
26.10,26.10,80.44,47.43,56.63
27.57,27.57,86.53,47.57,59.18
30.00,30.00,79.41,40.12,62.27
34.22,34.22,73.23,29.01,61.33
31.40,31.40,74.72,27.98,60.29
21.46,21.46,74.71,20.19,57.52
21.49,21.49,70.58,14.86,57.56
22.61,22.61,66.64,20.22,58.29
25.74,25.74,69.42,23.80,57.51
29.57,29.57,64.78,35.41,57.79
35.22,35.22,61.41,33.77,57.50
40.25,40.25,61.36,48.33,56.33
47.43,47.43,61.20,68.26,57.76
64.36,64.36,68.38,67.30,65.58
72.41,72.41,68.98,73.27,68.06
72.68,72.68,67.46,85.66,67.36
69.64,69.64,65.94,85.23,66.81
69.28,69.28,62.90,84.44,65.56
72.39,72.39,60.78,83.83,64.91
71.69,71.69,60.65,84.28,63.74
72.06,72.06,60.32,83.15,64.64
70.53,70.53,58.44,83.71,64.91
67.68,67.68,58.62,82.97,64.53
63.98,63.98,57.60,83.17,65.78
57.16,57.16,56.66,83.46,66.17
50.80,50.80,55.79,83.53,65.80
47.17,47.17,56.04,82.92,64.92
42.94,42.94,57.61,81.01,64.64
36.62,36.62,64.66,81.91,63.70
32.76,32.76,70.63,79.64,63.20
27.59,27.59,79.56,77.42,62.33
30.23,30.23,92.77,73.49,59.42
30.67,30.67,88.01,61.24,58.74
29.97,29.97,90.14,48.87,59.17
37.08,37.08,84.53,52.95,61.00
41.47,41.47,82.30,46.92,58.93
40.43,40.43,87.03,40.01,58.95
38.56,38.56,81.06,32.39,59.93
38.76,38.76,74.35,25.31,59.59
39.35,39.35,75.41,23.91,62.13
45.91,45.91,74.03,24.64,65.94
62.04,62.04,70.94,19.32,72.75
63.92,63.92,65.22,19.52,76.63
64.18,64.18,68.36,19.54,70.72
60.77,60.77,66.77,21.69,78.45
62.32,62.32,66.84,17.50,68.04
57.77,57.77,71.69,10.61,52.26
44.80,44.80,76.87,4.93,48.23
47.28,47.28,84.56,12.26,49.51
51.65,51.65,80.00,15.80,48.63
56.11,56.11,80.26,25.95,49.39
58.33,58.33,77.50,26.56,46.78
60.65,60.65,78.29,23.04,47.01
61.41,61.41,76.14,19.50,45.06
61.82,61.82,74.11,23.01,43.08
59.31,59.31,73.84,16.76,49.20
58.73,58.73,73.11,17.80,55.65
65.98,65.98,74.39,15.79,64.82
68.79,68.79,72.04,15.15,61.09
77.48,77.48,69.47,18.46,56.92
79.91,79.91,68.54,28.76,53.60
80.72,80.72,68.18,31.93,52.13
79.57,79.57,69.81,43.25,54.05
79.60,79.60,72.95,62.70,52.12
76.56,76.56,86.93,77.73,61.41
73.45,73.45,89.70,75.51,66.42
77.31,77.31,86.49,81.77,67.55
76.16,76.16,83.43,85.27,67.81
77.19,77.19,82.49,83.22,71.86
78.96,78.96,79.20,82.70,71.41
79.42,79.42,81.84,81.38,72.70
79.52,79.52,76.41,81.15,72.40
79.72,79.72,73.79,79.15,70.49
79.59,79.59,71.58,83.51,70.34
79.74,79.74,71.37,78.96,70.93
77.97,77.97,72.07,82.79,71.86
79.28,79.28,66.51,84.74,71.59
75.40,75.40,66.34,82.92,73.82
76.43,76.43,64.91,83.75,73.19
80.95,80.95,68.43,79.68,70.60
77.71,77.71,70.61,80.90,66.56
81.35,81.35,79.32,81.11,64.17
78.50,78.50,84.08,78.61,58.44
79.30,79.30,81.13,80.22,55.64
80.44,80.44,78.70,81.72,52.47
80.08,80.08,74.88,81.85,52.72
79.00,79.00,75.38,81.16,53.68
78.11,78.11,75.08,81.90,54.30
75.92,75.92,74.73,81.62,51.40
77.29,77.29,74.77,79.28,47.59
79.35,79.35,77.12,79.97,49.22
75.86,75.86,84.02,80.61,48.42
70.16,70.16,82.57,79.91,47.84
67.46,67.46,80.59,77.68,46.20
66.80,66.80,78.12,80.71,50.75
65.10,65.10,74.85,77.61,51.69
71.21,71.21,75.00,76.60,51.87
76.10,76.10,75.26,70.68,57.14
74.27,74.27,82.40,64.49,62.34
71.10,71.10,91.83,67.49,59.44
72.69,72.69,89.25,61.97,63.49
74.12,74.12,87.37,66.03,65.49
74.93,74.93,82.70,66.45,65.76
82.75,82.75,83.13,64.82,66.73
79.02,79.02,84.11,58.71,65.03
76.69,76.69,82.40,43.01,62.65
76.41,76.41,79.65,28.77,64.19
77.44,77.44,79.33,28.67,66.82
81.16,81.16,79.36,26.24,65.03
81.01,81.01,79.47,16.39,63.99
82.49,82.49,78.18,11.62,64.15
80.27,80.27,79.08,20.29,64.52
80.68,80.68,79.14,15.64,61.95
78.01,78.01,79.08,21.63,63.95
80.55,80.55,77.82,30.69,61.79
80.24,80.24,77.57,50.17,62.02
80.36,80.36,76.92,58.70,61.28
80.19,80.19,76.77,57.12,61.54
78.70,78.70,74.99,72.29,64.32
77.65,77.65,74.99,84.95,63.34
75.89,75.89,73.61,90.13,62.14
75.81,75.81,72.81,88.12,61.22
75.48,75.48,73.41,88.83,62.96
79.72,79.72,72.24,86.62,61.56
81.33,81.33,71.62,86.10,61.08
75.58,75.58,72.90,85.72,60.77
81.96,81.96,71.93,85.38,69.59
82.28,82.28,69.57,85.46,71.35
82.68,82.68,70.86,84.28,69.95
79.94,79.94,70.49,84.05,69.59
80.23,80.23,71.17,83.35,70.74
80.23,80.23,73.33,82.30,71.53
77.93,77.93,80.25,80.95,72.56
75.51,75.51,91.00,81.09,67.90
77.78,77.78,87.32,76.49,68.96
79.28,79.28,87.81,73.08,70.26
79.98,79.98,78.65,66.19,72.61
78.78,78.78,81.84,58.39,71.95
78.12,78.12,85.57,43.16,73.98
77.69,77.69,82.80,25.89,73.78
72.45,72.45,75.02,7.88,74.80
71.40,71.40,74.75,7.00,75.89
76.66,76.66,74.55,9.15,76.02
74.11,74.11,71.43,6.55,76.86
66.44,66.44,70.70,10.40,76.52
62.32,62.32,70.18,10.64,77.81
58.40,58.40,69.04,16.45,76.29
63.08,63.08,66.96,19.19,75.65
68.10,68.10,67.99,30.08,76.21
75.93,75.93,67.12,45.00,75.69
79.38,79.38,66.95,53.95,74.21
82.40,82.40,67.34,61.16,72.59
80.83,80.83,64.73,84.28,72.74
80.96,80.96,62.10,88.53,71.99
78.98,78.98,60.62,87.88,70.76
83.25,83.25,59.43,86.31,70.72
84.94,84.94,57.93,86.29,69.60
79.50,79.50,57.80,85.72,70.16
83.18,83.18,57.89,84.56,70.03
84.78,84.78,60.61,85.69,68.93
83.07,83.07,60.32,84.02,69.68
83.94,83.94,60.48,84.50,68.17
83.68,83.68,58.76,84.24,69.97
83.90,83.90,55.85,84.79,69.98
84.86,84.86,56.43,84.05,70.45
83.28,83.28,65.11,81.99,71.06
78.12,78.12,78.79,80.92,70.38
75.49,75.49,88.24,80.09,69.44
74.01,74.01,89.53,79.48,69.44
74.03,74.03,88.22,76.87,69.98
76.39,76.39,84.66,74.79,69.96
75.88,75.88,79.96,66.99,71.18
77.34,77.34,83.76,60.59,71.89
77.50,77.50,85.21,52.12,70.81
78.28,78.28,75.60,39.20,70.71
79.89,79.89,76.77,31.75,72.89
79.05,79.05,73.74,25.11,72.44
79.45,79.45,70.85,32.45,71.75
79.99,79.99,69.26,34.33,72.40
78.96,78.96,66.45,27.62,72.26
79.21,79.21,64.46,28.46,72.25
79.41,79.41,64.68,35.64,72.30
80.08,80.08,66.01,38.47,71.81
77.12,77.12,60.26,50.25,71.88
73.47,73.47,62.38,60.54,71.66
82.63,82.63,64.84,65.80,72.83
84.64,84.64,65.37,67.14,70.50
84.06,84.06,63.31,86.96,69.34
79.73,79.73,61.32,89.00,69.86
79.59,79.59,59.78,86.83,70.94
82.49,82.49,57.20,86.04,69.03
81.46,81.46,53.10,86.83,70.10
81.14,81.14,49.99,85.14,69.33
83.73,83.73,49.46,85.29,69.22
81.15,81.15,48.98,85.68,69.38
79.14,79.14,46.29,84.95,69.41
83.00,83.00,45.51,85.29,68.34
83.71,83.71,47.64,85.39,68.01
81.23,81.23,51.71,84.23,64.58
80.80,80.80,55.82,85.16,56.02
81.58,81.58,65.94,83.46,50.32
74.21,74.21,80.40,80.95,52.33
72.94,72.94,89.30,77.54,54.67
77.43,77.43,88.42,73.33,56.74
76.84,76.84,86.68,64.00,62.16
79.80,79.80,81.68,60.43,64.69
81.37,81.37,80.55,53.71,65.54
80.28,80.28,84.71,50.36,61.67
84.32,84.32,80.71,48.69,64.69
78.31,78.31,75.61,40.02,68.80
81.68,81.68,74.36,29.13,71.32
80.11,80.11,74.90,23.94,77.59
77.89,77.89,70.60,20.86,74.14
79.53,79.53,66.69,25.21,73.82
77.87,77.87,67.08,21.24,79.06
78.40,78.40,67.80,16.77,69.76
77.21,77.21,62.09,24.29,78.80
75.82,75.82,65.21,20.66,76.72
76.56,76.56,62.26,22.69,73.70
76.03,76.03,63.69,24.39,76.45
85.59,85.59,64.85,30.94,67.88
85.21,85.21,64.06,26.51,53.21
85.50,85.50,64.06,28.46,50.95
84.67,84.67,61.92,24.43,49.17
88.51,88.51,60.05,29.06,52.87
87.46,87.46,58.57,30.92,59.80
86.82,86.82,56.62,23.91,68.83
85.81,85.81,49.36,24.99,70.43
86.28,86.28,57.93,28.43,69.88
85.35,85.35,51.98,29.68,70.09
84.67,84.67,53.54,33.39,69.05
83.19,83.19,53.71,33.39,66.75
85.60,85.60,56.18,34.72,66.03
84.50,84.50,59.01,19.76,69.05
83.99,83.99,60.95,10.67,71.50
84.03,84.03,75.83,8.08,74.12
77.05,77.05,92.69,12.67,72.36
79.65,79.65,87.60,24.78,72.46
80.50,80.50,87.04,29.06,74.10
80.34,80.34,82.11,27.36,74.54
79.79,79.79,81.52,18.20,72.80
79.86,79.86,86.55,1.75,73.83
81.18,81.18,80.99,0.35,74.26
80.08,80.08,74.86,0.28,74.82
80.04,80.04,72.68,0.02,76.39
79.47,79.47,73.56,0.03,74.18
80.37,80.37,68.12,0.01,73.95
80.36,80.36,62.73,1.36,75.14
80.66,80.66,68.39,12.89,75.69
80.54,80.54,67.81,24.96,75.53
80.24,80.24,62.79,30.41,75.18
76.80,76.80,63.83,34.07,76.38
76.95,76.95,66.97,44.17,76.07
77.64,77.64,71.64,51.76,75.08
77.18,77.18,72.31,69.93,76.40
80.51,80.51,71.42,82.64,75.06
80.67,80.67,69.25,86.67,73.30
78.47,78.47,68.54,85.56,72.28
78.12,78.12,68.47,84.79,73.82
76.59,76.59,66.74,84.66,74.55
72.30,72.30,66.36,83.65,73.87
72.49,72.49,66.19,84.32,74.39
71.92,71.92,66.21,83.83,74.33
69.34,69.34,66.00,83.00,75.96
68.34,68.34,65.53,82.43,75.90
69.10,69.10,63.39,82.68,75.12
66.59,66.59,63.03,83.67,74.24
61.91,61.91,61.09,82.92,72.67
58.65,58.65,67.75,81.72,73.73
56.07,56.07,78.60,75.66,70.44
55.30,55.30,88.66,71.58,69.95
57.51,57.51,88.58,66.53,72.48
58.62,58.62,86.32,62.47,73.11
60.86,60.86,83.60,46.08,73.37
59.71,59.71,79.74,34.55,73.39
62.79,62.79,85.61,32.36,73.61
65.74,65.74,79.46,26.36,74.49
68.31,68.31,76.03,21.75,73.78
70.95,70.95,75.20,9.97,73.59
70.70,70.70,71.65,6.72,73.21
72.63,72.63,69.16,1.12,72.79
71.06,71.06,70.80,2.16,73.57
71.17,71.17,71.20,5.05,74.59
70.09,70.09,65.54,8.22,73.58
72.35,72.35,60.63,10.24,74.71
71.24,71.24,62.97,11.26,74.68
71.11,71.11,61.96,24.21,76.15
71.57,71.57,68.49,39.02,76.00
67.70,67.70,71.31,58.77,75.28
65.34,65.34,72.27,66.00,75.13
60.59,60.59,71.73,65.52,74.40
59.12,59.12,72.27,84.44,74.01
57.24,57.24,70.34,86.98,74.59
58.84,58.84,70.46,84.21,74.80
62.88,62.88,68.18,84.06,73.91
72.38,72.38,66.24,82.17,73.48
79.13,79.13,66.55,83.28,73.02
83.67,83.67,65.41,83.79,74.22
83.32,83.32,65.82,82.42,73.57
82.93,82.93,64.49,83.39,72.99
84.12,84.12,63.35,81.06,73.76
77.92,77.92,62.82,82.53,74.92
72.08,72.08,66.62,80.35,76.14
63.27,63.27,70.99,80.11,75.34
69.03,69.03,86.26,80.31,74.21
73.19,73.19,85.97,75.97,72.57
76.16,76.16,88.10,69.62,73.08
78.80,78.80,86.07,61.78,72.64
83.16,83.16,78.18,59.48,73.97
84.85,84.85,83.73,50.82,73.56
85.67,85.67,85.21,37.26,73.77
82.96,82.96,76.35,34.12,73.63
81.81,81.81,75.06,28.32,73.52
71.84,71.84,75.14,34.43,72.93
66.81,66.81,70.58,35.60,73.38
60.36,60.36,72.24,33.28,74.74
61.34,61.34,63.00,32.13,74.02
62.92,62.92,64.28,30.12,75.18
62.99,62.99,68.13,22.32,75.49
64.12,64.12,62.23,23.65,73.69
61.12,61.12,59.00,23.24,74.17
73.03,73.03,66.57,41.92,75.02
74.39,74.39,67.65,52.18,75.70
82.89,82.89,69.62,55.12,75.21
85.76,85.76,71.75,63.28,74.44
86.39,86.39,70.08,85.16,73.60
83.09,83.09,69.68,85.99,73.34
82.01,82.01,68.86,83.96,73.92
79.92,79.92,69.27,84.85,74.17
77.37,77.37,67.84,84.29,74.34
79.52,79.52,67.21,83.19,73.51
84.57,84.57,66.41,81.89,72.72
84.56,84.56,65.18,83.47,73.84
81.13,81.13,64.56,83.08,73.13
76.88,76.88,64.03,80.31,73.43
77.34,77.34,62.43,82.64,72.83
82.77,82.77,64.32,82.43,68.92
82.31,82.31,71.99,78.41,62.25
78.31,78.31,82.19,73.77,59.02
77.03,77.03,90.87,73.45,54.88
76.19,76.19,87.47,67.52,50.48
75.91,75.91,87.19,67.65,45.08
77.96,77.96,81.54,61.78,46.01
78.35,78.35,80.63,59.08,51.51
78.14,78.14,85.06,53.65,53.64
77.47,77.47,81.01,49.17,50.31
76.21,76.21,72.25,41.69,53.09
70.99,70.99,74.72,40.42,55.82
66.18,66.18,73.63,40.63,51.84
65.71,65.71,72.91,42.67,47.68
64.56,64.56,67.45,41.63,45.09
63.37,63.37,68.29,39.43,46.83
62.21,62.21,65.76,38.29,48.59
61.59,61.59,65.24,35.58,49.57
58.49,58.49,63.79,31.43,48.86
58.17,58.17,69.32,32.81,45.55
59.81,59.81,69.86,32.81,41.97
72.84,72.84,70.88,36.52,38.18
81.81,81.81,71.17,32.35,38.08
82.68,82.68,68.78,33.68,30.21
83.44,83.44,69.69,31.24,31.74
81.05,81.05,68.94,33.01,37.04
80.77,80.77,68.67,35.06,36.43
81.27,81.27,69.72,39.07,38.74
83.02,83.02,67.03,40.86,35.73
76.62,76.62,65.70,38.80,32.85
72.59,72.59,65.23,36.83,34.81
75.08,75.08,64.01,32.52,35.83
75.10,75.10,63.90,18.95,40.96
76.21,76.21,63.64,26.20,44.62
74.01,74.01,64.52,14.41,46.16
70.43,70.43,66.47,1.22,49.49
65.70,65.70,80.42,0.01,61.14
62.81,62.81,92.22,2.13,57.93
63.16,63.16,89.14,8.58,56.56
65.49,65.49,87.19,9.55,59.81
84.98,84.98,83.34,5.43,61.49
81.87,81.87,82.48,0.16,61.40
82.38,82.38,84.26,-0.00,59.14
78.18,78.18,81.82,-0.00,59.77
81.85,81.85,75.73,0.33,59.68
81.37,81.37,74.76,4.83,59.81
80.86,80.86,74.83,7.07,61.21
81.39,81.39,72.34,7.09,59.59
79.02,79.02,63.76,9.37,59.89
80.59,80.59,67.63,11.76,60.82
79.56,79.56,67.39,17.25,61.15
80.01,80.01,61.41,21.71,60.75
80.29,80.29,63.65,27.84,59.27
78.78,78.78,63.11,49.63,58.03
77.56,77.56,69.80,50.96,58.91
78.32,78.32,70.23,64.83,61.18
81.84,81.84,68.40,81.23,62.13
80.13,80.13,64.46,85.50,61.44
79.79,79.79,63.97,85.12,61.88
77.78,77.78,62.04,82.23,61.20
79.01,79.01,60.32,84.66,61.60
79.17,79.17,57.73,81.91,61.02
75.81,75.81,56.25,82.41,62.45
73.83,73.83,55.44,83.30,62.91
74.56,74.56,55.15,79.74,62.57
72.16,72.16,51.70,82.93,62.76
64.99,64.99,48.52,82.60,61.13
58.77,58.77,46.32,79.36,60.04
57.04,57.04,53.91,82.50,57.03
48.87,48.87,61.26,80.65,53.76
49.55,49.55,77.76,78.69,53.10
51.37,51.37,86.05,81.28,50.64
50.21,50.21,92.79,77.96,42.92
50.28,50.28,85.55,74.69,42.57
54.07,54.07,86.21,72.01,46.24
55.63,55.63,80.48,61.71,46.14
58.44,58.44,84.61,56.98,44.93
62.19,62.19,86.20,44.63,46.52
57.24,57.24,79.68,43.51,54.32
58.69,58.69,74.22,42.86,54.26
58.31,58.31,75.32,35.67,51.04
68.57,68.57,74.23,33.94,45.11
73.25,73.25,72.23,29.22,42.22
74.81,74.81,66.97,20.90,36.55
70.78,70.78,66.80,17.85,37.85
68.75,68.75,67.90,18.11,39.99
67.62,67.62,60.36,16.44,44.74
67.97,67.97,66.95,29.01,58.15
78.03,78.03,67.86,49.07,63.91
83.37,83.37,70.61,48.02,63.10
83.74,83.74,68.63,56.62,61.87
84.54,84.54,67.10,62.14,61.22
85.27,85.27,65.04,82.06,60.08
85.04,85.04,59.97,86.32,58.50
87.63,87.63,58.01,85.09,58.95
84.28,84.28,53.86,84.47,58.62
86.98,86.98,53.51,84.37,58.68
83.91,83.91,49.73,83.90,56.94
86.33,86.33,52.03,83.35,58.27
83.24,83.24,50.21,84.09,54.75
84.91,84.91,46.77,81.97,55.74
85.39,85.39,43.35,84.00,54.41
83.18,83.18,45.66,82.52,57.84
83.69,83.69,57.36,83.02,56.88
80.21,80.21,67.14,80.53,59.21
78.49,78.49,81.93,79.49,57.23
74.58,74.58,88.51,71.39,50.84
76.41,76.41,89.68,63.19,47.63
79.10,79.10,85.08,52.86,47.88
74.46,74.46,80.20,55.90,50.83
75.33,75.33,81.40,47.45,48.21
76.45,76.45,82.85,36.91,50.09
76.04,76.04,78.43,34.00,43.99
77.50,77.50,73.92,30.31,46.25
77.55,77.55,72.56,21.41,45.02
76.85,76.85,69.05,27.97,46.91
72.21,72.21,71.50,24.93,46.85
74.63,74.63,61.20,29.02,45.51
75.79,75.79,67.40,26.77,45.72
77.44,77.44,67.40,28.11,49.01
76.68,76.68,60.37,25.65,47.23
75.49,75.49,60.40,36.81,39.79
76.83,76.83,60.57,48.66,45.01
76.51,76.51,64.07,57.05,50.92
76.24,76.24,67.50,67.97,57.08
76.23,76.23,68.06,83.94,61.80
77.58,77.58,66.35,83.97,58.98
80.17,80.17,64.48,85.43,60.35
79.73,79.73,61.03,81.58,63.11
75.98,75.98,59.85,84.06,62.47
74.81,74.81,60.74,83.17,63.63
75.15,75.15,58.89,79.58,62.09
74.54,74.54,58.20,83.23,60.80
75.15,75.15,57.36,81.81,60.26
75.63,75.63,54.93,80.07,58.35
75.35,75.35,54.42,82.68,57.86
73.78,73.78,55.55,80.13,55.23
70.37,70.37,65.33,80.93,53.91
65.29,65.29,72.32,80.20,50.97
64.29,64.29,86.20,76.43,58.36
60.98,60.98,90.30,76.70,59.72
56.36,56.36,88.65,71.89,55.74
55.93,55.93,89.27,64.09,61.95
55.38,55.38,85.75,60.10,62.79
56.25,56.25,82.45,55.76,60.74
53.39,53.39,86.24,46.16,59.90
53.06,53.06,85.63,44.47,61.10
54.90,54.90,76.41,45.43,59.29
53.27,53.27,76.18,40.45,60.25
49.67,49.67,73.43,42.67,60.17
51.30,51.30,72.60,38.61,56.63
51.87,51.87,70.05,38.14,54.76
53.99,53.99,68.19,42.04,51.75
53.16,53.16,64.87,41.86,48.14
52.15,52.15,66.66,37.96,46.75
52.89,52.89,66.00,36.52,43.42
49.34,49.34,60.02,35.13,39.58
52.69,52.69,69.49,36.16,39.07
53.28,53.28,69.44,36.16,36.54
58.61,58.61,66.29,37.76,35.17
61.74,61.74,60.83,36.23,33.40
70.54,70.54,56.57,34.10,31.09
75.74,75.74,52.17,36.64,33.80
81.25,81.25,51.71,38.03,35.28
82.23,82.23,54.66,37.72,34.48
81.41,81.41,55.34,42.38,33.36
79.97,79.97,55.69,37.00,32.88
80.22,80.22,56.26,38.81,32.61
81.38,81.38,52.70,36.52,32.28
80.44,80.44,51.49,30.44,31.16
80.02,80.02,46.76,29.31,34.41
80.77,80.77,49.78,17.46,35.80
76.78,76.78,52.26,4.43,40.49
70.39,70.39,69.92,0.14,56.30
73.40,73.40,92.86,0.03,55.36
79.51,79.51,88.25,0.19,59.20
80.39,80.39,87.13,0.08,59.96
77.33,77.33,82.56,-0.00,57.80
75.48,75.48,80.99,-0.00,57.06
77.88,77.88,85.17,-0.00,57.78
80.66,80.66,78.13,-0.00,59.50
82.28,82.28,76.23,-0.00,63.73
78.61,78.61,72.33,0.22,60.19
77.61,77.61,71.35,2.97,60.45
84.03,84.03,71.14,5.80,60.32
84.95,84.95,63.70,4.58,58.84
84.58,84.58,66.95,13.41,57.78
83.47,83.47,63.76,21.18,57.25
80.37,80.37,61.61,24.70,57.90
83.56,83.56,60.18,27.53,57.59
82.30,82.30,60.36,40.34,58.26
76.48,76.48,72.12,53.33,58.74
81.63,81.63,71.46,69.22,56.72
81.40,81.40,69.73,71.52,58.20
79.68,79.68,67.25,72.83,58.89
81.74,81.74,63.55,87.40,62.03
81.05,81.05,60.19,87.67,60.78
68.93,68.93,57.20,87.78,59.49
67.99,67.99,54.26,86.01,57.77
72.33,72.33,50.38,85.48,58.39
77.13,77.13,45.59,85.88,58.85
77.87,77.87,44.05,84.89,61.09
76.82,76.82,43.50,83.51,60.82
74.04,74.04,41.09,84.15,59.78
68.06,68.06,43.04,83.29,61.62
68.85,68.85,53.22,83.34,59.41
73.16,73.16,60.38,83.35,54.08
75.85,75.85,74.87,81.97,54.61
74.53,74.53,83.49,81.21,58.22
71.14,71.14,87.48,78.64,53.93
76.13,76.13,86.39,76.14,51.68
79.28,79.28,85.23,74.69,53.20
78.74,78.74,77.97,70.50,55.55
80.54,80.54,81.82,63.52,54.96
79.76,79.76,86.70,47.65,57.58
81.46,81.46,80.38,49.09,57.06
82.82,82.82,73.33,35.93,57.44
84.26,84.26,73.85,46.17,54.66
83.56,83.56,74.60,47.99,55.14
83.29,83.29,68.20,43.04,52.14
83.86,83.86,68.19,38.83,53.62
83.90,83.90,68.40,36.85,51.26
84.36,84.36,65.61,44.14,47.52
84.43,84.43,61.98,39.52,46.88
82.67,82.67,62.02,46.35,49.80
81.70,81.70,60.39,63.84,55.85
75.52,75.52,68.90,69.70,59.09
78.76,78.76,67.55,58.80,57.94
80.03,80.03,63.64,82.46,61.46
77.89,77.89,61.17,88.07,61.79
74.82,74.82,55.35,86.34,61.30
76.47,76.47,51.09,85.53,62.45
76.40,76.40,44.89,85.82,61.44
70.35,70.35,38.56,84.86,60.25
70.36,70.36,38.32,84.19,59.41
70.18,70.18,39.49,84.16,60.11
71.25,71.25,37.38,84.02,61.34
69.00,69.00,30.30,83.46,55.92
66.69,66.69,30.77,81.59,54.88
66.54,66.54,47.80,79.94,50.52
64.89,64.89,60.21,68.71,49.97
63.63,63.63,65.75,56.28,49.80
70.93,70.93,77.46,55.91,60.61
77.96,77.96,92.37,66.85,63.01
82.59,82.59,89.21,68.68,64.44
78.79,78.79,88.62,70.47,63.35
73.37,73.37,82.37,72.98,64.59
75.23,75.23,82.37,69.10,65.31
77.70,77.70,88.28,68.56,64.03
80.03,80.03,82.48,61.74,67.95
82.15,82.15,72.35,61.50,67.40
82.82,82.82,75.49,65.10,68.40
81.17,81.17,74.59,63.30,66.05
80.78,80.78,71.07,68.14,69.75
78.89,78.89,66.30,68.50,68.94
79.67,79.67,69.99,70.72,72.64
76.46,76.46,70.81,68.08,73.60
79.46,79.46,66.12,68.16,74.32
82.54,82.54,67.70,70.72,74.25
80.29,80.29,68.79,68.55,72.98
79.12,79.12,72.88,67.37,70.61
79.26,79.26,73.63,65.86,65.68
77.37,77.37,73.76,65.47,68.78
79.11,79.11,72.22,59.21,68.53
79.00,79.00,71.59,60.41,70.23
80.12,80.12,71.69,58.07,69.31
80.78,80.78,70.36,59.38,69.26
79.27,79.27,70.67,58.32,68.35
79.73,79.73,70.63,61.88,66.39
79.45,79.45,70.63,61.29,66.76
79.14,79.14,69.64,63.04,66.84
75.71,75.71,69.26,62.75,67.59
77.33,77.33,68.46,59.86,66.39
78.07,78.07,68.67,56.23,66.38
74.91,74.91,68.93,47.45,64.96
76.38,76.38,71.10,37.59,58.31
77.72,77.72,76.25,31.95,59.41
75.46,75.46,92.11,45.32,59.72
76.49,76.49,88.44,50.57,58.01
74.57,74.57,89.63,52.17,59.10
77.47,77.47,82.98,57.41,61.94
80.82,80.82,80.46,56.66,64.17
82.81,82.81,86.36,54.50,61.31
82.92,82.92,79.91,58.76,63.38
81.08,81.08,76.76,60.03,63.96
80.44,80.44,79.47,63.01,59.39
82.79,82.79,83.36,68.52,60.33
81.16,81.16,82.06,67.37,60.98
80.05,80.05,79.50,67.93,60.74
80.31,80.31,77.30,66.71,65.19
78.69,78.69,77.79,65.52,66.12
81.97,81.97,76.57,67.03,64.83
80.90,80.90,74.62,64.64,64.62
79.75,79.75,77.05,71.12,58.78
79.46,79.46,84.58,72.74,58.45
77.07,77.07,83.26,64.62,59.55
76.88,76.88,81.78,68.10,58.81
75.82,75.82,77.86,67.88,59.20
77.28,77.28,74.41,69.28,57.78
76.72,76.72,73.03,67.02,59.52
76.32,76.32,71.25,68.23,58.31
78.05,78.05,71.14,67.46,56.94
72.53,72.53,74.06,68.45,56.63
77.14,77.14,82.36,69.13,59.70
76.33,76.33,82.41,59.05,58.34
78.04,78.04,80.09,51.23,60.08
75.39,75.39,77.43,53.45,61.00
81.15,81.15,76.05,54.97,63.66
80.34,80.34,73.48,54.27,63.90
79.27,79.27,74.90,48.30,64.77
83.71,83.71,74.59,45.85,66.67
83.65,83.65,83.44,52.64,70.58
84.66,84.66,89.05,61.68,67.58
81.57,81.57,90.31,70.26,65.64
79.03,79.03,86.95,84.27,66.23
74.86,74.86,81.29,86.33,65.61
72.96,72.96,80.54,83.50,67.75
74.43,74.43,80.44,84.01,68.39
70.28,70.28,80.89,83.38,67.77
68.73,68.73,76.73,83.19,66.47
68.79,68.79,77.45,84.71,68.49
77.73,77.73,77.05,83.70,67.83
83.21,83.21,76.56,82.87,66.23
85.23,85.23,76.79,84.07,67.84
84.52,84.52,76.11,82.47,69.71
81.70,81.70,76.36,83.04,71.92
79.85,79.85,75.33,83.11,72.37
83.81,83.81,76.01,83.67,71.36
83.16,83.16,76.66,84.01,69.14
82.96,82.96,77.65,83.08,68.06
79.37,79.37,76.79,83.54,72.36
75.53,75.53,74.81,85.95,70.89
76.19,76.19,74.43,81.75,73.36
83.81,83.81,75.02,79.26,71.37
81.32,81.32,74.22,80.43,72.29
81.94,81.94,73.51,79.38,71.85
78.90,78.90,73.93,78.22,71.80
83.51,83.51,74.70,76.43,71.34
83.02,83.02,73.67,76.41,69.60
83.86,83.86,73.00,77.55,68.09
81.40,81.40,72.31,78.39,69.54
83.47,83.47,72.16,78.64,66.09
81.11,81.11,71.59,78.53,69.26
81.73,81.73,71.57,77.08,67.67
76.50,76.50,74.55,75.16,66.61
74.50,74.50,88.71,74.50,68.18
72.80,72.80,86.30,67.21,68.81
74.77,74.77,87.76,68.01,68.03
76.92,76.92,83.94,67.61,68.19
77.43,77.43,81.19,76.86,69.09
76.59,76.59,84.81,83.92,69.87
80.11,80.11,82.98,83.16,68.28
78.74,78.74,70.14,83.13,69.00
72.64,72.64,77.64,82.87,67.47
83.30,83.30,71.44,82.95,70.31
86.34,86.34,70.62,83.66,68.70
86.64,86.64,71.69,82.94,70.06
81.08,81.08,68.51,83.29,67.64
87.37,87.37,65.17,82.80,69.40
84.97,84.97,66.89,83.42,70.20
83.32,83.32,67.15,81.62,67.77
86.56,86.56,64.62,82.70,68.73
85.27,85.27,65.56,82.19,69.30
79.39,79.39,66.16,80.20,68.93
73.67,73.67,69.54,78.42,69.78
69.52,69.52,69.43,79.74,69.05
64.31,64.31,66.37,76.58,71.97
62.00,62.00,64.13,82.61,74.37
63.17,63.17,63.33,82.82,72.27
69.92,69.92,63.71,81.64,72.94
75.08,75.08,63.54,79.95,74.70
83.51,83.51,62.64,79.08,74.24
83.24,83.24,63.22,74.68,71.36
81.87,81.87,64.45,77.80,70.05
83.17,83.17,62.98,77.16,70.76
78.45,78.45,60.25,76.62,71.83
73.00,73.00,58.53,77.52,72.70
67.61,67.61,62.11,76.81,71.03
75.72,75.72,69.99,76.92,68.80
78.44,78.44,82.94,77.76,67.77
81.84,81.84,87.22,76.48,66.16
81.06,81.06,89.10,77.82,62.94
81.95,81.95,85.14,76.61,62.25
82.97,82.97,78.05,77.43,64.62
79.63,79.63,86.24,81.76,65.77
81.87,81.87,83.24,81.57,64.16
82.03,82.03,78.89,82.45,67.71
74.08,74.08,75.79,83.82,69.43
68.57,68.57,68.70,82.96,69.16
62.69,62.69,67.72,84.87,69.95
60.51,60.51,71.69,84.17,72.62
64.12,64.12,66.43,84.97,71.87
61.80,61.80,65.55,83.78,71.34
66.94,66.94,67.18,83.49,70.18
69.40,69.40,64.16,83.07,69.95
79.26,79.26,61.47,83.99,69.74
89.70,89.70,66.78,81.38,70.49
81.48,81.48,71.53,81.11,69.16
81.64,81.64,73.80,85.13,67.85
82.03,82.03,73.13,83.89,69.93
80.61,80.61,69.27,86.39,70.72
81.16,81.16,67.07,81.50,71.08
83.08,83.08,65.60,78.94,72.31
83.69,83.69,62.41,77.94,71.15
78.00,78.00,63.73,80.16,71.03
73.19,73.19,62.61,77.45,71.96
73.88,73.88,64.44,78.06,73.53
74.12,74.12,67.15,77.29,72.09
72.10,72.10,63.82,77.75,72.03
71.31,71.31,63.15,77.57,72.20
70.81,70.81,61.34,78.24,69.77
72.32,72.32,63.24,78.73,68.20
69.66,69.66,69.95,79.53,67.76
77.25,77.25,71.22,77.59,66.19
80.96,80.96,84.37,75.46,66.86
80.10,80.10,87.90,64.41,64.32
79.80,79.80,88.17,65.04,66.71
80.72,80.72,85.58,72.12,68.83
83.22,83.22,77.77,77.08,69.04
82.11,82.11,81.52,80.66,71.57
81.82,81.82,82.57,83.54,72.29
77.53,77.53,76.76,80.37,72.87
82.75,82.75,74.54,82.56,71.12
83.07,83.07,70.90,83.33,71.24
83.99,83.99,70.30,82.98,71.41
79.22,79.22,71.36,84.44,71.17
83.10,83.10,68.93,83.18,71.21
85.93,85.93,61.39,84.38,68.74
85.33,85.33,67.87,83.32,69.22
83.15,83.15,62.43,83.12,69.81
81.05,81.05,64.58,84.40,69.63
86.86,86.86,69.78,83.61,70.25
84.75,84.75,72.55,78.91,70.82
78.25,78.25,71.65,76.40,70.83
79.52,79.52,68.66,79.62,70.20
84.30,84.30,64.14,82.61,71.06
84.79,84.79,63.46,84.38,70.19
84.33,84.33,63.04,80.15,70.29
79.74,79.74,60.26,82.59,71.59
79.05,79.05,60.33,82.60,73.15
80.76,80.76,57.62,82.34,72.09
80.72,80.72,68.38,84.99,71.95
80.30,80.30,71.70,84.05,71.32
80.81,80.81,60.54,84.34,71.96
80.55,80.55,60.78,85.45,68.91
81.69,81.69,57.57,83.20,70.49
79.99,79.99,62.28,79.78,67.99
80.33,80.33,67.80,66.31,70.08
80.44,80.44,77.39,54.45,69.75
80.53,80.53,90.52,57.06,71.60
80.52,80.52,90.40,59.69,71.54
79.95,79.95,86.04,64.80,69.06
81.43,81.43,76.20,78.79,73.32
82.69,82.69,76.04,82.77,74.88
77.70,77.70,80.22,80.81,72.69
75.24,75.24,81.09,80.36,70.76
77.19,77.19,71.79,80.46,71.60
79.72,79.72,70.23,80.70,71.77
81.92,81.92,69.20,77.50,71.33
83.93,83.93,70.67,79.08,71.63
84.99,84.99,66.86,79.80,72.63
82.77,82.77,65.00,79.63,73.54
80.42,80.42,63.66,78.98,73.27
78.35,78.35,61.37,80.61,73.69
81.98,81.98,64.11,82.24,73.58
83.73,83.73,69.59,84.51,71.47
80.08,80.08,69.77,83.38,74.70
74.26,74.26,72.51,83.07,74.70
75.84,75.84,70.17,82.80,77.79
80.89,80.89,66.18,76.54,76.41
85.29,85.29,63.85,77.28,77.73
85.34,85.34,59.49,80.56,73.65
81.17,81.17,57.46,82.96,75.31
80.21,80.21,55.29,82.83,73.52
78.74,78.74,58.50,83.35,73.24
75.70,75.70,60.95,83.57,72.65
82.19,82.19,59.55,84.34,71.86
80.28,80.28,60.79,84.51,71.50
79.44,79.44,56.98,84.92,70.33
80.59,80.59,55.33,84.32,69.87
82.77,82.77,63.22,84.05,70.86
80.28,80.28,71.01,84.35,68.75
75.62,75.62,85.64,84.62,65.68
73.48,73.48,87.55,79.83,65.95
71.57,71.57,86.24,73.16,65.30
72.64,72.64,84.88,73.72,68.09
75.61,75.61,80.98,79.30,68.12
75.95,75.95,81.09,81.88,70.67
79.46,79.46,79.05,81.22,72.02
79.24,79.24,77.44,81.85,71.35
76.92,76.92,71.34,81.70,69.20
74.22,74.22,71.03,80.89,70.72
75.75,75.75,70.40,82.50,71.09
79.64,79.64,70.68,82.87,73.76
78.97,78.97,70.46,83.53,74.99
83.03,83.03,68.64,81.96,74.46
82.97,82.97,67.50,82.07,72.71
84.08,84.08,65.14,82.98,71.88
81.60,81.60,65.66,82.52,70.51
82.54,82.54,68.28,83.96,70.60
77.65,77.65,72.09,85.12,69.62
70.91,70.91,71.52,84.15,71.24
68.26,68.26,70.44,82.17,72.83
69.78,69.78,67.82,75.81,77.49
67.51,67.51,64.89,74.44,75.97
67.58,67.58,62.99,77.09,72.73
68.26,68.26,59.73,77.35,72.05
68.83,68.83,58.76,78.82,71.83
74.30,74.30,62.49,79.53,72.96
84.08,84.08,63.16,80.60,73.15
86.45,86.45,63.56,81.08,75.86
85.02,85.02,62.43,81.32,73.81
82.15,82.15,59.42,81.20,73.93
81.66,81.66,56.69,82.02,74.35
77.03,77.03,60.85,83.01,71.54
81.09,81.09,68.00,82.77,71.51
77.11,77.11,76.37,82.03,70.53
76.85,76.85,89.21,79.40,67.61
78.56,78.56,88.55,73.92,69.44
79.79,79.79,89.74,75.46,67.83
79.18,79.18,82.38,72.02,70.31
78.40,78.40,79.19,79.99,70.87
79.95,79.95,85.35,82.50,70.87
81.10,81.10,83.19,81.99,68.92
82.77,82.77,77.13,82.78,69.65
77.90,77.90,72.71,83.05,67.34
77.66,77.66,69.57,82.36,64.50
74.58,74.58,69.05,81.14,68.64
73.05,73.05,65.53,82.02,69.35
66.77,66.77,70.83,82.49,68.82
67.19,67.19,62.25,82.50,69.01
65.75,65.75,61.86,82.90,69.40
72.07,72.07,61.03,82.98,68.02
76.85,76.85,62.93,83.57,69.24
76.74,76.74,80.91,81.06,70.09
79.88,79.88,78.69,83.02,68.55
82.36,82.36,78.10,81.28,71.43
81.54,81.54,78.11,76.91,73.45
81.89,81.89,76.75,83.69,73.72
82.73,82.73,76.28,82.62,73.54
81.85,81.85,74.43,82.46,71.75
84.31,84.31,72.59,83.33,72.83
85.62,85.62,71.88,84.53,73.35
84.75,84.75,70.49,85.31,72.91
81.81,81.81,68.98,84.62,72.37
77.39,77.39,68.59,84.80,71.81
80.40,80.40,67.63,85.30,68.72
83.87,83.87,66.38,84.95,70.84
87.10,87.10,67.73,84.46,69.06
87.65,87.65,69.59,83.90,65.83
84.14,84.14,79.24,82.59,66.09
75.71,75.71,86.69,83.48,65.59
78.05,78.05,87.02,81.21,63.82
79.75,79.75,86.54,78.65,65.70
82.44,82.44,85.39,74.49,68.70
83.41,83.41,79.66,72.98,69.76
82.04,82.04,79.99,81.88,67.94
80.94,80.94,78.70,79.24,65.59
81.99,81.99,76.55,80.19,66.37
82.30,82.30,73.63,81.89,70.23
83.64,83.64,71.83,82.85,73.75
81.16,81.16,70.99,82.40,74.35
80.31,80.31,67.94,82.14,74.55
75.36,75.36,65.92,82.14,73.33
84.62,84.62,63.01,82.61,74.41
79.30,79.30,64.31,82.85,70.88
74.98,74.98,63.66,83.35,70.29
75.49,75.49,65.30,84.28,68.39
76.58,76.58,78.25,83.07,69.04
78.60,78.60,77.72,83.80,69.28
78.85,78.85,77.86,80.58,71.04
78.99,78.99,75.89,82.30,68.19
80.51,80.51,74.66,82.40,69.89
77.75,77.75,73.66,82.09,70.87
74.40,74.40,74.34,81.17,70.27
69.24,69.24,73.21,81.64,69.95
66.03,66.03,72.50,80.70,69.66
65.01,65.01,71.54,80.98,70.48
61.05,61.05,71.65,81.05,73.90
61.58,61.58,71.44,81.85,73.13
63.55,63.55,69.88,82.91,73.45
64.51,64.51,69.49,83.69,75.26
63.63,63.63,69.21,84.54,70.19
67.84,67.84,69.35,83.91,69.56
72.34,72.34,77.08,83.62,70.70
69.33,69.33,90.59,81.37,67.29
78.52,78.52,87.95,73.44,67.06
82.59,82.59,87.48,74.00,64.76
78.84,78.84,84.67,80.16,67.74
78.58,78.58,76.39,78.03,66.48
77.42,77.42,83.15,83.58,69.16
76.33,76.33,82.96,78.45,69.60
76.31,76.31,75.69,82.64,69.33
76.02,76.02,69.92,81.89,71.02
76.76,76.76,70.51,77.62,73.74
77.51,77.51,65.61,82.41,72.01
79.57,79.57,66.63,83.23,72.50
81.68,81.68,62.51,82.94,76.26
80.61,80.61,63.72,84.42,74.61
78.80,78.80,64.53,83.68,73.14
79.05,79.05,66.56,82.53,76.74
78.44,78.44,66.40,83.02,73.16
76.37,76.37,75.96,80.40,73.65
80.82,80.82,76.39,81.78,75.93
79.11,79.11,73.84,78.98,72.90
81.33,81.33,71.81,78.42,74.87
80.83,80.83,69.01,76.88,75.82
80.55,80.55,66.48,78.69,74.26
80.59,80.59,64.35,80.54,73.49
81.53,81.53,60.64,81.99,73.40
81.63,81.63,58.81,82.87,70.68
81.10,81.10,61.87,83.35,68.80
81.54,81.54,64.05,84.82,67.24
80.94,80.94,59.81,84.52,67.54
83.28,83.28,59.52,85.26,66.16
83.08,83.08,56.69,83.94,68.71
82.33,82.33,55.60,85.42,68.47
81.16,81.16,59.91,84.83,68.70
81.14,81.14,67.63,85.04,65.43
80.23,80.23,81.21,79.91,63.69
76.46,76.46,90.49,72.99,63.12
76.22,76.22,87.36,74.18,60.90
76.93,76.93,87.44,76.90,64.99
77.35,77.35,84.33,76.91,66.23
69.02,69.02,80.35,81.38,67.30
73.04,73.04,81.41,78.42,70.91
70.60,70.60,84.66,79.49,70.15
62.16,62.16,75.39,80.05,69.66
68.79,68.79,72.01,79.50,71.30
66.60,66.60,70.95,78.95,74.74
63.67,63.67,70.84,81.05,72.53
63.21,63.21,72.92,81.02,71.47
59.38,59.38,67.76,83.92,74.00
58.53,58.53,65.14,85.30,74.97
61.24,61.24,65.76,84.38,74.06
70.10,70.10,66.74,84.93,71.53
71.72,71.72,69.97,83.48,70.53
78.02,78.02,71.42,81.44,70.33
85.05,85.05,73.54,78.90,69.49
81.29,81.29,72.23,81.98,69.71
83.35,83.35,70.59,82.73,71.57
84.85,84.85,68.02,78.61,70.71
83.82,83.82,66.43,73.59,66.82
82.70,82.70,64.70,76.57,68.81
82.32,82.32,62.18,78.60,71.19
83.71,83.71,60.72,79.20,72.48
85.23,85.23,63.16,79.88,73.29
84.03,84.03,63.90,81.53,73.20
82.11,82.11,63.57,80.73,76.21
82.26,82.26,60.02,81.91,74.58
80.91,80.91,59.50,82.03,74.14
80.05,80.05,59.49,83.43,74.41
78.91,78.91,63.84,82.17,73.90
77.56,77.56,71.86,81.69,72.10
76.23,76.23,86.42,80.37,72.71
74.17,74.17,86.74,78.05,73.52
75.85,75.85,86.67,70.64,73.07
77.78,77.78,85.57,76.00,70.03
76.35,76.35,78.20,82.09,69.00
75.22,75.22,81.39,85.01,69.74
72.16,72.16,83.68,83.26,69.14
71.62,71.62,73.45,84.60,69.11
69.14,69.14,71.56,85.41,70.14
73.85,73.85,66.92,81.95,69.62
70.98,70.98,70.60,83.48,71.32
71.68,71.68,71.27,85.18,72.17
73.66,73.66,66.35,82.06,72.72
74.35,74.35,64.18,84.73,71.65
72.04,72.04,65.47,83.87,71.04
70.39,70.39,63.24,81.55,70.61
68.28,68.28,63.73,84.23,69.58
67.17,67.17,69.16,79.82,72.45
69.21,69.21,74.03,83.00,71.22
70.20,70.20,71.37,81.52,72.85
70.10,70.10,71.47,81.57,73.79
68.33,68.33,69.95,79.55,72.46
70.11,70.11,69.44,79.99,75.41
72.01,72.01,67.90,83.11,72.70
74.08,74.08,66.95,82.79,71.89
74.09,74.09,66.48,84.88,71.89
74.29,74.29,69.64,84.42,73.51
71.56,71.56,66.69,85.11,71.08
70.93,70.93,63.63,84.58,71.69
72.52,72.52,59.94,84.72,71.43
70.40,70.40,60.45,85.73,71.45
67.46,67.46,63.09,85.27,74.11
65.98,65.98,70.68,82.89,72.92
68.57,68.57,78.71,78.05,69.72
74.98,74.98,91.00,71.50,69.54
77.94,77.94,87.81,71.72,67.53
76.68,76.68,84.74,72.79,69.33
77.93,77.93,83.12,76.11,71.97
76.52,76.52,77.20,84.16,69.20
75.50,75.50,82.94,86.11,66.41
76.45,76.45,81.75,83.76,70.51
76.69,76.69,73.57,82.33,71.47
77.36,77.36,71.84,82.07,69.10
76.98,76.98,67.67,84.54,71.43
77.83,77.83,67.82,84.23,71.98
78.33,78.33,68.37,81.61,70.22
75.11,75.11,67.56,84.61,70.20
75.90,75.90,65.15,85.36,73.09
77.96,77.96,65.29,81.10,70.35
78.91,78.91,64.78,83.11,67.81
78.59,78.59,69.61,83.62,64.41
75.35,75.35,80.53,81.64,66.25
71.91,71.91,83.52,79.53,67.29
75.82,75.82,81.23,80.34,68.67
74.81,74.81,77.87,81.89,68.88
80.67,80.67,75.67,84.01,69.31
78.47,78.47,71.99,83.35,70.91
77.48,77.48,71.35,84.50,72.48
77.45,77.45,71.88,84.98,71.95
79.70,79.70,72.60,85.66,69.40
76.13,76.13,73.82,85.33,66.05
75.89,75.89,82.01,83.96,67.33
76.71,76.71,82.90,80.66,64.74
76.96,76.96,81.83,73.90,63.04
77.98,77.98,79.50,80.81,62.88
75.27,75.27,75.72,83.36,67.02
72.98,72.98,74.82,81.09,66.71
72.77,72.77,75.95,70.43,69.76
72.10,72.10,84.02,66.47,67.62
74.87,74.87,90.04,60.41,70.09
77.20,77.20,88.75,57.82,72.00
79.85,79.85,85.18,70.66,70.78
80.60,80.60,78.87,70.02,70.18
79.92,79.92,83.34,80.85,71.29
79.36,79.36,81.53,81.41,68.57
79.12,79.12,80.34,82.72,67.65
79.00,79.00,77.88,81.53,71.62
80.12,80.12,77.79,81.82,70.57
79.79,79.79,77.07,83.07,69.89
80.38,80.38,77.74,81.88,70.55
79.59,79.59,76.74,83.72,70.68
80.04,80.04,77.06,83.03,71.87
79.34,79.34,76.56,83.01,71.99
80.11,80.11,76.84,83.00,72.54
77.72,77.72,75.84,82.96,72.18
72.29,72.29,77.00,82.18,70.69
76.17,76.17,77.93,81.01,73.01
75.94,75.94,77.07,80.59,72.10
69.43,69.43,75.22,85.39,73.20
64.68,64.68,74.58,86.48,71.97
63.21,63.21,73.26,85.16,72.65
58.91,58.91,72.83,85.49,73.02
60.27,60.27,74.01,85.73,75.35
62.78,62.78,72.02,84.65,76.06
63.81,63.81,72.91,86.53,76.09
73.87,73.87,72.02,85.42,74.12
80.89,80.89,72.52,84.41,74.39
82.54,82.54,72.21,83.92,73.89
82.76,82.76,71.77,81.24,71.78
83.61,83.61,72.14,81.41,71.20
82.32,82.32,71.81,79.60,70.85
83.01,83.01,75.14,76.84,70.26
83.39,83.39,84.02,71.55,68.80
79.14,79.14,88.24,75.94,64.47
78.23,78.23,89.51,69.89,65.27
79.89,79.89,88.19,67.27,65.25
80.09,80.09,82.36,75.36,64.25
79.40,79.40,80.06,81.79,66.62
77.70,77.70,81.41,81.17,67.80
73.31,73.31,80.24,81.21,68.61
70.25,70.25,78.24,81.91,69.27
68.66,68.66,73.71,81.55,70.05
67.39,67.39,71.73,80.02,71.09
65.42,65.42,71.06,78.79,69.31
61.73,61.73,70.68,79.18,68.80
59.23,59.23,70.03,81.81,70.75
62.37,62.37,68.19,79.86,72.34
65.90,65.90,67.93,80.32,71.19
73.51,73.51,67.42,80.22,71.57
80.23,80.23,68.10,78.37,71.39
81.39,81.39,70.80,79.77,69.36
81.96,81.96,72.30,82.94,71.52
82.71,82.71,72.54,79.66,71.70
82.41,82.41,69.59,84.51,73.59
82.25,82.25,66.36,84.02,70.89
82.31,82.31,65.52,84.71,69.48
82.22,82.22,63.25,84.06,69.06
82.41,82.41,62.95,85.62,69.97
82.44,82.44,62.33,84.87,71.03
82.17,82.17,63.43,85.14,72.17
81.07,81.07,64.63,85.18,72.02
79.91,79.91,67.02,84.13,74.48
79.87,79.87,65.51,84.25,75.02
78.97,78.97,63.68,83.46,73.36
78.51,78.51,63.24,82.35,74.26
79.71,79.71,64.75,81.44,71.46
80.03,80.03,71.65,78.20,71.73
80.59,80.59,80.00,72.65,70.06
78.13,78.13,89.88,66.24,72.17
75.78,75.78,89.76,64.98,69.78
76.79,76.79,87.17,76.57,70.71
77.04,77.04,85.15,83.56,71.42
78.81,78.81,79.64,82.51,68.78
79.54,79.54,83.75,80.44,67.85
80.88,80.88,79.14,81.95,65.47
78.59,78.59,72.23,80.45,66.43
80.24,80.24,66.99,81.38,67.82
79.41,79.41,67.82,80.71,69.87
79.29,79.29,66.98,82.77,69.92
78.74,78.74,67.86,82.08,68.87
80.42,80.42,68.31,79.11,68.15
76.60,76.60,64.21,80.09,68.90
76.70,76.70,65.13,80.27,69.38
73.54,73.54,65.39,80.74,70.55
72.37,72.37,70.22,80.56,71.55
69.05,69.05,75.77,83.17,73.57
71.43,71.43,74.32,81.18,72.28
71.36,71.36,73.30,84.02,70.95
73.49,73.49,70.35,83.15,71.65
67.96,67.96,70.68,80.60,73.21
73.39,73.39,69.76,78.75,73.47
70.93,70.93,67.50,79.50,74.93
71.31,71.31,68.03,78.59,75.84
73.06,73.06,68.17,77.76,75.76
75.93,75.93,69.08,76.79,73.62
77.80,77.80,69.36,75.33,75.94
80.00,80.00,66.85,72.32,74.06
78.35,78.35,65.21,70.88,72.57
79.85,79.85,64.58,72.33,73.99
77.33,77.33,66.03,69.06,72.06
76.41,76.41,71.28,66.18,71.59
73.54,73.54,74.93,55.89,72.21
64.51,64.51,90.64,63.06,69.43
65.59,65.59,90.52,57.26,68.93
68.65,68.65,89.02,66.86,71.34
71.31,71.31,81.30,69.41,72.22
72.90,72.90,80.22,78.34,70.46
69.79,69.79,83.75,82.86,70.08
63.25,63.25,81.06,84.61,71.67
62.75,62.75,75.05,83.22,69.61
61.39,61.39,74.93,84.75,68.12
61.26,61.26,74.58,84.35,66.28
62.78,62.78,73.29,83.42,69.33
63.67,63.67,73.34,82.24,70.33
63.81,63.81,73.94,83.05,72.56
64.48,64.48,73.27,84.94,70.08
65.05,65.05,72.94,83.60,68.90
69.05,69.05,71.01,84.69,69.48
73.42,73.42,71.85,81.14,70.25
73.60,73.60,75.33,80.44,70.29
74.65,74.65,74.95,80.65,71.25
75.86,75.86,72.40,83.90,71.58
75.89,75.89,70.18,83.21,72.62
74.42,74.42,69.07,84.73,74.13
75.52,75.52,66.44,81.72,72.37
76.17,76.17,64.45,82.28,73.17
75.65,75.65,62.63,84.05,72.42
77.37,77.37,62.31,83.53,73.62
78.52,78.52,64.78,84.41,71.00
78.02,78.02,68.00,84.63,72.10
78.25,78.25,65.59,83.30,72.66
76.08,76.08,60.06,81.38,70.91
74.94,74.94,56.97,77.19,70.03
73.40,73.40,59.00,74.01,70.78
76.47,76.47,69.67,75.73,68.70
81.00,81.00,75.01,70.43,67.34
86.23,86.23,83.83,66.63,69.43
81.23,81.23,88.93,62.61,65.79
82.21,82.21,88.80,67.96,66.26
81.62,81.62,81.83,78.02,70.52
80.50,80.50,81.04,83.52,71.06
82.44,82.44,82.56,83.00,71.32
80.53,80.53,80.75,84.29,73.43
76.90,76.90,75.44,82.37,73.13
74.67,74.67,72.78,83.30,72.77
74.27,74.27,67.87,83.18,72.40
73.67,73.67,69.18,82.21,73.62
76.48,76.48,70.72,83.16,70.74
87.71,87.71,63.31,82.17,70.49
85.30,85.30,64.39,82.90,72.13
88.54,88.54,65.55,81.73,71.47
87.39,87.39,58.87,81.17,69.67
84.34,84.34,62.90,83.28,71.56
78.72,78.72,67.27,83.11,72.06
79.59,79.59,67.66,75.80,72.55
78.48,78.48,66.24,79.44,68.93
80.65,80.65,65.45,78.45,68.84
81.58,81.58,65.30,74.17,71.94
81.92,81.92,63.06,74.66,73.53
81.63,81.63,60.30,76.11,72.52
82.39,82.39,61.45,78.18,75.11
81.88,81.88,59.17,75.49,74.16
81.17,81.17,58.62,76.02,73.41
80.41,80.41,57.72,75.42,72.85
78.08,78.08,55.97,76.00,75.86
84.29,84.29,55.95,77.41,75.45
85.97,85.97,57.58,76.91,74.38
84.30,84.30,58.74,79.04,73.44
83.07,83.07,65.90,78.05,72.57
82.63,82.63,76.10,74.87,67.61
77.94,77.94,89.86,72.92,69.28
78.22,78.22,86.94,71.73,64.56
78.78,78.78,86.37,75.24,64.38
78.81,78.81,80.31,82.07,64.09
73.73,73.73,80.97,82.91,62.99
68.35,68.35,86.28,82.66,63.02
70.53,70.53,79.82,84.49,64.79
72.72,72.72,73.94,84.24,66.71
70.61,70.61,75.13,82.95,70.74
72.57,72.57,71.39,84.04,71.00
80.14,80.14,68.49,83.56,69.28
88.14,88.14,70.43,82.45,69.26
85.46,85.46,67.51,82.31,69.08
86.22,86.22,67.78,81.21,69.25
86.18,86.18,65.47,81.28,68.82
83.72,83.72,67.79,79.67,68.96
84.95,84.95,67.23,81.65,69.15
85.15,85.15,72.93,80.09,68.75
83.69,83.69,72.95,76.78,68.95
82.71,82.71,72.49,75.76,68.75
81.14,81.14,70.00,84.66,72.15
78.00,78.00,66.80,82.71,72.12
79.52,79.52,64.59,83.90,73.40
80.45,80.45,61.51,82.68,73.48
81.54,81.54,57.37,82.36,71.63
80.76,80.76,56.64,82.97,72.16
81.03,81.03,58.83,82.02,72.51
83.95,83.95,59.44,81.63,71.63
84.77,84.77,58.90,82.37,71.69
78.18,78.18,58.68,80.91,72.91
79.35,79.35,55.94,80.42,72.15
76.78,76.78,56.03,80.49,71.24
77.21,77.21,63.10,79.64,70.55
80.13,80.13,69.83,80.93,70.88
76.02,76.02,89.53,78.41,70.63
83.77,83.77,87.32,75.70,68.86
84.69,84.69,86.38,75.00,69.59
85.16,85.16,77.78,78.40,67.27
84.06,84.06,79.82,80.33,67.29
83.32,83.32,86.12,82.09,68.74
81.84,81.84,78.15,83.10,66.81
82.50,82.50,72.19,83.28,67.34
82.15,82.15,73.34,82.28,68.06
77.24,77.24,70.75,82.03,70.18
74.14,74.14,65.24,84.18,70.73
76.37,76.37,67.59,83.32,69.51
81.83,81.83,66.90,82.48,69.04
78.24,78.24,65.44,84.25,70.35
82.58,82.58,59.96,83.43,71.61
74.36,74.36,60.44,84.62,70.84
75.71,75.71,62.43,83.55,70.40
77.92,77.92,69.56,83.97,72.37
81.76,81.76,74.29,82.81,71.73
82.80,82.80,73.58,70.99,68.14
81.87,81.87,71.84,76.40,72.19
85.88,85.88,67.80,83.61,72.46
86.36,86.36,65.53,85.88,69.98
84.54,84.54,60.91,84.25,72.40
78.43,78.43,59.20,84.72,70.01
75.40,75.40,63.78,84.30,69.21
76.78,76.78,65.09,84.26,70.12
73.72,73.72,62.84,86.20,69.14
66.59,66.59,61.91,86.70,70.80
61.79,61.79,58.80,85.12,71.09
63.22,63.22,57.29,85.95,70.98
66.10,66.10,57.88,85.41,70.86
64.16,64.16,63.13,85.73,69.22
66.72,66.72,72.54,82.02,67.37
73.15,73.15,81.61,80.12,66.02
77.40,77.40,90.26,77.06,66.43
80.81,80.81,86.52,72.01,64.75
82.12,82.12,86.58,72.09,68.68
83.92,83.92,80.13,80.18,69.19
88.11,88.11,79.67,79.90,67.70
81.16,81.16,84.49,79.62,68.58
87.65,87.65,77.61,82.06,67.97
85.07,85.07,71.17,81.77,67.75
82.97,82.97,69.63,82.30,68.13
83.96,83.96,72.81,81.42,67.66
84.91,84.91,70.94,80.17,69.23
83.44,83.44,66.45,81.24,69.31
82.89,82.89,66.32,80.79,69.37
84.19,84.19,65.62,78.91,70.29
84.73,84.73,63.12,79.85,68.50
83.06,83.06,63.32,81.29,68.36
84.58,84.58,67.27,81.87,70.98
83.44,83.44,73.05,80.83,68.75
83.91,83.91,73.32,78.08,68.20
82.00,82.00,73.12,78.38,71.10
83.33,83.33,69.78,76.40,72.61
80.31,80.31,68.24,80.02,72.52
80.30,80.30,64.04,81.44,72.18
84.20,84.20,61.89,82.58,75.42
77.93,77.93,61.38,80.87,75.68
84.13,84.13,61.12,80.74,70.01
81.36,81.36,63.79,82.84,71.19
79.65,79.65,66.38,83.36,72.44
77.89,77.89,65.10,85.13,71.49
79.48,79.48,62.69,83.55,71.27
75.27,75.27,59.20,79.96,71.75
74.57,74.57,61.96,78.73,70.42
69.22,69.22,63.21,72.46,68.77
71.83,71.83,72.56,70.80,67.60
79.14,79.14,87.94,67.40,71.30
85.10,85.10,86.02,59.89,68.40
80.21,80.21,87.48,66.00,67.01
80.83,80.83,85.66,80.94,67.85
80.95,80.95,81.19,82.86,65.38
80.67,80.67,84.09,81.72,66.43
82.71,82.71,81.53,81.90,67.30
81.14,81.14,72.90,82.42,69.09
78.22,78.22,75.21,82.68,70.38
82.62,82.62,72.31,82.07,70.19
84.77,84.77,68.41,82.01,72.41
85.58,85.58,68.28,82.70,73.01
86.90,86.90,68.60,81.53,73.17
83.39,83.39,63.69,81.43,73.20
81.52,81.52,66.00,81.56,73.66
79.15,79.15,65.13,81.67,70.86
80.32,80.32,65.74,81.53,69.70
79.46,79.46,77.05,80.47,72.02
78.74,78.74,77.00,79.44,72.34
74.75,74.75,76.72,77.67,74.34
68.07,68.07,75.12,79.35,73.36
67.62,67.62,72.58,79.04,77.49
68.34,68.34,73.17,81.35,73.66
70.13,70.13,72.02,81.71,75.21
71.40,71.40,71.26,81.12,73.95
70.71,70.71,71.04,82.59,73.32
70.75,70.75,71.13,83.42,71.89
72.44,72.44,73.59,84.57,74.36
82.75,82.75,72.91,84.15,72.80
84.85,84.85,71.04,83.70,72.94
85.66,85.66,70.71,83.64,72.09
84.75,84.75,70.16,83.31,71.57
83.82,83.82,71.58,83.39,70.59
80.97,80.97,79.33,79.57,67.50
74.16,74.16,86.65,68.49,67.07
67.64,67.64,86.16,58.18,66.43
64.98,64.98,90.06,65.98,65.33
67.89,67.89,83.26,69.72,69.48
66.80,66.80,83.65,81.78,69.00
65.51,65.51,81.17,84.79,67.86
73.46,73.46,79.75,83.57,68.20
68.12,68.12,79.47,83.78,67.62
61.93,61.93,72.16,83.90,69.40
72.85,72.85,73.32,82.90,70.25
78.69,78.69,69.99,82.85,70.18
83.50,83.50,68.96,83.31,72.29
81.34,81.34,66.25,83.37,68.66
80.96,80.96,64.72,82.70,70.99
81.34,81.34,64.85,82.25,71.81
81.88,81.88,63.39,82.82,70.19
83.90,83.90,62.66,82.69,68.91
80.59,80.59,73.83,81.27,68.34
78.92,78.92,75.98,84.04,68.31
81.69,81.69,75.63,81.65,71.18
83.40,83.40,74.70,83.43,70.78
84.23,84.23,74.43,85.65,71.12
85.96,85.96,73.08,86.05,70.89
86.85,86.85,73.28,86.01,69.20
86.03,86.03,72.05,86.28,71.94
82.24,82.24,70.64,86.39,69.43
82.66,82.66,71.16,86.44,69.53
84.79,84.79,70.42,85.50,71.89
81.23,81.23,70.23,86.23,70.53
80.64,80.64,70.44,86.26,71.46
80.34,80.34,68.69,86.46,70.59
81.36,81.36,69.28,85.84,70.80
80.47,80.47,68.83,85.86,68.62
80.30,80.30,71.38,85.42,68.00
78.59,78.59,78.27,84.60,69.46
78.86,78.86,88.65,81.39,67.25
79.60,79.60,88.62,72.55,68.55
80.40,80.40,83.90,63.37,70.12
82.69,82.69,81.42,66.28,68.53
80.89,80.89,77.98,76.47,70.24
80.04,80.04,83.51,81.52,69.23
80.08,80.08,79.76,81.70,68.40
79.93,79.93,68.50,81.89,66.71
75.32,75.32,67.06,81.74,68.25
70.65,70.65,71.17,81.71,68.00
68.88,68.88,70.36,82.58,69.62
69.02,69.02,66.07,83.37,70.82
71.65,71.65,65.63,83.47,73.12
72.62,72.62,62.86,83.38,73.01
75.75,75.75,60.73,83.78,72.83
76.99,76.99,62.14,83.72,72.19
77.40,77.40,73.17,82.78,71.40
79.81,79.81,79.26,81.56,72.84
80.63,80.63,77.67,83.46,72.50
83.84,83.84,76.36,86.40,73.93
80.52,80.52,74.83,84.64,73.07
83.26,83.26,73.83,83.28,70.65
83.74,83.74,73.83,84.27,71.08
84.32,84.32,73.15,83.71,71.05
81.60,81.60,71.85,82.98,69.58
80.12,80.12,71.54,82.30,70.34
82.49,82.49,72.51,81.66,71.43
82.77,82.77,71.29,82.38,73.49
82.60,82.60,71.76,81.50,72.32
80.41,80.41,72.80,81.12,70.91
80.47,80.47,72.74,81.19,71.65
79.52,79.52,71.93,80.71,67.91
85.94,85.94,74.87,78.00,64.35
84.31,84.31,80.40,69.26,64.09
82.56,82.56,89.17,62.96,66.87
79.40,79.40,88.20,65.32,69.19
83.51,83.51,86.75,72.79,68.81
82.75,82.75,78.06,81.03,69.56
85.65,85.65,81.45,80.07,67.90
78.48,78.48,84.68,79.80,68.89
86.31,86.31,76.15,81.29,70.83
83.22,83.22,74.48,82.26,71.81
86.64,86.64,73.21,82.30,69.14
79.93,79.93,73.66,81.78,68.49
83.64,83.64,69.39,81.67,67.81
84.83,84.83,69.06,82.84,67.94
83.10,83.10,69.37,82.98,68.43
81.68,81.68,70.38,82.98,69.62
81.89,81.89,69.06,82.98,69.43
82.64,82.64,68.96,82.37,70.80
81.86,81.86,70.39,81.04,72.12
79.58,79.58,68.60,82.81,69.77
77.31,77.31,70.72,85.20,71.99
76.31,76.31,70.09,84.15,70.08
76.78,76.78,70.50,83.66,72.68
79.85,79.85,71.11,81.46,71.90
82.24,82.24,71.46,82.22,72.62
81.37,81.37,69.90,82.43,70.64
78.37,78.37,69.78,81.59,72.91
80.76,80.76,69.36,80.11,70.56
76.47,76.47,68.87,74.43,71.30
72.39,72.39,69.72,79.79,72.41
74.98,74.98,70.88,83.25,70.55
76.72,76.72,70.04,85.45,71.03
76.16,76.16,69.61,75.93,70.45
73.64,73.64,69.80,78.56,67.75
70.67,70.67,72.52,76.15,69.81
71.76,71.76,76.64,62.96,70.13
66.58,66.58,91.41,68.12,68.09
76.82,76.82,86.82,71.30,71.13
81.42,81.42,87.59,75.27,70.21
84.29,84.29,83.58,79.03,73.46
81.40,81.40,78.03,84.65,73.38
80.02,80.02,85.31,85.45,72.80
81.11,81.11,78.82,81.67,73.76
80.77,80.77,72.60,83.75,74.98
81.48,81.48,71.78,81.65,72.68
81.60,81.60,69.60,77.82,70.58
81.86,81.86,68.30,81.04,71.86
82.09,82.09,67.30,77.88,72.46
82.85,82.85,64.22,79.49,70.70
82.75,82.75,66.75,79.30,70.19
71.28,71.28,63.44,74.15,69.42
64.01,64.01,62.93,79.81,68.92
68.85,68.85,61.69,80.92,73.99
73.78,73.78,74.57,78.94,75.93
71.09,71.09,74.62,79.86,74.86
66.57,66.57,72.59,82.71,72.92
65.44,65.44,71.48,80.62,71.73
67.32,67.32,69.03,82.46,75.40
69.93,69.93,65.73,82.23,74.75
74.76,74.76,65.55,84.38,73.66
76.50,76.50,64.41,82.12,73.56
76.30,76.30,64.36,82.95,71.94
72.66,72.66,67.68,83.83,72.61
75.69,75.69,67.90,81.30,71.86
82.42,82.42,67.38,83.64,71.54
80.45,80.45,68.69,83.48,70.14
80.38,80.38,69.20,82.04,69.08
79.83,79.83,69.62,84.23,70.40
80.41,80.41,69.29,81.89,68.45
80.74,80.74,73.88,80.03,67.75
79.04,79.04,85.76,73.11,69.06
79.29,79.29,86.37,71.10,66.18
77.25,77.25,89.04,74.21,63.02
72.82,72.82,84.77,71.39,65.39
72.79,72.79,83.44,82.94,66.34
70.81,70.81,78.17,86.26,69.08
67.76,67.76,83.04,84.01,69.90
72.10,72.10,81.92,86.23,71.55
69.45,69.45,71.01,87.82,73.09
73.78,73.78,69.80,85.75,72.47
70.87,70.87,69.31,87.30,74.40
76.78,76.78,70.41,86.55,71.40
73.44,73.44,70.02,84.75,71.28
67.01,67.01,65.09,84.96,71.56
70.63,70.63,66.70,83.71,69.81
73.69,73.69,67.13,86.58,69.01
78.62,78.62,68.63,86.43,68.67
77.02,77.02,77.54,84.44,68.60
81.93,81.93,78.22,84.05,69.91
85.71,85.71,76.88,82.25,68.28
83.28,83.28,76.39,81.51,65.84
80.68,80.68,74.97,82.70,65.98
80.67,80.67,72.93,83.98,67.41
81.75,81.75,74.05,84.34,66.29
82.80,82.80,71.56,83.63,67.33
82.74,82.74,71.21,84.86,66.13
81.30,81.30,71.35,83.46,67.10
80.30,80.30,71.34,85.54,67.86
81.04,81.04,71.68,85.15,70.80
79.68,79.68,70.50,83.35,69.66
80.01,80.01,69.89,85.17,70.98
80.54,80.54,70.11,83.80,72.09
80.62,80.62,69.90,84.17,69.49
82.18,82.18,75.63,83.59,71.27
79.41,79.41,81.55,82.10,71.48
79.63,79.63,84.74,76.89,68.60
78.46,78.46,88.09,72.52,71.75
80.54,80.54,83.85,77.59,70.28
78.88,78.88,81.77,81.14,72.26
77.72,77.72,84.65,84.31,69.69
76.77,76.77,81.93,85.14,68.41
79.77,79.77,75.27,83.65,69.67
79.43,79.43,70.03,84.58,71.56
77.84,77.84,65.93,84.50,73.78
78.00,78.00,68.07,83.78,72.26
79.74,79.74,66.54,85.48,74.20
79.67,79.67,66.53,86.98,73.77
81.51,81.51,64.67,86.12,73.47
79.90,79.90,64.40,85.44,71.66
74.32,74.32,64.09,85.44,69.02
68.91,68.91,69.34,86.43,65.99
71.27,71.27,80.25,83.20,68.61
66.75,66.75,83.90,81.43,69.51
63.17,63.17,81.30,85.06,67.91
63.71,63.71,78.30,85.21,70.26
63.80,63.80,77.64,80.32,71.55
65.03,65.03,77.35,84.64,70.81
65.28,65.28,74.62,85.60,74.42
67.61,67.61,75.13,83.88,76.13
66.59,66.59,74.78,85.62,72.47
72.54,72.54,75.04,83.89,69.74
74.18,74.18,81.30,84.15,70.01
69.25,69.25,84.20,83.22,70.09
71.59,71.59,81.36,82.59,66.76
73.83,73.83,77.50,83.86,64.40
73.50,73.50,76.27,84.67,65.77
72.67,72.67,75.71,83.84,67.51
74.02,74.02,75.59,84.99,66.12
74.86,74.86,79.85,81.83,70.05
73.35,73.35,89.43,75.42,69.80
77.00,77.00,87.28,70.94,70.40
78.86,78.86,85.79,70.41,72.22
80.92,80.92,79.97,72.10,70.44
80.11,80.11,82.37,80.79,71.51
78.75,78.75,83.44,76.69,73.25
79.19,79.19,79.04,81.62,71.92
79.06,79.06,71.20,81.66,71.34
78.85,78.85,70.11,77.81,72.85
77.22,77.22,67.38,76.60,71.57
78.04,78.04,68.84,79.59,70.48
78.10,78.10,69.93,79.73,74.29
71.83,71.83,66.01,75.64,74.62
71.56,71.56,65.50,82.48,74.93
60.99,60.99,65.55,81.68,74.64
65.89,65.89,72.12,80.15,70.08
68.70,68.70,78.48,79.14,68.64
73.74,73.74,85.68,82.38,68.79
79.82,79.82,81.92,83.03,66.64
78.00,78.00,79.06,81.62,66.14
80.01,80.01,77.86,80.86,69.78
80.71,80.71,75.96,83.79,74.02
78.72,78.72,74.59,83.72,72.56
81.99,81.99,73.70,82.97,72.04
82.88,82.88,73.75,84.12,71.78
81.19,81.19,73.22,84.46,71.92
79.60,79.60,72.04,85.46,71.38
81.47,81.47,72.58,84.83,72.01
81.71,81.71,72.18,79.96,71.66
78.49,78.49,72.52,80.10,70.95
75.44,75.44,71.45,85.33,71.61
77.41,77.41,70.36,75.28,70.73
76.02,76.02,71.39,81.65,68.05
75.74,75.74,77.13,77.00,63.63
74.58,74.58,83.10,70.96,69.82
74.01,74.01,90.93,69.83,65.57
76.87,76.87,90.03,67.95,68.27
78.88,78.88,83.13,74.66,72.29
80.07,80.07,83.74,80.72,71.00
80.14,80.14,81.17,80.69,71.68
80.49,80.49,81.89,79.15,71.84
80.84,80.84,80.36,82.95,73.31
79.92,79.92,77.53,82.00,71.53
79.49,79.49,74.81,82.48,71.48
80.42,80.42,75.73,82.69,70.78
80.57,80.57,75.24,82.54,71.60
79.62,79.62,75.78,82.12,69.64
80.77,80.77,74.59,82.54,69.65
80.63,80.63,74.95,83.61,72.45
80.19,80.19,75.18,82.30,71.64
78.89,78.89,75.18,83.10,72.60
77.25,77.25,76.31,82.98,71.60
74.40,74.40,78.63,83.40,72.44
75.10,75.10,78.90,78.12,72.77
72.17,72.17,76.84,78.36,73.14
66.74,66.74,75.32,85.94,73.52
66.33,66.33,75.66,87.08,70.95
63.15,63.15,74.61,86.91,71.80
65.57,65.57,74.83,86.37,71.88
65.12,65.12,74.23,87.88,71.18
75.18,75.18,73.86,86.58,72.31
76.50,76.50,73.22,86.71,71.58
81.11,81.11,73.07,86.80,72.44
81.01,81.01,72.06,85.96,74.08
81.18,81.18,72.03,86.12,71.56
82.01,82.01,71.61,84.88,74.14
80.09,80.09,72.39,84.55,73.06
79.76,79.76,73.09,81.10,71.47
80.39,80.39,79.62,71.01,68.97
77.22,77.22,90.16,70.58,70.40
77.88,77.88,88.37,74.47,69.60
79.12,79.12,85.52,80.37,67.93
78.00,78.00,81.33,81.35,67.82
72.72,72.72,77.55,79.37,70.78
72.01,72.01,82.78,79.17,68.25
73.04,73.04,82.16,82.58,68.73
79.29,79.29,74.13,81.69,68.42
67.20,67.20,70.33,82.39,69.13
65.84,65.84,71.05,82.98,71.00
67.10,67.10,71.13,81.63,71.54
65.19,65.19,71.08,79.77,71.31
62.18,62.18,69.34,80.90,71.69
66.82,66.82,67.60,83.37,70.52
73.23,73.23,67.05,82.22,68.52
78.40,78.40,68.79,83.34,67.47
80.13,80.13,73.72,81.27,67.86
81.62,81.62,78.68,84.19,70.93
80.58,80.58,77.80,83.05,71.14
81.11,81.11,78.11,80.23,72.04
80.40,80.40,75.74,82.38,74.03
79.98,79.98,75.63,86.00,75.08
79.32,79.32,75.04,85.69,74.55
78.89,78.89,73.73,87.06,73.67
79.44,79.44,72.41,86.11,72.20
80.19,80.19,72.94,86.98,69.49
80.00,80.00,71.83,86.44,70.16
80.89,80.89,72.31,86.53,71.00
80.92,80.92,72.03,86.70,70.62
81.19,81.19,71.15,85.20,72.68
80.39,80.39,71.11,87.16,73.28
79.99,79.99,69.98,85.53,74.67
77.66,77.66,69.97,84.46,73.56
79.33,79.33,77.26,81.92,71.35
78.66,78.66,84.60,74.67,70.59
74.89,74.89,87.88,62.18,70.12
77.68,77.68,88.33,67.13,72.52
79.47,79.47,84.88,78.70,71.99
78.58,78.58,86.31,80.96,70.76
80.26,80.26,78.46,81.42,72.72
78.74,78.74,82.89,83.25,71.40
76.32,76.32,73.07,81.98,71.63
79.59,79.59,73.00,82.68,70.83
79.52,79.52,66.86,82.14,71.07
77.52,77.52,67.49,83.23,70.99
76.61,76.61,69.55,82.31,69.22
77.53,77.53,66.68,83.32,68.13
79.21,79.21,66.25,82.37,67.88
77.48,77.48,64.93,82.43,69.63
77.18,77.18,65.78,80.62,71.04
77.93,77.93,67.15,80.24,70.48
76.29,76.29,76.27,79.61,71.40
76.83,76.83,80.12,78.56,74.30
77.47,77.47,78.33,78.13,72.84
75.96,75.96,76.47,80.67,72.92
74.01,74.01,76.79,86.68,72.16
74.28,74.28,76.13,86.38,70.79
68.12,68.12,74.96,88.01,69.57
70.17,70.17,74.53,86.21,71.54
71.33,71.33,73.25,86.27,73.97
71.05,71.05,73.88,87.04,74.64
71.01,71.01,74.68,86.40,72.67
74.28,74.28,73.44,87.20,71.95
75.10,75.10,70.49,86.24,71.50
74.94,74.94,71.27,86.88,74.08
74.73,74.73,70.03,87.50,71.57
70.00,70.00,71.39,85.42,71.61
64.35,64.35,76.30,84.34,73.97
60.06,60.06,85.48,82.69,73.40
53.79,53.79,91.73,80.42,72.20
53.58,53.58,87.67,74.75,70.75
55.03,55.03,84.35,71.45,72.52
58.35,58.35,79.69,77.20,70.11
59.73,59.73,83.33,74.24,70.96
61.07,61.07,82.28,77.95,69.25
59.98,59.98,80.56,80.44,70.87
56.76,56.76,75.05,82.71,69.29
54.35,54.35,70.52,80.71,69.65
55.19,55.19,71.75,80.22,71.51
55.98,55.98,70.63,80.70,73.03
57.53,57.53,71.18,81.38,71.92
58.56,58.56,68.08,82.89,70.11
59.68,59.68,69.02,82.33,72.97
66.62,66.62,68.18,83.57,72.46
72.76,72.76,68.39,79.49,72.53
75.63,75.63,71.99,83.52,70.86
74.52,74.52,78.77,86.55,70.38
74.99,74.99,77.96,85.28,71.53
75.73,75.73,77.07,83.53,71.73
74.90,74.90,74.70,85.84,72.71
75.37,75.37,74.86,85.92,73.95
74.66,74.66,73.51,86.09,73.92
74.59,74.59,73.70,86.79,73.47
75.70,75.70,72.40,84.17,73.60
74.81,74.81,73.10,77.14,75.55
76.51,76.51,72.06,73.35,76.73
79.03,79.03,71.65,79.85,76.40
79.81,79.81,70.46,77.93,75.07
78.70,78.70,70.18,78.04,77.23
77.45,77.45,69.70,79.99,78.10
79.23,79.23,70.16,77.34,74.57
80.09,80.09,72.90,71.26,72.73
80.57,80.57,79.03,67.25,70.65
80.02,80.02,91.57,63.46,69.60
81.54,81.54,85.80,58.29,70.60
78.27,78.27,89.57,67.40,72.64
82.93,82.93,84.07,78.27,71.33
82.88,82.88,77.43,84.02,70.24
81.06,81.06,84.87,82.95,70.16
80.99,80.99,80.81,82.24,71.33
82.37,82.37,77.16,83.57,70.83
82.28,82.28,77.36,82.15,71.97
83.37,83.37,77.97,83.00,70.72
81.89,81.89,76.20,82.92,70.96
85.20,85.20,75.00,81.78,70.11
84.20,84.20,76.39,82.36,71.62
81.15,81.15,76.92,81.19,69.59
83.36,83.36,75.69,82.81,70.23
84.21,84.21,75.31,82.12,69.66
82.97,82.97,76.20,81.14,69.60
84.16,84.16,78.55,81.28,68.53
83.05,83.05,77.57,82.25,68.56
84.63,84.63,77.15,81.07,71.28
78.33,78.33,75.19,71.61,70.17
77.32,77.32,74.70,80.06,70.83
74.54,74.54,74.29,78.45,71.53
76.06,76.06,71.68,79.99,72.75
76.80,76.80,70.77,79.87,73.58
77.61,77.61,70.90,78.10,73.73
75.77,75.77,70.88,79.02,75.48
72.38,72.38,70.71,83.90,74.19
68.06,68.06,70.15,84.02,75.10
65.34,65.34,70.73,83.20,79.27
64.32,64.32,71.96,81.29,76.27
65.12,65.12,71.66,77.69,75.79
67.12,67.12,76.38,75.42,75.19
71.48,71.48,83.46,72.76,72.80
77.73,77.73,91.12,64.98,68.26
76.14,76.14,88.48,69.90,69.68
73.90,73.90,84.73,71.45,71.04
79.55,79.55,83.41,78.03,71.49
82.06,82.06,78.64,82.01,72.60
79.40,79.40,78.97,83.61,72.79
82.13,82.13,77.86,82.09,72.95
84.16,84.16,74.24,82.06,73.26
85.21,85.21,71.56,82.21,73.52
82.14,82.14,71.75,82.12,73.65
78.33,78.33,70.75,81.63,72.38
83.63,83.63,70.37,81.99,70.30
83.45,83.45,67.92,81.36,69.43
83.14,83.14,67.29,81.68,67.06
84.14,84.14,64.79,81.57,67.03
82.14,82.14,66.46,82.81,68.23
80.39,80.39,69.02,82.59,70.01
81.41,81.41,77.51,83.57,70.95
83.70,83.70,77.80,82.63,69.73
78.63,78.63,76.50,82.13,66.93
80.91,80.91,76.35,81.87,68.36
81.14,81.14,74.99,83.65,68.39
79.43,79.43,73.97,83.69,70.49
80.65,80.65,73.43,85.99,68.25
82.04,82.04,73.36,84.51,66.07
81.41,81.41,73.69,83.17,69.27
79.39,79.39,72.66,82.04,70.92
77.66,77.66,72.46,81.06,69.98
76.07,76.07,72.56,80.71,70.81
77.31,77.31,71.39,77.50,70.14
75.46,75.46,72.38,75.92,69.51
75.34,75.34,72.48,75.63,69.32
77.92,77.92,72.61,58.39,67.26
78.19,78.19,79.32,58.54,64.70
75.05,75.05,92.11,64.52,62.66
80.24,80.24,89.23,65.56,63.70
80.19,80.19,82.88,71.57,64.75
82.53,82.53,78.17,81.91,65.21
82.83,82.83,79.85,84.42,68.72
80.48,80.48,84.56,85.72,68.82
77.51,77.51,78.57,84.18,66.17
80.41,80.41,74.02,83.95,65.87
83.78,83.78,71.95,85.09,67.38
84.33,84.33,71.17,82.12,68.45
85.76,85.76,70.07,81.42,69.89
82.89,82.89,66.20,82.35,70.78
79.73,79.73,66.87,81.49,72.42
83.02,83.02,66.03,80.44,73.82
82.30,82.30,64.65,82.71,73.02
82.91,82.91,63.94,81.89,71.49
84.65,84.65,69.44,83.35,70.99
82.25,82.25,78.07,81.89,71.01
82.42,82.42,77.60,82.02,71.27
80.38,80.38,77.60,83.13,69.91
81.26,81.26,75.74,73.13,70.48
79.54,79.54,75.21,78.87,71.93
77.49,77.49,74.63,79.41,73.30
74.08,74.08,74.27,80.40,74.29
72.14,72.14,73.52,81.89,73.89
73.36,73.36,72.80,82.81,72.85
76.48,76.48,73.56,77.34,72.77
78.54,78.54,73.70,82.56,71.69
79.33,79.33,73.62,84.89,68.87
76.87,76.87,72.03,83.51,68.68
72.85,72.85,71.07,82.57,69.80
75.98,75.98,71.74,79.50,70.16
70.70,70.70,71.56,77.78,70.29
74.89,74.89,75.72,76.86,70.36
80.58,80.58,81.55,73.97,67.65
75.67,75.67,91.71,73.66,64.36
80.27,80.27,85.29,68.73,66.21
85.37,85.37,82.29,72.62,69.40
85.20,85.20,79.98,76.67,69.63
80.47,80.47,82.66,76.21,68.94
79.74,79.74,85.03,79.03,69.25
79.86,79.86,76.49,79.47,69.99
84.16,84.16,73.71,81.32,68.69
86.58,86.58,71.64,82.66,70.11
86.11,86.11,72.44,81.04,72.32
84.83,84.83,73.08,82.63,72.78
83.92,83.92,67.39,81.72,71.61
84.72,84.72,66.01,82.06,70.98
82.73,82.73,67.70,81.92,69.76
77.85,77.85,64.40,83.36,70.43
78.00,78.00,64.40,81.78,70.89
76.80,76.80,71.20,82.70,71.31
76.20,76.20,73.20,82.31,74.85
79.33,79.33,72.62,78.22,75.67
79.36,79.36,71.13,77.99,72.92
80.52,80.52,69.59,76.49,72.91
80.82,80.82,66.09,79.90,73.17
80.45,80.45,65.43,78.97,72.67
81.24,81.24,65.09,78.81,74.65
81.37,81.37,64.45,78.93,72.88
80.23,80.23,62.69,77.54,71.43
80.40,80.40,63.56,78.19,72.45
79.28,79.28,63.52,75.11,75.88
80.04,80.04,62.63,76.50,77.37
81.70,81.70,61.40,69.75,75.08
80.11,80.11,58.72,70.30,73.32
79.27,79.27,60.52,67.04,70.52
78.77,78.77,69.19,63.56,71.00
84.13,84.13,80.55,61.50,74.21
81.77,81.77,90.46,68.94,73.80
83.35,83.35,87.12,69.54,71.68
84.18,84.18,86.77,80.09,71.33
85.79,85.79,78.25,80.82,73.00
83.34,83.34,79.05,82.50,73.88
80.65,80.65,83.66,82.31,71.85
81.17,81.17,78.49,81.28,72.09
80.53,80.53,75.36,81.73,70.83
84.78,84.78,74.51,80.84,72.78
87.71,87.71,74.98,79.54,73.28
86.90,86.90,74.46,81.41,73.52
86.98,86.98,73.83,79.40,74.61
86.86,86.86,74.35,77.69,73.71
86.30,86.30,72.68,78.17,72.24
84.97,84.97,73.73,77.19,74.19
82.86,82.86,73.84,76.10,71.73
77.58,77.58,77.40,75.32,74.09
78.93,78.93,77.61,78.25,74.51
84.47,84.47,77.78,77.97,75.61
86.40,86.40,77.89,73.55,75.63
82.99,82.99,76.56,80.10,74.91
83.65,83.65,75.96,80.44,73.71
80.65,80.65,75.34,78.05,76.04
79.14,79.14,75.13,81.77,74.45
78.28,78.28,74.85,82.24,74.39
80.78,80.78,74.86,80.84,73.17
77.25,77.25,74.10,73.49,73.48
80.44,80.44,74.21,73.65,72.57
79.51,79.51,74.91,76.12,75.03
79.17,79.17,74.62,76.42,74.46
82.09,82.09,74.26,75.79,73.77
84.21,84.21,73.93,79.47,72.40
84.84,84.84,76.10,76.95,72.69
79.25,79.25,80.95,77.43,72.14
73.24,73.24,89.07,79.79,68.68
77.67,77.67,89.09,78.64,67.81
79.87,79.87,88.03,79.93,68.44
81.00,81.00,86.56,80.93,69.56
75.75,75.75,78.60,78.83,68.74
80.41,80.41,80.18,80.75,69.93
83.92,83.92,81.58,82.65,68.03
81.75,81.75,75.28,81.61,69.10
78.32,78.32,73.61,82.39,68.14
75.95,75.95,72.83,83.51,70.47
79.20,79.20,70.87,83.20,70.23
80.62,80.62,71.38,83.95,72.71
80.06,80.06,70.96,82.92,70.16
79.89,79.89,67.66,83.64,70.75
80.66,80.66,66.15,83.34,69.81
80.83,80.83,67.23,84.09,70.70
81.01,81.01,67.98,85.16,68.96
80.54,80.54,78.45,85.93,71.68
78.76,78.76,77.90,85.38,68.60
78.93,78.93,76.40,83.84,72.94
78.69,78.69,75.74,82.77,71.76
77.70,77.70,74.48,83.02,72.54
79.32,79.32,74.33,84.25,73.37
79.67,79.67,74.53,82.81,71.01
76.48,76.48,72.68,84.32,69.95
71.16,71.16,72.88,85.71,67.67
66.60,66.60,71.57,87.38,68.46
64.03,64.03,72.14,85.18,73.35
63.57,63.57,72.11,84.84,75.39
60.92,60.92,71.74,84.37,75.35
60.13,60.13,70.73,81.90,73.46
61.14,61.14,71.44,82.27,73.26
60.89,60.89,73.00,82.01,71.31
69.45,69.45,79.16,79.29,71.52
77.60,77.60,87.85,77.61,70.99
79.65,79.65,85.28,72.89,71.11
83.06,83.06,87.14,65.09,70.77
81.37,81.37,81.60,72.96,73.80
81.42,81.42,80.60,82.55,72.90
79.01,79.01,82.53,81.01,74.58
78.90,78.90,80.12,79.78,72.70
82.20,82.20,77.19,77.95,73.51
81.79,81.79,76.00,78.31,74.21
79.67,79.67,76.06,78.21,73.68
80.06,80.06,77.07,76.34,75.25
78.70,78.70,76.21,79.42,75.29
83.00,83.00,76.14,81.03,75.03
77.94,77.94,75.94,80.62,73.20
81.39,81.39,76.58,79.89,74.30
80.83,80.83,75.93,79.81,75.08
79.02,79.02,76.13,81.07,75.73
78.38,78.38,79.36,81.33,74.96
77.12,77.12,79.20,80.24,74.51
79.64,79.64,77.83,80.90,74.13
73.56,73.56,77.35,81.21,72.17
74.12,74.12,76.83,80.37,72.81
69.56,69.56,76.77,81.27,72.67
69.28,69.28,76.11,81.83,72.94
70.00,70.00,76.84,82.48,73.48
69.39,69.39,75.84,79.84,73.38
66.39,66.39,76.60,81.19,72.63
68.05,68.05,76.26,83.24,72.85
78.14,78.14,72.61,82.91,73.79
67.48,67.48,73.17,81.23,74.45
64.58,64.58,71.81,78.81,74.30
67.53,67.53,72.71,80.04,73.53
59.22,59.22,74.42,81.75,71.06
63.77,63.77,79.63,80.99,66.27
66.59,66.59,90.72,76.70,63.15
72.99,72.99,86.91,74.26,61.21
74.75,74.75,85.83,68.82,63.65
80.81,80.81,85.15,73.45,67.18
83.92,83.92,81.48,78.88,69.75
85.01,85.01,83.46,77.06,69.44
83.45,83.45,84.54,77.67,69.12
79.58,79.58,75.77,78.83,67.85
83.50,83.50,72.15,78.24,66.05
84.70,84.70,70.22,77.70,67.06
83.00,83.00,71.93,78.67,66.88
84.74,84.74,69.76,78.91,68.89
76.68,76.68,69.59,79.01,70.25
70.63,70.63,67.50,79.39,70.79
61.45,61.45,67.88,78.98,68.94
60.71,60.71,66.44,78.95,69.05
60.91,60.91,66.66,82.78,69.49
68.71,68.71,72.94,82.45,71.39
82.48,82.48,79.23,77.64,69.79
82.59,82.59,76.66,79.85,69.59
80.76,80.76,76.67,81.31,70.67
84.17,84.17,75.57,80.79,69.71
84.42,84.42,75.22,82.49,70.32
79.89,79.89,74.08,80.04,70.64
84.01,84.01,73.49,82.94,67.66
83.61,83.61,72.74,81.73,70.17
80.57,80.57,72.41,79.63,70.26
83.06,83.06,72.45,79.85,69.91
83.31,83.31,72.58,77.69,68.70
84.88,84.88,71.77,77.50,68.18
86.32,86.32,70.00,77.17,69.33
82.93,82.93,70.70,70.16,69.23
78.94,78.94,71.45,72.21,70.57
76.91,76.91,76.37,67.48,69.01
76.21,76.21,82.26,56.72,70.13
76.13,76.13,90.51,64.95,67.79
77.09,77.09,87.28,68.55,68.59
77.61,77.61,84.00,72.75,69.72
75.08,75.08,75.93,82.22,71.43
78.13,78.13,78.75,82.03,67.92
78.65,78.65,83.71,79.23,71.75
77.59,77.59,76.47,83.83,72.46
76.70,76.70,75.51,82.22,69.29
76.14,76.14,74.93,72.89,68.61
79.67,79.67,72.98,79.71,71.32
79.85,79.85,68.73,84.19,69.34
76.99,76.99,66.67,81.16,69.18
78.39,78.39,61.90,83.88,72.67
79.86,79.86,60.88,82.74,71.74
79.45,79.45,60.97,78.22,71.51
77.06,77.06,62.96,81.66,69.98
74.76,74.76,72.34,83.61,70.15
78.14,78.14,76.26,81.10,69.91
78.02,78.02,75.85,78.54,73.07
73.05,73.05,73.94,81.91,71.38
72.51,72.51,73.74,80.24,70.89
79.32,79.32,72.63,77.83,73.36
75.75,75.75,73.34,81.95,71.72
75.24,75.24,71.81,84.54,71.24
74.75,74.75,71.64,83.21,70.07
74.84,74.84,71.51,84.49,70.16
63.29,63.29,71.06,86.27,65.29
61.21,61.21,71.20,80.51,66.05
55.83,55.83,69.82,82.44,65.18
60.30,60.30,70.02,75.76,64.16
56.04,56.04,70.48,68.99,61.70
51.35,51.35,69.92,54.58,57.85
46.09,46.09,70.53,38.97,53.93
45.70,45.70,82.86,28.06,58.86
41.85,41.85,88.63,23.07,53.92
39.32,39.32,90.53,26.53,48.62
44.19,44.19,85.74,29.20,49.64
46.05,46.05,82.04,25.86,50.46
45.83,45.83,82.47,19.01,49.95
46.48,46.48,82.56,12.27,52.81
53.67,53.67,79.36,7.98,59.01
46.10,46.10,74.15,11.66,61.05
41.20,41.20,73.18,18.38,62.60
41.76,41.76,71.61,18.68,63.69
44.35,44.35,71.30,10.15,63.34
44.80,44.80,68.74,16.66,63.14
42.11,42.11,66.37,26.68,61.59
45.31,45.31,67.31,31.03,58.67
41.23,41.23,56.07,32.17,58.34
40.68,40.68,60.45,31.89,57.09
40.05,40.05,64.89,30.34,56.54
41.42,41.42,74.40,31.99,61.39
40.58,40.58,76.73,34.39,59.20
39.14,39.14,74.85,34.38,56.17
43.24,43.24,74.62,36.37,51.58
43.74,43.74,74.41,33.72,51.50
41.47,41.47,73.27,32.47,50.02
42.19,42.19,72.99,30.84,54.94
40.59,40.59,72.23,28.00,57.60
27.28,27.28,71.84,27.62,58.94
18.76,18.76,71.91,23.86,57.72
17.88,17.88,70.06,17.87,55.76
25.56,25.56,70.32,18.27,53.17
27.84,27.84,69.59,16.24,48.75
31.55,31.55,70.03,17.34,46.37
30.52,30.52,69.90,15.90,45.03
24.15,24.15,69.36,7.98,50.01
11.64,11.64,69.88,2.75,54.88
3.56,3.56,74.96,0.00,65.70
3.64,3.64,91.98,-0.00,59.48
9.81,9.81,85.87,-0.00,54.59
12.60,12.60,87.20,-0.00,53.09
10.36,10.36,80.68,-0.00,52.39
14.51,14.51,79.05,-0.00,51.76
15.34,15.34,86.03,0.59,49.76
14.76,14.76,79.70,2.96,50.42
17.92,17.92,72.62,8.79,56.67
17.60,17.60,74.49,14.72,56.45
17.71,17.71,72.31,19.74,51.94
24.11,24.11,68.70,14.27,52.42
28.64,28.64,59.59,12.04,50.19
31.61,31.61,65.02,18.69,49.57
29.59,29.59,63.42,22.08,49.78
22.72,22.72,60.42,24.40,51.78
13.62,13.62,61.85,27.18,53.06
25.80,25.80,76.45,29.34,61.39
11.94,11.94,76.78,29.86,58.19
12.54,12.54,75.31,27.85,57.60
14.50,14.50,75.96,25.71,56.92
14.32,14.32,74.19,23.69,57.28
17.32,17.32,74.16,23.51,56.06
17.76,17.76,73.48,17.38,57.54
18.75,18.75,72.67,18.76,56.58
23.94,23.94,71.55,17.35,57.76
20.12,20.12,71.33,14.78,57.58
16.33,16.33,70.41,13.35,54.46
22.06,22.06,70.10,10.50,53.49
26.15,26.15,70.09,13.47,49.76
29.95,29.95,70.03,10.67,46.56
29.20,29.20,70.54,7.54,44.73
19.03,19.03,68.67,2.95,38.19
10.70,10.70,68.79,12.02,39.20
24.32,24.32,82.53,21.65,49.50
39.51,39.51,91.16,23.99,57.47
60.65,60.65,87.08,19.41,67.32
74.63,74.63,88.26,7.92,65.86
79.75,79.75,83.31,9.96,61.75
81.17,81.17,80.92,12.97,57.36
79.86,79.86,85.61,10.07,57.27
81.14,81.14,83.01,1.50,62.29
82.19,82.19,76.64,-0.00,64.64
81.23,81.23,74.92,-0.00,62.52
80.18,80.18,75.87,-0.00,62.92
80.17,80.17,73.26,0.89,65.78
80.77,80.77,73.55,7.14,67.86
81.90,81.90,73.01,13.24,66.13
81.73,81.73,71.28,17.77,59.82
80.99,80.99,67.28,19.66,54.68
81.65,81.65,68.43,21.14,61.55
83.89,83.89,68.60,21.17,69.78
86.21,86.21,75.94,25.75,69.71
86.56,86.56,75.49,37.39,68.48
85.62,85.62,74.41,42.73,68.09
85.60,85.60,74.10,45.53,70.34
85.06,85.06,72.93,43.22,70.37
82.55,82.55,72.78,33.33,71.47
82.21,82.21,73.11,41.30,67.63
82.82,82.82,72.65,39.39,66.69
81.72,81.72,71.14,42.74,66.72
81.72,81.72,71.55,39.74,69.73
81.67,81.67,71.03,43.92,72.41
78.69,78.69,70.42,41.13,71.95
80.44,80.44,70.12,39.51,69.69
73.46,73.46,68.87,41.26,64.50
67.34,67.34,67.12,30.59,55.44
63.54,63.54,67.27,32.46,52.09
62.99,62.99,71.15,51.91,59.67
61.62,61.62,92.22,69.09,60.28
63.32,63.32,90.16,70.62,66.34
60.86,60.86,92.15,76.07,64.73
63.84,63.84,83.57,85.26,67.30
62.83,62.83,84.05,84.52,67.45
60.45,60.45,88.52,85.61,67.34
57.59,57.59,83.68,84.14,68.20
55.18,55.18,76.49,85.43,66.31
53.68,53.68,73.41,87.09,69.23
55.75,55.75,67.70,86.73,66.97
56.19,56.19,70.63,84.23,69.24
52.42,52.42,71.50,85.83,69.57
48.30,48.30,72.57,87.08,68.01
52.07,52.07,72.48,82.37,70.65
53.46,53.46,66.82,85.84,70.18
53.88,53.88,64.80,87.93,66.91
54.90,54.90,59.82,84.55,68.73
45.92,45.92,72.03,85.60,67.27
45.86,45.86,76.16,85.69,66.10
48.40,48.40,75.37,84.23,67.94
50.55,50.55,76.04,84.74,69.85
44.43,44.43,75.08,87.67,68.53
47.37,47.37,72.76,84.86,70.44
44.04,44.04,73.11,85.86,70.80
48.13,48.13,73.00,87.25,70.45
45.88,45.88,72.49,82.80,67.88
40.85,40.85,71.36,85.12,70.38
34.13,34.13,71.06,84.14,70.78
34.40,34.40,70.07,83.81,67.97
37.48,37.48,70.45,85.48,70.54
30.43,30.43,68.80,84.21,66.50
24.79,24.79,69.87,81.92,55.01
21.27,21.27,70.99,76.14,52.84
20.33,20.33,78.94,68.98,57.91
22.90,22.90,89.98,65.71,56.58
24.46,24.46,88.37,53.92,50.04
24.77,24.77,88.74,44.96,48.95
19.19,19.19,84.82,49.06,52.56
24.47,24.47,78.70,49.01,50.90
22.87,22.87,83.96,39.23,48.14
30.16,30.16,84.18,25.21,54.26
26.64,26.64,76.24,22.65,58.36
24.06,24.06,76.28,16.91,58.54
16.88,16.88,72.76,19.85,58.50
11.89,11.89,71.60,17.32,61.19
10.99,10.99,69.38,11.95,61.92
9.24,9.24,67.91,11.10,60.05
8.46,8.46,62.64,19.78,58.37
12.20,12.20,66.35,18.46,55.98
17.70,17.70,64.37,19.00,55.33
22.29,22.29,59.18,22.61,53.92
25.88,25.88,68.80,21.94,56.83
24.78,24.78,74.20,22.46,57.55
19.69,19.69,74.93,21.79,56.63
23.41,23.41,74.87,21.97,54.72
27.18,27.18,73.68,26.29,51.17
31.46,31.46,73.15,24.68,49.61
31.02,31.02,72.81,23.97,48.18
25.16,25.16,72.69,23.19,49.75
20.07,20.07,71.73,23.12,54.38
13.93,13.93,70.45,21.43,57.36
5.82,5.82,70.82,20.45,55.24
3.21,3.21,71.19,20.54,53.59
12.90,12.90,69.83,17.90,50.92
21.08,21.08,69.48,16.69,49.79
18.04,18.04,69.54,14.29,45.83
14.88,14.88,68.71,8.49,44.37
6.10,6.10,69.57,3.18,50.75
9.55,9.55,89.55,0.76,60.52
25.60,25.60,87.91,3.49,57.05
12.26,12.26,89.30,6.86,57.80
9.27,9.27,86.94,4.11,54.73
10.00,10.00,79.04,7.94,54.03
11.19,11.19,84.56,1.42,51.49
15.33,15.33,84.88,5.59,52.75
16.28,16.28,76.26,12.66,54.53
18.04,18.04,78.61,11.11,48.99
19.39,19.39,75.89,17.88,59.54
18.78,18.78,72.40,20.97,58.71
20.99,20.99,69.75,17.32,55.96
24.02,24.02,65.62,14.39,53.61
27.22,27.22,60.57,28.86,52.02
29.63,29.63,67.03,37.81,52.06
21.01,21.01,65.89,47.61,52.64
10.42,10.42,57.07,58.39,53.53
16.68,16.68,68.30,72.23,60.96
14.07,14.07,77.04,76.42,62.22
26.98,26.98,76.87,85.40,59.96
19.14,19.14,75.66,86.21,58.90
20.75,20.75,73.63,83.39,58.72
24.59,24.59,73.80,81.75,57.53
19.42,19.42,73.53,80.11,58.89
18.29,18.29,73.26,77.35,59.66
19.43,19.43,72.78,74.88,59.75
20.36,20.36,71.19,70.10,60.78
17.59,17.59,71.61,73.01,59.24
23.45,23.45,70.66,74.36,56.62
27.19,27.19,71.26,69.56,57.82
27.30,27.30,70.21,67.37,60.19
19.57,19.57,70.87,67.25,59.18
22.25,22.25,69.98,63.49,62.40
22.20,22.20,74.66,46.38,61.25
17.08,17.08,77.91,50.85,56.40
21.23,21.23,90.91,69.51,57.94
24.37,24.37,92.66,74.26,55.17
40.66,40.66,86.06,76.40,58.79
50.88,50.88,83.17,82.52,63.16
55.00,55.00,79.76,86.30,65.59
60.52,60.52,82.13,83.12,66.09
63.22,63.22,84.93,84.52,65.20
65.07,65.07,77.00,84.94,67.55
65.15,65.15,75.83,83.10,70.27
62.78,62.78,74.03,84.07,70.26
59.31,59.31,74.39,84.73,70.81
56.49,56.49,76.96,82.85,67.44
56.51,56.51,75.16,84.97,67.54
60.37,60.37,73.25,81.50,72.27
67.66,67.66,73.29,83.92,74.30
70.65,70.65,72.86,84.64,72.21
73.45,73.45,75.85,81.36,68.57
73.91,73.91,78.44,82.08,67.78
72.36,72.36,82.69,82.73,69.36
70.93,70.93,80.90,85.20,67.19
66.00,66.00,78.84,86.07,66.82
57.97,57.97,77.15,87.64,66.73
64.48,64.48,76.65,84.54,69.58
68.67,68.67,75.68,86.65,68.46
72.53,72.53,76.92,80.81,70.23
73.18,73.18,77.63,83.30,68.57
74.24,74.24,82.21,80.62,67.58
74.23,74.23,82.71,83.57,66.03
70.29,70.29,79.70,82.39,63.31
70.87,70.87,78.14,79.01,61.76
75.37,75.37,76.45,70.91,60.73
75.60,75.60,75.83,57.50,63.94
76.34,76.34,74.89,56.06,66.45
76.06,76.06,75.67,50.11,68.44
76.67,76.67,84.79,66.69,69.64
73.87,73.87,88.92,70.67,69.05
77.41,77.41,88.09,80.47,71.52
79.96,79.96,84.93,80.52,71.64
80.13,80.13,81.18,86.18,70.44
80.48,80.48,81.60,85.53,70.27
81.38,81.38,82.72,85.47,69.93
82.19,82.19,79.45,82.74,71.03
79.57,79.57,78.03,83.59,69.70
77.85,77.85,77.92,83.59,70.80
77.92,77.92,78.03,84.79,69.93
75.91,75.91,77.31,83.26,71.49
73.47,73.47,77.84,83.25,73.02
74.37,74.37,76.23,84.18,72.97
74.50,74.50,77.97,81.35,72.85
74.08,74.08,77.67,70.19,73.96
75.64,75.64,76.96,64.99,72.57
83.08,83.08,77.90,67.67,72.47
84.08,84.08,77.42,75.12,71.91
81.25,81.25,76.26,83.57,69.60
81.99,81.99,75.73,84.74,68.32
81.24,81.24,75.52,83.73,73.10
79.26,79.26,73.49,83.55,72.88
73.38,73.38,71.92,84.99,72.38
73.92,73.92,73.16,82.93,72.53
75.45,75.45,71.45,83.75,72.77
75.71,75.71,70.04,81.91,74.10
77.08,77.08,70.16,74.85,74.91
77.38,77.38,70.42,64.11,75.21
76.60,76.60,70.04,60.13,75.54
78.15,78.15,70.89,62.67,75.22
77.20,77.20,70.19,55.48,72.80
76.00,76.00,72.53,44.25,72.66
70.28,70.28,77.85,53.06,71.54
67.32,67.32,90.96,67.67,69.28
75.00,75.00,88.18,66.23,71.36
75.73,75.73,87.34,74.43,69.66
75.08,75.08,83.69,79.99,67.39
79.12,79.12,79.78,82.27,67.60
77.07,77.07,83.12,83.08,65.89
75.69,75.69,80.57,85.13,68.10
75.35,75.35,74.25,85.45,69.04
75.54,75.54,74.90,83.72,70.27
76.74,76.74,73.32,84.90,70.79
77.80,77.80,72.56,83.50,69.79
78.21,78.21,72.77,76.41,70.57
80.12,80.12,72.36,64.62,70.47
81.64,81.64,70.77,64.94,69.00
79.89,79.89,70.36,63.52,70.34
73.12,73.12,70.29,56.05,69.73
69.31,69.31,69.36,53.08,72.80
65.56,65.56,73.39,54.31,74.07
65.17,65.17,73.11,65.21,74.09
65.72,65.72,74.12,66.19,72.71
63.10,63.10,71.97,78.47,73.49
61.35,61.35,71.71,87.78,74.45
61.26,61.26,71.79,85.07,75.42
59.89,59.89,72.19,85.04,74.51
69.12,69.12,71.18,85.97,73.48
70.77,70.77,71.85,85.05,72.36
79.85,79.85,70.19,85.25,73.49
84.72,84.72,68.89,83.25,72.23
86.79,86.79,70.02,75.46,73.41
83.15,83.15,70.76,64.91,71.94
83.50,83.50,70.17,59.63,73.08
79.85,79.85,68.49,60.34,72.51
80.62,80.62,68.40,55.60,72.59
78.87,78.87,68.97,53.27,70.67
78.95,78.95,77.05,63.23,72.36
74.39,74.39,91.76,70.06,68.15
75.07,75.07,86.25,72.47,70.21
78.30,78.30,84.89,82.83,71.60
78.43,78.43,81.44,83.48,71.69
79.18,79.18,81.65,86.70,73.32
77.54,77.54,83.89,85.19,72.88
79.03,79.03,79.74,84.48,73.34
78.46,78.46,72.74,83.21,71.10
77.58,77.58,70.81,83.82,70.61
76.34,76.34,69.63,84.20,71.42
77.25,77.25,70.84,74.97,71.99
76.70,76.70,69.09,68.87,72.50
78.66,78.66,68.86,62.52,71.68
79.21,79.21,70.01,63.06,73.45
76.48,76.48,67.07,47.02,71.85
74.29,74.29,68.70,48.36,72.69
73.03,73.03,68.53,49.87,73.35
70.74,70.74,75.47,57.18,73.34
70.22,70.22,77.17,57.68,74.61
72.36,72.36,75.75,71.68,76.08
71.85,71.85,74.79,82.75,76.07
67.03,67.03,73.41,87.87,74.78
68.62,68.62,73.35,86.19,72.33
68.38,68.38,72.91,85.55,74.58
65.20,65.20,70.89,85.45,73.29
66.62,66.62,71.16,85.40,73.03
62.53,62.53,70.44,84.60,74.01
64.07,64.07,70.66,84.69,74.79
63.33,63.33,71.70,79.79,75.68
62.13,62.13,71.73,68.33,75.07
61.25,61.25,70.50,64.52,74.38
57.04,57.04,71.78,52.12,71.57
54.52,54.52,72.99,46.13,71.05
54.63,54.63,86.88,63.90,72.39
45.23,45.23,89.48,66.35,71.10
43.48,43.48,87.31,67.87,70.15
43.19,43.19,85.55,63.97,73.52
42.21,42.21,79.84,71.80,70.09
43.92,43.92,82.45,82.74,69.28
40.11,40.11,81.37,84.60,70.74
40.50,40.50,80.03,83.76,70.47
41.53,41.53,75.27,84.66,71.66
37.53,37.53,73.49,84.75,72.39
40.38,40.38,72.83,82.91,72.61
40.97,40.97,70.71,79.71,71.80
43.92,43.92,72.14,76.07,72.80
34.29,34.29,70.18,71.33,72.35
39.98,39.98,70.39,73.68,73.33
42.42,42.42,69.88,77.45,74.21
36.62,36.62,70.33,74.44,75.34
40.27,40.27,68.90,78.22,74.06
30.37,30.37,73.71,81.59,75.68
29.10,29.10,74.45,76.04,75.27
28.98,28.98,74.56,65.42,75.36
31.53,31.53,73.76,74.04,75.23
36.42,36.42,71.35,85.65,75.79
37.67,37.67,72.23,84.75,76.37
38.63,38.63,70.72,85.45,74.10
42.15,42.15,69.51,84.02,74.85
45.17,45.17,70.87,84.02,73.88
42.49,42.49,70.14,81.72,73.59
52.73,52.73,69.05,73.51,76.14
69.84,69.84,69.84,82.67,77.03
73.77,73.77,69.60,87.43,75.28
75.83,75.83,69.02,85.03,73.52
77.12,77.12,68.22,84.65,73.81
80.94,80.94,71.51,82.29,73.43
82.15,82.15,75.19,81.34,72.53
77.55,77.55,89.22,80.44,69.35
82.26,82.26,87.95,76.46,70.90
80.14,80.14,86.25,73.94,74.37
80.25,80.25,80.68,78.46,76.11
78.81,78.81,80.46,76.69,75.22
79.93,79.93,84.40,80.28,73.74
66.97,66.97,79.24,82.21,73.19
66.75,66.75,74.06,82.99,75.05
60.46,60.46,71.57,82.98,75.61
63.26,63.26,67.19,81.76,75.54
68.69,68.69,67.10,81.79,76.28
69.83,69.83,70.26,82.56,76.38
66.55,66.55,67.64,82.90,77.12
59.29,59.29,65.61,79.28,77.61
59.50,59.50,64.28,81.92,77.23
58.61,58.61,66.13,67.67,76.36
61.97,61.97,67.86,69.72,75.13
71.52,71.52,74.96,65.72,74.76
84.58,84.58,75.64,67.27,73.59
83.06,83.06,75.55,79.92,73.65
81.62,81.62,73.86,82.84,73.03
79.20,79.20,73.81,83.12,73.65
73.79,73.79,71.95,82.12,74.35
67.47,67.47,72.99,82.72,75.06
66.56,66.56,72.37,81.79,74.56
65.59,65.59,71.78,83.42,76.13
69.62,69.62,71.78,83.75,75.29
69.73,69.73,71.04,81.32,75.38
61.07,61.07,72.90,81.76,76.51
52.22,52.22,72.92,74.03,75.95
60.60,60.60,71.66,66.71,76.39
59.82,59.82,71.68,60.95,74.57
53.44,53.44,72.39,57.33,73.62
58.67,58.67,74.45,44.60,70.80
73.42,73.42,83.18,54.34,70.35
74.13,74.13,89.69,66.30,67.70
77.58,77.58,87.89,69.66,71.90
77.41,77.41,85.81,73.52,72.86
78.39,78.39,79.13,79.87,74.64
78.27,78.27,78.73,83.09,73.42
80.02,80.02,84.59,85.17,72.45
78.93,78.93,78.00,81.83,72.99
79.41,79.41,74.75,79.40,73.63
77.23,77.23,72.62,82.50,74.96
78.18,78.18,69.23,83.63,73.84
77.22,77.22,68.68,80.68,73.85
74.50,74.50,70.88,77.11,74.48
80.06,80.06,69.63,76.14,75.39
72.30,72.30,70.05,70.96,76.47
63.99,63.99,64.61,71.65,76.50
62.50,62.50,67.86,65.86,77.00
64.62,64.62,71.86,56.92,76.81
64.87,64.87,72.45,64.34,75.92
62.84,62.84,72.67,75.42,74.26
63.98,63.98,71.44,79.76,75.54
67.10,67.10,71.98,83.22,75.56
66.01,66.01,71.12,84.76,75.41
65.16,65.16,68.96,83.36,75.04
69.09,69.09,70.27,81.18,75.30
75.67,75.67,69.43,82.16,75.29
82.41,82.41,69.28,84.31,75.19
81.49,81.49,70.22,82.96,74.81
79.22,79.22,69.63,82.34,74.74
82.36,82.36,70.37,83.10,74.05
84.56,84.56,69.97,79.13,75.23
82.41,82.41,69.66,73.58,75.00
82.79,82.79,68.62,63.32,73.75
82.83,82.83,71.08,55.11,73.30
81.16,81.16,88.95,64.71,71.85
80.80,80.80,87.84,67.73,70.81
81.43,81.43,87.01,67.37,70.70
81.65,81.65,83.40,80.87,73.59
82.62,82.62,81.29,83.70,73.63
82.61,82.61,82.75,82.32,74.46
84.20,84.20,82.83,82.20,74.11
84.44,84.44,73.83,81.99,74.07
82.52,82.52,71.88,83.19,74.02
80.80,80.80,70.21,82.94,73.69
81.69,81.69,66.37,81.40,75.32
78.08,78.08,66.57,83.48,74.67
78.17,78.17,68.51,77.39,75.03
78.90,78.90,67.37,69.61,74.59
80.72,80.72,68.96,58.45,74.80
80.09,80.09,65.45,68.46,75.68
76.57,76.57,65.98,61.70,75.60
76.93,76.93,71.21,72.51,74.98
76.40,76.40,75.09,61.98,72.78
75.45,75.45,76.13,66.99,72.88
76.89,76.89,74.69,70.32,75.11
76.03,76.03,73.16,84.87,74.75
72.50,72.50,74.18,87.11,73.39
71.77,71.77,73.12,85.40,74.20
70.94,70.94,71.74,85.32,72.62
71.54,71.54,73.43,83.21,73.63
70.68,70.68,71.24,83.87,73.36
72.93,72.93,69.50,84.60,73.77
72.60,72.60,71.09,83.74,73.01
74.92,74.92,70.44,83.35,74.06
77.34,77.34,70.41,80.65,74.17
79.22,79.22,69.46,71.98,74.03
78.26,78.26,69.50,65.00,72.18
75.23,75.23,71.67,55.87,71.73
74.01,74.01,75.66,47.13,67.57
67.72,67.72,90.93,56.55,67.01
59.11,59.11,88.41,65.10,66.59
62.56,62.56,87.01,61.69,68.79
62.91,62.91,82.89,75.97,69.58
59.49,59.49,79.10,84.09,71.93
57.93,57.93,81.51,85.03,72.51
61.32,61.32,80.86,85.86,72.47
69.05,69.05,76.97,84.52,74.23
66.43,66.43,74.99,83.72,73.91
62.13,62.13,74.22,83.24,74.79
59.52,59.52,73.07,82.22,74.25
60.82,60.82,72.70,82.84,75.23
60.02,60.02,73.61,71.75,75.88
61.35,61.35,72.85,72.11,75.64
60.87,60.87,71.66,68.38,74.54
60.96,60.96,69.84,71.42,75.78
60.01,60.01,70.58,69.70,75.69
59.27,59.27,75.92,68.61,75.07
59.30,59.30,75.35,68.85,75.86
54.24,54.24,76.04,78.30,75.79
46.13,46.13,73.84,86.23,75.84
46.49,46.49,73.59,85.25,76.76
49.84,49.84,73.03,84.42,76.51
51.86,51.86,72.76,83.91,76.20
52.97,52.97,72.29,84.02,76.03
51.98,51.98,71.37,84.15,73.53
49.13,49.13,70.17,83.61,75.06
47.20,47.20,71.29,83.48,75.18
49.71,49.71,71.56,83.29,74.35
54.41,54.41,71.29,83.25,74.19
58.33,58.33,70.46,83.42,73.52
58.54,58.54,69.71,83.14,75.66
67.00,67.00,70.40,81.74,73.44
76.69,76.69,75.84,80.52,74.69
73.56,73.56,89.62,76.80,73.75
82.02,82.02,88.69,68.69,72.18
77.97,77.97,87.71,74.71,72.82
80.21,80.21,81.61,83.06,73.49
83.90,83.90,79.68,82.38,73.27
82.10,82.10,85.11,81.86,72.12
82.73,82.73,82.05,80.85,70.49
84.98,84.98,73.84,81.98,71.44
84.66,84.66,71.28,80.58,72.66
83.71,83.71,64.94,80.34,72.91
74.56,74.56,68.40,80.89,73.19
67.63,67.63,67.90,78.84,73.89
62.30,62.30,69.16,75.16,75.84
59.50,59.50,68.46,71.73,78.20
62.44,62.44,67.39,68.03,77.35
67.02,67.02,65.61,64.38,77.33
65.12,65.12,64.77,65.51,76.84
81.93,81.93,70.44,64.99,75.20
83.38,83.38,74.44,64.91,73.77
81.88,81.88,75.02,71.59,74.21
81.40,81.40,74.50,72.03,75.58
84.54,84.54,72.67,84.76,73.10
85.22,85.22,72.68,83.97,72.37
84.87,84.87,72.36,82.24,71.98
83.63,83.63,71.44,81.98,71.30
82.49,82.49,71.85,81.38,72.01
76.79,76.79,69.84,83.05,72.71
71.23,71.23,69.75,79.87,72.88
63.83,63.83,70.71,77.21,74.53
63.41,63.41,70.65,69.76,75.34
60.97,60.97,70.24,66.79,75.28
60.19,60.19,68.68,61.53,74.99
58.83,58.83,69.79,47.61,74.81
59.52,59.52,73.15,47.87,74.18
62.63,62.63,87.04,70.11,72.07
66.63,66.63,86.31,72.97,71.55
72.05,72.05,88.23,79.60,69.59
79.20,79.20,87.06,80.57,71.54
83.08,83.08,77.21,76.41,71.19
83.55,83.55,82.52,76.32,70.09
83.68,83.68,80.41,79.77,72.81
84.05,84.05,79.68,79.21,73.50
82.91,82.91,72.30,80.66,75.70
81.55,81.55,72.10,79.04,74.56
77.85,77.85,72.89,75.42,75.04
78.83,78.83,73.00,70.71,76.05
76.63,76.63,71.87,68.13,75.78
72.77,72.77,68.87,67.04,75.11
65.64,65.64,68.23,59.77,76.02
58.42,58.42,66.42,58.72,74.32
57.85,57.85,64.87,55.01,73.90
65.57,65.57,71.92,58.23,73.88
68.92,68.92,73.34,66.84,72.37
75.18,75.18,73.62,70.64,73.55
77.11,77.11,72.89,82.18,75.95
78.57,78.57,71.49,84.48,74.22
79.74,79.74,70.33,84.59,73.71
78.39,78.39,70.09,83.51,73.01
81.92,81.92,69.94,84.40,72.52
81.29,81.29,70.32,83.72,70.83
75.83,75.83,68.66,83.09,71.15
77.99,77.99,69.48,81.90,72.01
80.06,80.06,68.96,79.83,73.19
80.16,80.16,68.72,81.31,73.16
77.57,77.57,70.44,78.13,73.68
77.58,77.58,70.17,70.36,72.96
75.96,75.96,70.11,61.51,73.34
76.36,76.36,70.31,55.80,73.18
77.73,77.73,83.37,55.43,72.25
81.15,81.15,89.15,62.27,72.92
82.62,82.62,89.91,75.55,71.80
80.24,80.24,86.63,80.22,68.57
79.84,79.84,76.96,76.58,70.38
80.36,80.36,84.08,77.74,72.09
83.65,83.65,81.67,80.09,73.35
85.50,85.50,79.32,78.40,74.04
81.77,81.77,68.70,78.71,74.77
83.57,83.57,69.27,78.51,76.57
85.78,85.78,66.89,80.21,76.43
80.91,80.91,68.24,77.32,76.28
84.18,84.18,67.64,80.25,74.55
85.80,85.80,66.83,80.36,75.63
84.86,84.86,66.92,81.43,72.84
85.57,85.57,66.32,81.21,75.24
83.66,83.66,66.21,81.30,74.61
69.33,69.33,70.08,80.83,75.38
63.61,63.61,74.43,79.00,74.98
60.24,60.24,75.01,81.00,74.40
56.81,56.81,74.36,80.73,73.80
56.44,56.44,73.41,82.61,73.09
60.50,60.50,72.54,79.04,75.05
57.40,57.40,72.34,82.95,74.52
58.12,58.12,72.25,82.05,75.42
58.49,58.49,70.99,79.15,75.76
54.42,54.42,70.98,81.13,74.64
52.44,52.44,70.80,79.84,76.68
47.78,47.78,70.83,79.28,75.84
48.23,48.23,70.79,78.34,75.97
49.05,49.05,70.98,79.87,76.28
45.76,45.76,70.91,77.31,76.78
48.71,48.71,70.67,78.89,74.28
50.51,50.51,73.88,74.87,71.23
67.53,67.53,80.06,71.57,72.50
70.92,70.92,91.29,72.67,70.05
75.31,75.31,86.94,68.78,68.01
79.84,79.84,87.52,74.56,68.67
80.51,80.51,83.09,83.39,70.79
83.34,83.34,80.13,82.02,70.01
80.58,80.58,80.82,81.03,69.26
79.51,79.51,81.79,80.17,71.33
78.79,78.79,73.44,80.82,71.44
78.47,78.47,72.32,82.05,72.05
81.14,81.14,70.53,82.22,70.20
78.10,78.10,70.86,82.53,71.69
81.08,81.08,70.68,80.54,71.86
81.84,81.84,67.50,79.75,71.48
81.18,81.18,67.00,78.70,70.57
78.92,78.92,67.47,81.15,71.65
82.47,82.47,65.12,81.19,71.60
82.62,82.62,66.16,77.63,68.66
82.43,82.43,71.47,62.95,71.39
80.22,80.22,73.99,65.02,72.98
78.01,78.01,75.25,77.38,73.57
79.87,79.87,74.09,81.13,73.78
83.69,83.69,72.19,82.12,73.27
82.82,82.82,71.40,82.44,74.38
77.67,77.67,71.20,83.39,73.22
81.64,81.64,70.98,83.46,73.41
85.28,85.28,70.36,81.85,72.87
85.62,85.62,69.27,81.00,72.25
81.91,81.91,68.66,80.33,72.94
78.46,78.46,69.59,81.87,72.97
75.84,75.84,69.35,80.58,74.41
76.76,76.76,69.19,80.53,75.60
76.18,76.18,69.71,79.46,73.12
80.07,80.07,71.95,76.27,71.81
80.86,80.86,72.86,67.55,71.24
80.52,80.52,84.33,64.88,73.62
78.15,78.15,88.47,61.20,71.83
78.60,78.60,89.47,70.17,71.79
77.27,77.27,87.53,81.19,73.19
77.39,77.39,76.64,79.93,73.27
74.24,74.24,83.41,79.20,74.22
71.83,71.83,83.54,82.11,72.62
71.31,71.31,75.24,80.58,74.86
77.84,77.84,76.87,80.56,73.11
84.17,84.17,70.66,78.15,73.19
85.58,85.58,68.09,79.01,73.04
83.04,83.04,66.98,79.01,73.00
83.24,83.24,68.29,79.16,71.85
77.22,77.22,67.72,79.19,73.10
74.37,74.37,67.09,76.55,72.72
65.24,65.24,66.71,79.72,72.66
75.14,75.14,67.02,75.82,75.38
79.83,79.83,69.70,76.84,74.93
81.63,81.63,75.32,70.13,72.82
82.43,82.43,75.31,70.09,73.03
83.76,83.76,74.96,76.52,70.38
81.32,81.32,73.34,84.41,71.97
79.12,79.12,73.32,84.62,70.48
82.74,82.74,71.98,83.87,70.80
82.66,82.66,71.89,83.63,69.83
80.03,80.03,71.32,83.44,70.64
82.01,82.01,71.09,82.48,70.93
81.06,81.06,70.20,82.73,72.95
75.88,75.88,70.88,79.89,72.21
75.44,75.44,70.91,79.53,74.98
63.61,63.61,70.40,75.13,75.78
62.02,62.02,69.20,77.55,74.64
63.16,63.16,70.94,70.67,75.66
72.85,72.85,71.84,60.72,73.43
80.50,80.50,81.90,60.26,73.19
78.98,78.98,89.06,66.91,69.18
82.44,82.44,86.80,78.48,68.14
82.17,82.17,84.86,81.25,70.18
83.55,83.55,85.22,79.90,69.71
81.52,81.52,79.45,81.76,69.04
76.10,76.10,80.89,81.29,69.11
75.66,75.66,85.24,81.63,70.65
75.72,75.72,75.41,82.07,70.67
76.91,76.91,74.17,81.30,71.69
76.31,76.31,71.14,79.11,72.35
75.31,75.31,72.45,81.45,71.86
74.22,74.22,71.05,77.70,72.82
67.19,67.19,69.31,78.02,71.64
63.25,63.25,65.80,78.47,69.61
64.89,64.89,66.48,79.23,71.69
72.88,72.88,66.98,76.65,72.67
81.76,81.76,69.24,64.67,73.48
81.59,81.59,74.47,65.54,73.54
80.55,80.55,74.94,67.88,73.77
82.45,82.45,74.55,74.69,73.30
78.76,78.76,72.65,86.50,72.60
78.18,78.18,72.53,85.36,72.43
79.75,79.75,70.66,84.18,71.71
79.43,79.43,70.72,83.89,72.59
78.71,78.71,70.06,83.49,71.89
74.29,74.29,69.68,83.15,74.99
76.35,76.35,68.55,82.71,75.59
72.85,72.85,69.26,78.91,74.97
63.44,63.44,69.83,76.49,74.88
59.25,59.25,70.46,77.95,74.63
57.44,57.44,69.87,79.28,73.84
56.19,56.19,70.01,79.06,72.39
61.80,61.80,71.88,77.43,71.26
73.61,73.61,79.05,72.08,69.28
79.60,79.60,90.10,61.09,70.11
78.67,78.67,89.47,64.15,66.92
79.57,79.57,88.47,72.58,65.91
80.57,80.57,84.48,83.79,67.36
83.58,83.58,81.46,82.48,69.90
83.24,83.24,86.08,82.09,67.99
84.62,84.62,80.69,82.66,67.85
83.68,83.68,73.15,82.57,68.09
78.59,78.59,74.70,82.29,70.20
71.32,71.32,72.18,81.20,73.00
69.94,69.94,66.56,80.97,72.27
56.89,56.89,66.42,78.76,73.16
52.62,52.62,69.44,78.94,73.42
53.62,53.62,67.24,78.46,73.89
64.13,64.13,67.63,78.59,71.73
71.39,71.39,68.50,78.87,69.68
78.63,78.63,71.21,79.56,68.20
80.26,80.26,82.45,74.55,71.93
83.32,83.32,83.45,71.19,71.97
80.25,80.25,80.63,68.79,70.85
83.35,83.35,77.64,83.07,69.70
77.53,77.53,75.83,85.98,71.82
81.75,81.75,73.76,84.57,70.97
80.29,80.29,73.44,84.57,70.45
81.92,81.92,73.55,83.54,70.00
74.04,74.04,76.66,83.65,70.88
65.76,65.76,84.08,83.80,69.85
60.31,60.31,81.44,82.48,71.55
64.82,64.82,80.72,81.74,71.96
63.46,63.46,77.99,82.45,74.06
61.62,61.62,74.65,81.89,73.48
65.97,65.97,75.04,74.83,70.96
68.93,68.93,74.44,80.99,70.48
73.50,73.50,77.67,75.88,69.68
72.17,72.17,86.04,71.72,70.95
76.45,76.45,88.37,73.41,70.57
77.65,77.65,89.72,74.16,71.60
78.47,78.47,81.31,75.86,71.28
81.80,81.80,80.88,75.32,70.44
81.60,81.60,80.56,77.35,72.05
82.25,82.25,81.26,78.25,72.19
79.17,79.17,78.81,79.78,71.62
79.73,79.73,75.38,79.51,71.90
81.46,81.46,72.76,81.31,73.13
81.79,81.79,72.09,79.55,71.77
82.77,82.77,71.66,78.54,71.51
82.84,82.84,72.27,81.10,70.97
81.69,81.69,71.29,81.62,70.33
82.10,82.10,69.13,82.41,71.44
83.26,83.26,69.16,79.87,71.12
79.91,79.91,70.33,76.86,66.67
79.29,79.29,79.80,72.85,68.72
74.23,74.23,85.72,74.27,69.03
75.20,75.20,80.32,81.57,65.74
71.17,71.17,78.63,79.95,67.35
78.49,78.49,76.98,78.25,69.35
72.34,72.34,74.12,79.75,70.05
78.78,78.78,73.13,75.14,68.74
79.54,79.54,72.39,81.69,69.74
81.28,81.28,72.13,80.85,68.85
80.33,80.33,71.68,76.92,71.20
80.78,80.78,68.93,81.20,69.84
80.65,80.65,68.89,78.34,71.25
79.15,79.15,67.90,81.76,71.48
77.60,77.60,66.95,83.38,72.11
78.97,78.97,67.81,82.02,73.38
77.27,77.27,68.94,83.93,74.08
76.29,76.29,73.16,81.39,74.84
72.51,72.51,88.00,79.55,72.35
67.49,67.49,89.36,77.24,71.24
71.33,71.33,88.66,74.45,71.44
75.30,75.30,86.27,80.98,72.89
77.20,77.20,81.76,83.19,73.17
80.25,80.25,82.97,83.82,72.75
82.30,82.30,84.55,81.82,73.54
85.07,85.07,79.18,80.07,73.13
86.47,86.47,76.81,81.82,72.43
84.40,84.40,77.43,82.67,73.76
81.02,81.02,77.57,82.27,74.35
81.41,81.41,76.91,81.79,74.05
80.53,80.53,77.11,81.28,74.80
78.05,78.05,77.86,81.54,74.16
71.36,71.36,78.08,72.12,75.27
65.81,65.81,77.31,63.09,75.92
70.47,70.47,76.70,64.11,73.99
68.72,68.72,77.34,66.85,72.95
77.67,77.67,77.10,75.37,73.28
83.58,83.58,75.64,83.18,71.14
83.12,83.12,75.85,84.08,73.46
83.88,83.88,74.78,84.78,73.41
84.59,84.59,72.85,83.27,72.71
83.36,83.36,72.92,84.91,71.31
78.79,78.79,72.06,83.12,71.62
73.40,73.40,72.63,84.48,73.57
76.16,76.16,69.67,82.00,73.86
77.37,77.37,69.68,80.43,75.06
77.46,77.46,68.74,71.21,74.81
76.32,76.32,67.95,66.36,74.62
77.17,77.17,69.85,58.69,74.00
75.25,75.25,68.71,52.62,73.30
76.55,76.55,71.44,42.89,73.79
75.27,75.27,74.58,54.14,71.16
65.94,65.94,89.56,63.95,70.05
68.37,68.37,88.22,69.40,66.76
76.97,76.97,87.08,78.40,66.81
75.49,75.49,86.02,83.40,67.39
77.37,77.37,80.01,85.06,65.60
78.50,78.50,83.03,85.14,65.25
79.26,79.26,84.58,83.93,64.45
77.46,77.46,76.87,82.17,67.00
73.85,73.85,74.84,82.54,66.38
74.10,74.10,73.80,83.99,66.87
76.31,76.31,73.56,82.63,68.07
75.34,75.34,72.92,77.17,70.45
77.53,77.53,72.49,68.17,71.35
77.42,77.42,70.91,63.99,71.15
78.70,78.70,71.81,60.59,73.25
75.56,75.56,70.23,51.83,75.00
75.32,75.32,69.97,54.75,74.12
71.94,71.94,71.92,58.40,73.33
66.69,66.69,74.10,66.24,73.99
64.10,64.10,74.68,79.10,73.94
63.22,63.22,71.20,86.63,73.08
62.24,62.24,71.15,85.70,74.10
64.93,64.93,69.51,85.65,74.11
65.26,65.26,68.42,84.86,73.78
67.89,67.89,68.25,85.06,74.68
71.52,71.52,67.78,84.47,73.13
78.65,78.65,66.73,84.48,73.01
79.59,79.59,65.80,83.73,71.24
81.68,81.68,65.55,84.82,71.33
82.49,82.49,66.34,83.40,69.50
83.38,83.38,67.76,76.23,69.27
82.20,82.20,68.21,70.03,70.82
79.86,79.86,67.09,60.56,73.18
78.46,78.46,69.08,55.63,71.27
76.90,76.90,73.18,57.04,70.60
71.22,71.22,91.36,66.15,67.56
72.36,72.36,89.19,75.36,67.76
77.06,77.06,89.17,80.49,67.44
78.75,78.75,81.50,80.38,67.23
78.31,78.31,78.43,76.50,66.02
80.70,80.70,85.35,78.81,66.37
80.03,80.03,81.10,83.11,68.53
78.18,78.18,73.40,83.46,68.83
79.12,79.12,73.00,82.46,69.74
77.30,77.30,72.27,83.36,72.28
75.65,75.65,68.74,81.87,73.94
78.00,78.00,69.51,82.62,74.59
79.40,79.40,71.12,72.83,73.36
83.00,83.00,66.73,65.52,74.64
83.48,83.48,68.11,59.37,71.79
80.07,80.07,67.63,59.55,73.18
76.98,76.98,65.98,50.76,74.41
74.22,74.22,70.95,60.68,74.14
72.71,72.71,73.11,63.89,76.76
71.95,71.95,71.98,64.41,75.28
69.91,69.91,69.57,74.78,78.23
66.48,66.48,66.77,86.19,76.19
65.52,65.52,65.38,85.95,76.41
64.72,64.72,63.39,85.35,75.51
60.86,60.86,61.82,85.15,75.84
62.69,62.69,60.53,85.81,75.40
58.19,58.19,61.88,84.74,76.47
54.98,54.98,64.31,85.29,75.78
50.66,50.66,66.47,82.18,75.95
48.94,48.94,66.18,72.96,74.31
51.37,51.37,65.58,70.57,73.97
50.80,50.80,65.89,55.74,73.01
50.61,50.61,68.80,48.31,73.65
49.93,49.93,73.66,46.38,70.07
45.38,45.38,91.93,63.17,67.84
43.82,43.82,89.53,68.61,65.97
43.94,43.94,87.38,74.21,68.71
49.14,49.14,83.22,77.39,68.67
51.16,51.16,82.28,83.64,70.28
53.34,53.34,84.94,82.10,71.76
53.83,53.83,83.09,84.03,72.12
51.00,51.00,74.73,84.33,73.10
44.14,44.14,75.10,84.27,71.10
42.20,42.20,72.88,84.01,70.60
38.64,38.64,72.37,81.24,72.27
37.87,37.87,73.07,77.97,72.64
35.38,35.38,69.97,69.06,74.29
36.42,36.42,69.64,62.86,76.10
34.98,34.98,68.20,56.83,76.14
35.31,35.31,70.69,59.60,76.56
37.96,37.96,68.58,61.87,74.48
36.79,36.79,72.99,70.49,74.05
33.65,33.65,74.51,65.24,74.82
31.85,31.85,74.29,72.63,73.31
29.38,29.38,74.11,80.12,74.88
31.92,31.92,72.34,86.00,75.67
32.86,32.86,71.25,85.20,74.83
32.60,32.60,70.36,85.09,75.53
29.97,29.97,70.92,84.51,75.32
29.10,29.10,69.97,84.95,75.71
31.39,31.39,69.23,86.09,75.10
27.04,27.04,68.59,86.22,74.32
30.07,30.07,67.94,84.80,75.21
31.28,31.28,68.66,85.80,74.96
32.05,32.05,67.67,84.82,76.00
38.23,38.23,68.48,86.15,74.64
42.01,42.01,68.43,80.98,74.56
48.12,48.12,71.81,76.94,73.59
57.09,57.09,73.20,70.64,72.83
66.42,66.42,90.78,65.16,70.75
78.85,78.85,88.46,58.35,71.44
80.01,80.01,87.54,62.31,71.28
78.72,78.72,84.24,74.34,70.72
79.35,79.35,79.72,79.65,71.04
79.31,79.31,84.26,85.02,71.22
79.95,79.95,81.59,82.86,71.76
82.59,82.59,72.74,84.22,72.76
81.46,81.46,69.86,81.47,73.18
77.55,77.55,69.46,84.44,72.84
73.75,73.75,67.26,84.01,74.84
73.89,73.89,69.54,83.24,74.95
73.45,73.45,67.98,82.93,74.10
74.56,74.56,67.10,83.64,74.14
76.28,76.28,65.87,83.23,73.46
75.28,75.28,64.87,81.54,73.24
77.43,77.43,66.29,70.64,73.22
78.52,78.52,70.58,64.68,74.20
77.34,77.34,72.09,65.32,73.91
77.89,77.89,70.27,81.07,74.78
75.31,75.31,67.52,83.15,74.19
69.84,69.84,66.13,84.60,73.42
70.23,70.23,64.05,83.99,73.48
65.13,65.13,64.21,84.15,71.09
67.44,67.44,62.87,83.66,73.88
64.52,64.52,62.49,84.17,75.29
58.26,58.26,63.94,82.69,74.56
56.89,56.89,64.48,74.62,74.56
53.13,53.13,65.02,66.56,74.79
50.01,50.01,66.09,60.02,75.39
48.63,48.63,63.67,54.36,73.76
49.68,49.68,64.73,52.50,73.09
50.71,50.71,68.01,39.04,71.16
56.68,56.68,75.16,53.10,69.46
74.42,74.42,88.43,63.66,70.72
80.75,80.75,90.07,72.35,69.25
83.42,83.42,84.70,76.31,70.34
83.98,83.98,83.37,82.75,71.24
81.22,81.22,78.67,83.58,70.38
80.52,80.52,81.43,84.26,72.00
75.18,75.18,81.08,82.47,71.61
75.57,75.57,73.70,81.27,71.36
68.54,68.54,71.76,80.64,70.83
67.48,67.48,69.03,74.30,71.34
70.73,70.73,68.66,64.62,72.26
69.40,69.40,68.71,58.62,72.76
68.45,68.45,71.03,59.85,74.32
71.74,71.74,69.95,57.98,74.96
72.40,72.40,68.05,52.87,74.38
74.69,74.69,66.96,57.69,74.28
75.09,75.09,69.98,57.35,74.03
71.69,71.69,72.63,69.78,74.67
66.42,66.42,71.55,76.23,75.38
59.17,59.17,68.22,84.57,74.47
54.59,54.59,65.32,87.59,74.49
49.83,49.83,63.79,86.82,75.68
46.19,46.19,63.76,86.53,75.20
46.38,46.38,65.58,86.40,77.03
48.59,48.59,59.95,85.66,73.91
56.50,56.50,60.72,85.16,74.33
65.24,65.24,62.95,82.36,73.95
71.45,71.45,64.92,73.71,74.56
76.31,76.31,65.92,67.12,74.49
86.14,86.14,65.20,61.76,73.99
82.12,82.12,64.94,64.58,74.35
82.96,82.96,65.88,56.46,74.60
80.54,80.54,65.50,51.62,72.37
80.87,80.87,75.47,60.36,73.80
78.40,78.40,90.92,69.33,72.68
78.71,78.71,88.08,77.39,71.07
80.25,80.25,87.01,78.74,74.36
80.92,80.92,79.22,82.09,72.33
81.95,81.95,80.56,76.62,73.24
81.99,81.99,83.99,81.60,73.21
82.39,82.39,79.38,82.87,74.27
81.79,81.79,70.87,84.51,74.42
82.26,82.26,69.62,83.60,74.12
81.57,81.57,70.10,82.01,72.71
79.49,79.49,68.49,80.61,74.23
80.43,80.43,67.95,71.87,72.19
80.73,80.73,64.96,58.54,73.00
79.49,79.49,66.02,60.71,73.28
77.28,77.28,65.97,61.71,72.47
77.29,77.29,66.86,63.21,73.13
76.67,76.67,67.48,62.42,73.20
75.49,75.49,76.84,61.10,73.36
74.83,74.83,77.50,62.16,73.46
73.55,73.55,75.96,77.96,73.72
73.29,73.29,74.63,81.65,73.99
71.89,71.89,74.31,84.05,74.41
74.73,74.73,73.61,80.69,75.04
74.00,74.00,73.23,80.27,74.58
72.51,72.51,72.42,82.51,75.15
70.53,70.53,72.50,79.46,75.73
67.79,67.79,72.53,80.52,73.78
66.85,66.85,72.29,78.89,74.25
63.57,63.57,71.65,79.82,75.17
59.10,59.10,71.46,77.57,75.73
53.78,53.78,71.78,79.62,76.16
55.17,55.17,70.86,78.45,75.76
52.95,52.95,71.16,74.98,74.21
48.11,48.11,74.60,68.26,69.16
42.19,42.19,82.77,68.02,70.59
38.98,38.98,92.04,72.85,70.57
41.39,41.39,86.24,80.52,72.72
45.96,45.96,83.72,81.09,74.41
52.67,52.67,81.11,81.21,73.11
47.03,47.03,83.30,82.98,71.64
49.26,49.26,79.33,82.01,72.16
42.21,42.21,78.57,82.27,73.66
43.69,43.69,75.41,83.05,73.76
47.49,47.49,72.99,83.42,73.11
47.27,47.27,75.78,83.45,73.83
44.52,44.52,72.36,80.35,74.28
43.34,43.34,70.04,80.34,74.82
43.97,43.97,69.97,78.32,74.54
43.27,43.27,69.51,76.34,75.57
44.98,44.98,68.89,70.08,74.45
46.15,46.15,69.26,61.72,73.90
50.17,50.17,68.78,61.41,75.06
46.38,46.38,68.40,70.50,72.92
42.80,42.80,73.97,74.41,77.17
39.37,39.37,70.72,82.01,75.64
37.10,37.10,70.26,84.99,76.14
32.09,32.09,68.80,85.06,75.26
31.74,31.74,68.99,83.48,75.95
40.54,40.54,67.26,83.79,75.33
38.86,38.86,67.09,84.46,75.23
44.48,44.48,65.56,83.81,75.77
54.17,54.17,64.83,83.01,75.00
58.17,58.17,65.15,84.63,74.49
77.26,77.26,66.87,83.89,76.00
79.40,79.40,67.72,84.13,76.13
78.03,78.03,67.54,84.39,76.23
74.24,74.24,69.24,81.30,75.49
60.94,60.94,78.58,78.61,73.68
72.82,72.82,82.60,72.36,73.09
72.16,72.16,90.74,69.16,68.51
82.19,82.19,90.15,71.28,71.50
83.34,83.34,84.80,76.77,72.19
80.80,80.80,78.90,81.42,74.12
79.25,79.25,84.49,78.15,71.50
82.04,82.04,81.97,79.08,73.13
81.86,81.86,81.97,81.60,71.60
82.16,82.16,69.66,81.21,74.00
84.41,84.41,67.70,83.66,74.98
83.83,83.83,69.15,82.59,74.67
80.56,80.56,66.39,81.30,74.51
73.92,73.92,70.55,73.56,75.90
71.73,71.73,66.43,71.81,76.70
66.45,66.45,67.28,72.93,76.20
62.19,62.19,67.50,68.99,76.66
61.28,61.28,69.21,70.85,76.54
63.54,63.54,67.74,65.21,76.00
72.85,72.85,72.48,69.02,76.40
77.78,77.78,73.86,70.60,76.21
81.69,81.69,72.20,79.93,74.62
80.20,80.20,70.98,83.62,71.48
79.39,79.39,67.53,81.96,72.45
79.24,79.24,65.87,83.42,72.34
76.71,76.71,65.23,82.71,72.02
77.72,77.72,66.05,83.35,71.58
75.21,75.21,69.97,82.06,73.06
70.51,70.51,71.38,82.97,74.05
64.08,64.08,71.49,81.59,73.61
61.59,61.59,71.14,79.49,74.84
55.20,55.20,68.43,69.90,76.54
50.73,50.73,68.41,71.00,76.47
53.90,53.90,69.44,71.14,77.34
56.59,56.59,70.08,64.63,76.45
68.02,68.02,78.72,66.07,74.72
65.82,65.82,90.58,75.72,71.43
68.50,68.50,86.66,81.46,70.80
76.66,76.66,86.87,81.85,72.73
78.15,78.15,79.95,83.09,72.45
81.17,81.17,81.55,82.85,73.50
80.50,80.50,83.45,82.30,73.47
80.67,80.67,78.32,84.28,72.18
80.93,80.93,75.01,83.41,73.02
77.74,77.74,74.90,84.73,73.66
80.44,80.44,71.71,80.43,73.12
82.74,82.74,72.62,75.70,73.58
84.09,84.09,71.04,71.88,73.63
81.98,81.98,70.78,65.86,73.13
82.12,82.12,69.17,66.51,73.57
80.64,80.64,67.06,69.68,74.95
77.06,77.06,69.37,73.43,76.11
75.40,75.40,68.36,76.73,75.88
79.34,79.34,73.52,76.49,74.42
79.02,79.02,73.32,64.27,73.76
81.83,81.83,72.68,82.30,73.20
80.96,80.96,70.66,83.30,73.22
78.50,78.50,67.96,83.92,73.10
80.20,80.20,65.08,83.48,73.54
78.40,78.40,62.16,82.63,73.76
73.61,73.61,60.45,82.61,74.32
69.42,69.42,58.87,81.60,74.61
75.89,75.89,62.01,81.51,74.79
77.59,77.59,62.15,80.28,75.36
78.43,78.43,60.64,78.12,76.25
78.06,78.06,55.24,71.17,75.12
74.15,74.15,56.74,63.76,74.15
67.79,67.79,55.15,57.38,74.76
63.38,63.38,61.77,54.04,73.05
71.20,71.20,65.58,43.61,69.91
74.87,74.87,83.87,52.23,68.60
80.31,80.31,88.89,56.91,67.08
82.03,82.03,87.53,66.55,68.58
82.80,82.80,83.98,80.25,71.93
83.39,83.39,82.14,82.50,73.35
80.31,80.31,79.62,80.21,72.80
84.80,84.80,83.78,80.00,72.86
87.64,87.64,73.82,79.21,72.64
84.00,84.00,70.94,78.36,72.48
84.50,84.50,70.28,78.84,72.95
87.59,87.59,67.53,79.73,73.08
84.28,84.28,69.46,76.62,73.56
85.03,85.03,67.90,67.46,73.51
86.54,86.54,67.65,64.05,71.87
81.79,81.79,67.44,61.82,71.59
78.65,78.65,66.95,62.00,72.31
68.88,68.88,66.11,58.49,71.36
62.52,62.52,69.42,65.15,72.59
58.38,58.38,73.17,70.37,73.97
56.05,56.05,72.60,69.08,75.36
53.46,53.46,70.07,62.36,75.19
53.14,53.14,67.90,77.75,75.77
52.03,52.03,65.40,86.54,74.49
48.12,48.12,64.53,85.63,73.95
44.44,44.44,63.80,83.83,72.75
46.24,46.24,62.26,83.05,72.60
48.91,48.91,70.36,84.01,74.30
50.96,50.96,69.52,80.62,74.12
52.07,52.07,69.16,74.55,75.30
43.70,43.70,68.55,73.01,75.89
42.30,42.30,66.67,71.48,74.52
46.70,46.70,66.14,64.76,74.96
49.06,49.06,67.89,67.75,72.37
56.21,56.21,73.95,64.72,70.64
63.10,63.10,85.41,67.31,72.39
63.74,63.74,87.54,80.10,71.41
74.77,74.77,87.15,80.83,70.25
80.65,80.65,85.37,83.27,72.32
78.90,78.90,81.65,82.44,71.54
79.41,79.41,77.11,82.49,72.40
79.39,79.39,82.52,81.36,71.83
79.94,79.94,79.37,83.50,73.00
82.44,82.44,76.04,83.82,73.04
78.53,78.53,72.83,82.18,72.17
77.24,77.24,72.25,80.36,72.45
80.86,80.86,69.29,69.61,73.01
79.85,79.85,70.52,68.80,72.57
80.58,80.58,70.41,64.80,71.15
81.97,81.97,68.33,71.10,71.24
81.26,81.26,68.43,72.12,71.42
81.96,81.96,68.71,70.55,71.88
82.10,82.10,69.80,67.35,70.45
77.25,77.25,73.32,79.54,72.54
81.19,81.19,73.25,86.28,70.12
79.77,79.77,72.09,86.75,70.15
81.51,81.51,70.31,85.55,68.60
78.26,78.26,66.91,85.78,71.36
83.44,83.44,65.08,85.12,69.81
84.38,84.38,64.08,83.84,70.64
86.31,86.31,63.16,83.49,72.99
85.02,85.02,69.80,80.56,73.14
82.55,82.55,70.61,80.83,71.28
77.85,77.85,71.12,81.60,70.40
76.95,76.95,71.70,81.10,72.06
70.42,70.42,71.27,80.80,71.81
72.14,72.14,69.57,80.69,73.45
73.00,73.00,70.08,80.62,70.09
76.16,76.16,73.04,75.68,69.82
79.44,79.44,81.75,66.09,69.63
80.27,80.27,88.92,59.46,72.69
80.66,80.66,89.91,55.24,69.78
82.21,82.21,87.01,61.57,70.28
86.71,86.71,86.69,74.10,69.22
84.34,84.34,81.59,81.66,72.13
84.67,84.67,78.82,83.02,73.75
80.75,80.75,83.47,81.79,72.06
83.38,83.38,75.85,81.05,71.45
84.02,84.02,68.12,80.59,73.01
84.38,84.38,69.62,78.92,72.45
81.74,81.74,69.09,78.48,74.11
78.66,78.66,69.02,78.74,72.18
78.78,78.78,67.60,77.00,70.68
78.90,78.90,67.02,77.97,72.16
82.81,82.81,67.50,71.52,71.57
84.66,84.66,66.76,75.28,72.69
83.17,83.17,71.66,74.34,71.67
82.94,82.94,75.44,64.74,72.26
83.56,83.56,75.55,69.77,72.31
84.48,84.48,75.50,70.44,73.28
83.49,83.49,74.38,85.16,72.40
73.88,73.88,73.01,83.90,72.95
66.91,66.91,71.97,84.03,73.37
57.60,57.60,72.58,83.95,72.76
60.60,60.60,70.75,84.51,72.42
67.24,67.24,70.53,83.46,72.11
72.89,72.89,68.81,82.48,73.61
83.04,83.04,68.63,81.60,72.91
86.52,86.52,68.79,81.04,71.28
83.84,83.84,68.78,80.16,71.85
77.65,77.65,67.65,80.64,72.30
69.95,69.95,67.61,79.63,73.23
62.71,62.71,70.73,78.32,69.48
66.60,66.60,80.31,73.34,70.79
70.53,70.53,84.42,64.87,72.90
66.39,66.39,90.84,74.05,72.42
75.75,75.75,85.73,76.69,70.93
81.07,81.07,83.40,80.72,71.77
79.24,79.24,79.18,80.33,71.84
78.11,78.11,80.85,81.83,69.96
80.75,80.75,81.43,81.54,70.51
81.58,81.58,78.12,81.95,71.13
82.09,82.09,75.32,81.80,71.21
75.35,75.35,72.16,81.52,70.97
69.76,69.76,74.18,81.66,72.97
67.04,67.04,73.93,78.43,73.06
62.12,62.12,70.38,79.27,74.98
57.56,57.56,68.70,79.15,74.03
55.23,55.23,68.36,81.14,73.44
61.09,61.09,66.99,81.23,71.81
67.87,67.87,67.79,79.72,69.74
75.83,75.83,72.38,77.67,73.72
80.37,80.37,74.60,69.51,74.28
83.41,83.41,71.87,70.52,74.67
81.41,81.41,70.15,70.23,72.29
79.16,79.16,67.74,85.71,72.65
77.87,77.87,67.16,84.19,71.58
77.94,77.94,66.66,83.68,71.38
73.29,73.29,65.59,83.81,71.53
70.44,70.44,62.48,83.29,71.09
59.91,59.91,70.16,83.60,72.80
62.74,62.74,68.43,83.13,73.67
64.39,64.39,66.05,80.81,73.57
70.11,70.11,63.88,79.31,75.33
75.78,75.78,60.80,81.18,75.57
76.35,76.35,58.75,80.13,74.98
76.27,76.27,64.93,80.10,73.84
78.83,78.83,72.21,78.17,72.35
76.53,76.53,86.51,76.31,69.59
72.34,72.34,89.21,70.68,67.60
78.31,78.31,87.07,69.99,69.15
78.12,78.12,85.50,80.97,70.55
79.03,79.03,81.03,83.15,72.00
82.19,82.19,83.88,82.22,73.78
81.29,81.29,82.98,82.47,73.61
78.27,78.27,74.26,81.94,72.09
74.71,74.71,76.53,81.46,69.23
76.76,76.76,71.85,79.99,70.47
77.47,77.47,66.88,79.68,71.45
77.08,77.08,64.99,80.33,69.82
70.56,70.56,68.26,82.31,71.76
69.48,69.48,66.03,82.31,72.54
70.50,70.50,67.41,81.14,72.21
67.15,67.15,67.10,81.68,73.13
73.79,73.79,66.15,83.05,72.86
74.34,74.34,67.10,83.97,74.18
79.98,79.98,74.38,81.64,74.10
80.89,80.89,74.31,74.30,74.96
84.87,84.87,72.18,74.22,74.02
84.10,84.10,69.93,78.03,73.95
81.29,81.29,67.67,84.10,73.06
79.64,79.64,66.58,83.40,72.50
79.38,79.38,66.02,82.35,71.46
80.73,80.73,65.48,84.20,72.35
83.71,83.71,70.78,83.23,72.99
76.98,76.98,70.89,82.77,72.21
65.55,65.55,71.31,83.42,71.33
62.95,62.95,70.44,82.63,70.92
60.21,60.21,69.07,83.36,69.40
63.88,63.88,68.75,83.39,70.16
70.47,70.47,67.79,83.43,66.97
74.68,74.68,69.39,80.56,65.12
81.32,81.32,78.32,72.36,65.54
78.77,78.77,85.48,67.83,68.37
80.28,80.28,88.13,72.90,71.49
76.42,76.42,86.69,76.60,69.49
79.35,79.35,82.21,79.38,69.30
78.94,78.94,79.57,81.19,68.77
81.63,81.63,80.95,80.69,69.91
80.31,80.31,81.09,79.78,70.18
80.29,80.29,79.73,81.88,71.80
78.93,78.93,73.66,81.75,72.29
82.45,82.45,72.39,83.10,70.11
77.58,77.58,73.81,81.42,69.70
76.53,76.53,72.37,83.12,69.66
80.42,80.42,69.28,81.28,71.76
81.08,81.08,67.56,81.81,71.19
78.85,78.85,68.39,83.77,70.14
79.26,79.26,70.82,81.47,69.43
81.27,81.27,75.84,77.97,67.63
77.45,77.45,81.86,78.09,70.26
73.87,73.87,82.73,75.68,70.05
81.65,81.65,80.79,83.64,68.74
77.18,77.18,76.96,81.80,67.97
74.46,74.46,75.72,83.03,69.17
75.38,75.38,74.06,82.12,69.76
81.51,81.51,73.33,82.90,70.84
82.21,82.21,73.12,83.39,69.20
77.32,77.32,74.59,84.08,65.12
80.75,80.75,79.66,82.95,66.15
78.34,78.34,82.61,83.12,66.12
78.93,78.93,81.77,82.16,67.46
78.28,78.28,78.80,80.42,67.90
78.53,78.53,77.89,80.76,67.56
76.96,76.96,76.85,82.85,67.67
77.92,77.92,77.18,80.47,67.89
79.98,79.98,76.82,78.55,69.25
79.94,79.94,85.88,75.35,70.35
78.26,78.26,87.72,72.81,69.02
79.08,79.08,88.44,67.37,68.43
77.34,77.34,83.45,73.51,68.28
78.55,78.55,81.00,80.04,72.30
78.45,78.45,83.67,80.03,71.03
80.60,80.60,83.16,78.86,72.67
81.85,81.85,80.01,79.74,72.69
78.99,78.99,78.37,81.79,71.78
78.54,78.54,76.32,82.90,72.82
76.49,76.49,77.34,80.04,72.87
77.03,77.03,77.21,82.38,71.41
80.23,80.23,76.39,79.98,72.06
78.97,78.97,75.67,77.97,73.58
69.56,69.56,76.76,71.03,75.14
73.62,73.62,75.62,65.06,73.34
71.15,71.15,75.97,61.26,72.84
71.69,71.69,77.52,61.47,74.16
82.59,82.59,78.14,61.07,72.66
84.40,84.40,77.88,62.82,72.92
83.38,83.38,77.72,80.42,71.74
82.23,82.23,76.67,82.45,72.86
83.76,83.76,75.59,81.49,71.83
80.17,80.17,75.52,82.64,73.55
77.82,77.82,74.86,85.31,72.79
72.44,72.44,74.76,83.35,73.26
69.14,69.14,74.53,82.45,74.32
67.96,67.96,74.45,82.64,73.56
68.20,68.20,73.85,82.58,72.85
70.64,70.64,73.93,78.65,72.87
72.14,72.14,72.79,72.92,73.44
72.89,72.89,71.72,65.99,72.66
74.10,74.10,73.12,56.27,71.48
73.08,73.08,76.70,48.70,70.36
67.54,67.54,89.54,61.29,69.38
64.97,64.97,87.63,65.88,68.34
67.74,67.74,89.05,77.79,67.33
73.98,73.98,84.36,79.49,69.54
78.85,78.85,81.86,79.31,69.66
79.78,79.78,81.38,76.73,70.64
77.26,77.26,82.09,80.86,71.46
73.89,73.89,73.30,82.72,71.97
74.46,74.46,75.14,82.33,71.04
73.32,73.32,72.37,80.73,70.83
75.02,75.02,72.35,81.27,72.03
74.53,74.53,72.11,83.98,71.20
73.49,73.49,71.49,81.17,71.77
76.17,76.17,70.28,78.85,72.37
78.65,78.65,71.15,71.05,72.74
78.01,78.01,70.10,71.84,72.19
73.14,73.14,68.78,65.42,72.52
72.16,72.16,74.79,68.80,74.39
65.52,65.52,75.79,60.74,74.51
67.59,67.59,76.41,65.75,75.00
64.49,64.49,74.61,80.38,75.54
61.57,61.57,73.68,84.82,75.00
56.89,56.89,73.06,83.07,75.63
56.96,56.96,72.32,84.61,76.43
57.77,57.77,71.40,84.48,74.89
62.57,62.57,71.12,84.57,75.42
70.66,70.66,71.43,83.53,74.12
77.93,77.93,69.70,83.87,74.00
80.75,80.75,69.43,83.59,74.64
84.98,84.98,69.88,80.76,75.08
83.67,83.67,70.18,77.47,74.77
83.58,83.58,68.80,73.00,74.98
82.03,82.03,69.26,66.19,73.70
80.81,80.81,69.70,59.98,73.66
79.23,79.23,82.25,57.54,72.16
76.61,76.61,90.86,59.23,70.82
76.59,76.59,89.60,66.57,72.12
76.37,76.37,83.56,74.32,73.16
77.34,77.34,81.27,80.58,74.28
81.48,81.48,83.53,81.80,73.79
81.02,81.02,81.73,81.75,74.13
79.14,79.14,79.77,84.10,73.98
80.01,80.01,76.06,82.29,73.95
81.35,81.35,69.48,83.07,73.49
79.98,79.98,68.43,81.90,75.34
78.03,78.03,68.32,83.32,74.09
78.89,78.89,69.61,83.33,74.78
78.19,78.19,65.46,82.71,75.61
78.86,78.86,65.05,81.56,75.07
79.81,79.81,63.57,78.35,75.49
82.04,82.04,64.65,76.07,75.33
81.32,81.32,66.43,70.54,74.40
75.23,75.23,74.85,67.75,75.68
72.75,72.75,76.65,60.36,75.95
71.66,71.66,75.71,69.57,75.48
72.91,72.91,76.09,82.48,75.27
73.23,73.23,74.68,86.55,74.03
68.39,68.39,73.90,83.21,74.93
68.53,68.53,73.26,81.04,74.05
66.27,66.27,73.05,82.85,75.29
67.32,67.32,71.76,85.14,74.52
66.95,66.95,70.77,82.74,75.34
62.41,62.41,71.62,82.08,74.88
62.39,62.39,71.78,81.93,75.09
64.49,64.49,71.80,81.02,73.43
61.97,61.97,71.43,74.93,73.64
61.54,61.54,72.58,71.58,73.98
56.80,56.80,76.33,63.92,69.78
52.21,52.21,81.88,59.64,66.74
50.30,50.30,88.48,59.96,66.85
46.51,46.51,87.15,60.07,66.84
50.16,50.16,87.69,71.06,69.05
55.45,55.45,85.88,71.78,69.17
54.50,54.50,81.21,82.13,71.75
56.24,56.24,81.24,84.07,71.85
60.17,60.17,81.64,85.32,73.81
61.99,61.99,75.10,82.31,71.05
57.29,57.29,75.44,81.61,72.02
55.20,55.20,74.05,84.21,72.47
46.67,46.67,72.84,85.01,71.85
50.44,50.44,71.75,79.60,75.13
54.49,54.49,69.64,78.13,73.65
55.26,55.26,69.38,76.45,75.85
63.48,63.48,69.44,72.74,75.44
68.17,68.17,68.58,67.52,74.06
75.48,75.48,70.99,64.41,72.66
81.86,81.86,75.71,70.05,73.51
82.51,82.51,75.24,69.20,72.96
81.25,81.25,74.96,70.36,73.67
79.64,79.64,73.76,81.12,73.37
79.72,79.72,71.96,86.33,74.56
74.28,74.28,70.76,85.11,75.02
72.97,72.97,71.33,83.58,75.54
76.44,76.44,71.76,84.38,75.57
76.81,76.81,70.91,83.87,75.44
71.69,71.69,69.95,83.70,73.75
65.25,65.25,68.87,75.29,75.71
61.28,61.28,66.87,74.74,75.70
65.44,65.44,64.98,78.64,75.94
71.20,71.20,63.34,73.63,75.27
75.62,75.62,61.65,79.24,74.68
75.87,75.87,66.76,79.70,75.11
76.01,76.01,72.83,74.82,74.08
69.93,69.93,85.32,73.68,72.96
69.76,69.76,90.60,71.07,70.83
75.54,75.54,89.37,65.86,72.52
75.19,75.19,83.23,78.14,75.07
77.12,77.12,81.82,82.97,73.93
79.24,79.24,82.92,84.90,73.32
78.69,78.69,82.37,82.79,73.67
77.79,77.79,75.92,82.97,74.11
73.78,73.78,72.77,84.52,73.40
68.92,68.92,69.10,84.08,75.62
60.83,60.83,67.47,83.69,75.47
60.68,60.68,68.00,83.45,75.08
55.99,55.99,68.54,83.77,75.83
58.95,58.95,67.07,79.70,75.40
62.95,62.95,67.33,72.73,75.23
68.19,68.19,65.49,76.25,75.24
78.48,78.48,67.85,66.76,75.41
75.15,75.15,74.55,63.21,73.78
76.98,76.98,75.51,61.34,74.08
83.25,83.25,75.35,75.28,73.05
82.68,82.68,75.12,80.83,75.00
71.90,71.90,73.58,84.92,74.46
72.52,72.52,72.99,83.11,74.74
72.89,72.89,72.50,82.35,73.67
76.42,76.42,72.39,83.14,75.37
78.64,78.64,71.33,83.60,74.90
82.19,82.19,71.07,82.89,74.70
82.99,82.99,70.34,83.73,75.54
82.48,82.48,69.94,82.74,76.11
83.26,83.26,70.18,76.80,75.45
82.90,82.90,69.14,60.02,75.99
80.64,80.64,69.58,53.66,75.52
76.55,76.55,70.59,44.46,74.02
74.53,74.53,75.83,49.82,71.31
69.83,69.83,88.70,63.96,71.38
62.83,62.83,88.85,68.17,70.41
60.36,60.36,86.71,77.52,70.91
66.59,66.59,83.41,79.26,71.95
67.70,67.70,81.43,78.91,74.99
68.23,68.23,81.14,76.74,76.07
71.97,71.97,82.09,82.14,76.80
75.93,75.93,74.69,83.59,76.92
81.41,81.41,75.75,84.68,75.89
72.18,72.18,73.22,82.01,75.90
77.30,77.30,72.47,84.23,74.49
79.91,79.91,70.95,82.20,73.63
81.03,81.03,71.61,78.94,74.98
82.18,82.18,67.87,63.86,75.05
82.63,82.63,70.51,62.27,75.85
78.56,78.56,68.76,56.26,75.90
80.37,80.37,68.76,57.14,76.00
79.21,79.21,75.24,67.91,73.75
78.09,78.09,76.58,67.73,71.93
78.09,78.09,76.83,65.53,74.79
78.53,78.53,76.20,81.44,76.17
78.55,78.55,74.09,85.05,76.93
74.75,74.75,74.90,85.23,75.65
67.14,67.14,73.49,85.95,75.14
64.93,64.93,72.58,85.18,75.53
57.88,57.88,74.01,82.32,74.53
55.75,55.75,72.85,85.63,74.81
58.03,58.03,72.09,82.26,75.72
59.53,59.53,71.84,81.10,74.73
70.82,70.82,71.61,71.40,73.71
74.86,74.86,71.90,61.90,73.85
75.57,75.57,70.47,61.10,73.58
77.14,77.14,71.13,50.53,73.54
74.56,74.56,71.71,51.03,75.91
72.32,72.32,78.85,58.03,74.79
72.77,72.77,91.49,68.57,72.72
74.42,74.42,88.11,67.31,73.39
73.12,73.12,87.83,80.07,74.26
75.08,75.08,78.32,85.21,73.95
74.81,74.81,80.80,86.09,73.04
77.89,77.89,82.48,85.24,74.96
81.23,81.23,78.66,84.20,74.81
84.15,84.15,70.12,82.47,73.32
81.42,81.42,69.05,83.81,73.54
79.90,79.90,72.11,80.07,73.79
79.54,79.54,71.76,72.63,73.23
80.27,80.27,68.32,68.68,73.03
78.41,78.41,67.81,59.13,74.43
80.35,80.35,68.07,62.59,73.15
82.31,82.31,65.22,64.05,73.71
81.37,81.37,67.63,64.82,74.30
75.74,75.74,65.63,61.41,72.74
77.71,77.71,74.04,73.06,73.94
78.27,78.27,76.25,62.41,74.36
76.93,76.93,75.36,58.87,75.02
75.99,75.99,75.70,81.91,75.75
75.92,75.92,73.65,87.51,75.26
74.80,74.80,73.13,87.63,74.76
68.99,68.99,72.55,86.39,76.02
67.07,67.07,71.48,86.61,75.74
66.58,66.58,71.40,86.60,75.68
67.70,67.70,67.98,85.27,76.23
72.60,72.60,66.57,85.94,75.67
74.42,74.42,65.75,84.48,75.89
76.06,76.06,64.04,83.51,75.47
75.46,75.46,62.32,80.32,75.81
75.09,75.09,64.08,79.39,76.70
72.31,72.31,68.99,74.73,74.97
66.98,66.98,76.27,68.04,72.51
58.54,58.54,87.83,66.99,72.00
49.76,49.76,86.83,69.27,72.65
43.00,43.00,86.39,78.85,73.79
40.56,40.56,84.23,84.85,73.86
41.87,41.87,80.45,84.41,73.45
37.41,37.41,82.17,84.15,73.43
36.36,36.36,80.55,83.50,75.40
34.70,34.70,75.63,84.09,74.45
36.27,36.27,75.15,84.92,74.41
31.53,31.53,75.74,84.38,74.38
35.10,35.10,74.32,85.04,75.35
34.63,34.63,73.26,82.13,75.33
35.74,35.74,72.78,81.63,76.94
35.06,35.06,68.98,81.71,76.41
39.57,39.57,69.28,73.58,76.65
43.72,43.72,68.22,64.78,76.02
45.84,45.84,67.96,55.99,75.48
51.04,51.04,73.47,58.19,75.07
53.71,53.71,76.84,64.34,77.49
52.24,52.24,77.07,81.00,76.66
50.73,50.73,75.73,88.78,77.09
47.08,47.08,75.55,86.19,78.10
43.23,43.23,75.69,86.59,77.83
40.59,40.59,75.13,85.11,76.79
39.86,39.86,73.48,86.19,76.74
44.30,44.30,75.72,85.27,76.89
47.96,47.96,73.93,84.98,74.57
51.88,51.88,72.07,84.81,75.06
61.39,61.39,71.69,84.66,75.94
77.24,77.24,72.34,83.14,74.95
81.96,81.96,72.93,82.84,73.44
84.86,84.86,71.59,82.14,74.36
86.98,86.98,71.59,82.51,73.42
87.72,87.72,74.56,81.08,73.23
83.69,83.69,87.11,78.98,73.33
83.93,83.93,84.69,77.69,70.98
81.83,81.83,86.38,73.13,71.57
86.73,86.73,84.79,73.24,71.63
84.74,84.74,82.02,79.64,72.19
78.96,78.96,83.15,81.76,73.97
77.20,77.20,79.27,80.78,74.39
68.68,68.68,75.88,80.91,75.65
60.13,60.13,69.36,81.93,75.05
65.17,65.17,69.31,80.28,76.99
70.96,70.96,67.73,79.13,76.25
76.17,76.17,66.44,77.64,76.50
78.30,78.30,63.32,71.31,76.99
73.46,73.46,66.82,66.35,76.66
63.91,63.91,62.72,61.13,75.51
59.96,59.96,66.10,49.27,75.32
64.81,64.81,65.63,64.93,74.78
75.13,75.13,71.44,62.74,74.33
85.33,85.33,72.59,67.83,74.17
85.50,85.50,74.08,70.83,73.17
83.87,83.87,71.54,62.25,74.30
84.67,84.67,69.94,73.74,74.01
84.60,84.60,67.80,82.75,73.57
84.00,84.00,66.59,79.31,73.09
78.33,78.33,66.32,82.14,73.16
71.66,71.66,67.63,80.85,75.71
65.30,65.30,70.74,82.04,75.85
68.39,68.39,70.17,80.84,76.74
69.20,69.20,70.43,80.19,77.33
68.14,68.14,69.25,79.91,76.92
68.05,68.05,68.05,66.70,77.11
66.46,66.46,68.33,68.50,75.42
65.64,65.64,68.77,62.46,75.83
63.79,63.79,72.60,59.83,74.79
66.99,66.99,79.98,57.82,72.99
74.90,74.90,89.41,70.24,69.50
78.83,78.83,86.85,75.78,69.36
80.55,80.55,85.39,79.17,71.51
81.25,81.25,80.21,80.60,71.41
81.26,81.26,79.72,78.61,70.91
82.74,82.74,79.46,80.49,70.88
83.26,83.26,81.08,77.75,69.84
82.58,82.58,75.01,77.91,71.29
81.58,81.58,70.23,82.07,70.13
81.66,81.66,71.75,80.14,72.39
80.51,80.51,70.13,80.27,72.57
76.72,76.72,71.83,76.96,73.89
72.94,72.94,68.29,74.83,73.33
68.10,68.10,70.80,74.75,74.36
61.86,61.86,67.29,71.65,75.02
60.70,60.70,67.19,70.13,75.43
67.79,67.79,69.55,60.61,76.23
71.76,71.76,71.88,65.42,74.46
80.46,80.46,72.90,67.48,76.55
82.27,82.27,71.29,71.45,74.78
81.53,81.53,68.94,74.50,75.27
83.47,83.47,67.05,85.02,75.46
82.81,82.81,65.76,82.64,75.37
81.07,81.07,64.01,80.92,72.75
81.48,81.48,63.31,82.97,70.12
79.79,79.79,65.81,81.84,71.34
74.25,74.25,72.29,83.53,73.02
76.65,76.65,72.04,82.91,74.14
77.81,77.81,71.47,82.49,73.55
78.06,78.06,71.60,80.65,75.31
79.10,79.10,70.08,70.94,75.46
78.15,78.15,69.91,74.12,74.77
79.19,79.19,69.10,69.67,73.98
78.56,78.56,70.85,54.84,74.79
68.79,68.79,84.04,45.50,74.82
80.80,80.80,88.67,46.73,72.22
82.08,82.08,89.36,56.50,71.66
81.99,81.99,85.35,65.08,71.44
79.78,79.78,80.31,72.03,72.20
80.86,80.86,82.65,81.61,72.47
84.92,84.92,82.64,81.65,73.00
85.55,85.55,79.42,81.56,72.22
83.28,83.28,71.20,81.80,73.69
83.32,83.32,70.03,80.97,73.25
86.98,86.98,67.32,81.45,73.71
84.50,84.50,67.53,77.08,74.92
86.60,86.60,66.20,75.04,74.40
85.74,85.74,65.84,71.24,74.81
86.09,86.09,67.78,66.19,73.69
79.55,79.55,66.36,63.31,73.79
66.73,66.73,68.88,65.99,72.87
61.62,61.62,71.28,64.13,73.40
58.72,58.72,72.52,65.67,73.82
57.40,57.40,71.16,70.68,75.96
53.53,53.53,68.99,81.07,76.89
52.43,52.43,66.22,84.22,76.77
56.08,56.08,63.53,83.29,75.60
53.41,53.41,64.17,84.08,74.66
54.03,54.03,62.79,82.21,73.83
45.59,45.59,62.67,82.68,73.34
49.65,49.65,69.59,80.61,73.93
52.99,52.99,69.23,80.91,75.12
48.11,48.11,70.07,83.37,76.04
45.11,45.11,69.04,82.77,75.65
52.69,52.69,67.32,80.95,75.93
51.39,51.39,66.59,78.94,75.95
57.22,57.22,68.09,68.03,73.61
62.95,62.95,72.27,51.84,70.49
75.94,75.94,85.26,61.61,71.66
76.97,76.97,91.25,60.38,69.93
78.38,78.38,87.38,67.58,70.65
80.55,80.55,81.99,73.78,71.69
81.69,81.69,79.92,78.20,71.52
79.20,79.20,80.97,83.11,71.52
80.80,80.80,80.90,81.56,72.01
81.65,81.65,78.29,80.37,73.00
78.38,78.38,71.97,81.26,73.18
78.69,78.69,71.90,80.11,74.07
79.96,79.96,68.69,75.72,72.34
80.64,80.64,69.54,70.07,71.61
80.95,80.95,69.70,68.30,72.85
81.72,81.72,67.95,64.52,72.71
82.04,82.04,70.10,70.26,73.53
81.23,81.23,68.47,70.32,74.45
83.23,83.23,67.65,72.35,73.67
82.96,82.96,74.75,75.40,74.34
84.59,84.59,75.08,79.01,73.35
82.13,82.13,75.30,76.57,74.39
84.39,84.39,73.52,80.77,74.81
85.19,85.19,73.65,84.20,72.57
84.48,84.48,72.53,82.67,71.75
81.46,81.46,71.44,81.68,72.75
80.20,80.20,72.28,80.95,72.37
81.49,81.49,71.07,81.33,71.99
82.61,82.61,70.73,80.51,72.53
79.50,79.50,71.56,79.16,75.08
70.94,70.94,70.61,78.64,75.22
65.94,65.94,70.60,78.15,75.83
67.42,67.42,69.71,72.25,76.84
68.56,68.56,69.24,69.14,75.70
69.46,69.46,69.16,60.67,75.09
79.88,79.88,77.40,59.33,73.73
78.20,78.20,86.85,66.23,74.19
76.24,76.24,87.82,75.71,76.96
78.53,78.53,87.28,81.21,75.87
78.48,78.48,82.97,81.95,78.68
79.85,79.85,81.09,81.57,79.16
74.83,74.83,82.27,81.30,79.01
68.78,68.78,79.67,81.40,79.47
75.10,75.10,77.00,81.95,78.90
74.71,74.71,69.63,83.55,77.72
83.92,83.92,70.44,83.24,77.88
84.14,84.14,71.17,81.97,77.52
83.98,83.98,60.97,81.68,78.62
81.36,81.36,66.30,82.25,79.08
76.97,76.97,63.25,82.71,79.52
81.49,81.49,62.92,81.76,78.33
82.51,82.51,63.57,81.99,77.16
79.84,79.84,64.32,82.75,78.95
82.37,82.37,64.15,82.27,75.44
81.48,81.48,71.48,82.65,77.71
84.22,84.22,71.44,82.70,76.43
85.16,85.16,70.37,82.20,77.28
82.43,82.43,67.20,82.55,76.93
77.98,77.98,64.92,82.60,78.49
72.66,72.66,59.89,82.44,79.10
78.07,78.07,58.62,82.59,79.87
80.45,80.45,58.24,82.59,77.77
82.47,82.47,70.36,82.38,75.69
78.27,78.27,68.95,82.65,77.81
77.68,77.68,66.78,74.40,78.74
75.77,75.77,64.89,77.33,79.45
76.15,76.15,61.53,82.56,78.76
74.20,74.20,62.35,83.03,78.78
75.41,75.41,63.04,82.64,76.38
75.03,75.03,70.42,81.21,76.29
72.66,72.66,80.89,77.81,76.03
70.77,70.77,87.73,76.09,71.42
77.27,77.27,86.59,72.74,65.11
76.57,76.57,85.21,64.73,67.67
77.42,77.42,84.60,63.47,64.04
77.09,77.09,78.88,72.14,64.45
74.90,74.90,81.79,62.51,63.37
77.43,77.43,82.06,49.77,64.93
76.76,76.76,75.75,46.70,66.64
76.78,76.78,73.60,47.80,68.69
75.60,75.60,72.12,57.74,77.27
74.29,74.29,68.38,64.14,78.88
72.33,72.33,69.94,78.40,80.56
74.09,74.09,67.23,86.80,80.09
74.86,74.86,68.31,84.29,79.70
73.25,73.25,62.41,84.46,78.84
71.48,71.48,63.89,83.88,79.24
70.60,70.60,68.98,83.77,78.23
80.50,80.50,72.04,82.19,76.52
81.43,81.43,72.44,75.40,73.70
81.00,81.00,68.92,75.96,66.62
80.13,80.13,66.15,60.55,65.28
80.65,80.65,63.80,57.43,64.20
80.48,80.48,61.76,59.17,60.66
79.34,79.34,58.34,52.63,60.59
72.82,72.82,55.13,43.52,61.48
70.00,70.00,62.20,49.80,66.38
62.03,62.03,68.42,53.35,77.34
61.24,61.24,65.70,66.69,79.64
60.37,60.37,64.63,84.11,80.43
57.13,57.13,63.23,86.02,81.45
58.97,58.97,60.22,83.77,79.81
60.36,60.36,58.87,82.10,80.20
60.76,60.76,59.82,84.09,80.76
63.37,63.37,69.97,83.25,78.86
69.88,69.88,80.98,81.66,77.04
76.51,76.51,89.81,71.99,75.11
81.47,81.47,84.87,77.67,76.75
79.96,79.96,82.11,81.87,77.58
80.52,80.52,80.54,82.02,78.23
78.38,78.38,80.61,83.03,77.78
80.01,80.01,82.55,81.74,78.25
78.57,78.57,77.24,82.43,78.11
78.30,78.30,73.96,83.66,77.57
74.33,74.33,67.53,84.00,76.17
70.56,70.56,69.13,84.49,72.96
58.46,58.46,66.39,81.20,65.22
53.69,53.69,65.92,71.95,66.33
51.32,51.32,63.06,64.37,66.50
52.31,52.31,64.45,64.25,66.32
55.35,55.35,65.54,49.21,63.78
55.87,55.87,73.40,52.31,62.22
65.97,65.97,85.95,68.52,71.44
63.48,63.48,83.67,59.52,77.55
71.54,71.54,80.06,82.91,75.87
77.78,77.78,77.43,80.61,76.33
82.54,82.54,76.17,81.41,76.90
84.64,84.64,74.67,80.75,79.53
85.72,85.72,73.07,78.51,78.62
85.01,85.01,73.31,78.97,78.98
82.70,82.70,73.19,80.72,78.27
82.16,82.16,75.30,76.35,76.79
71.83,71.83,84.02,74.74,75.11
64.73,64.73,82.92,70.93,71.29
64.93,64.93,80.34,70.51,64.75
56.35,56.35,75.66,69.49,68.15
59.25,59.25,75.91,76.91,67.19
62.72,62.72,75.86,72.96,66.36
67.94,67.94,75.02,69.14,65.17
66.21,66.21,86.63,74.66,71.52
65.95,65.95,86.73,77.57,71.24
72.69,72.69,89.84,81.69,74.82
76.71,76.71,86.28,79.83,76.42
81.58,81.58,81.20,81.93,77.78
76.81,76.81,80.22,82.84,75.57
80.03,80.03,82.26,82.07,76.33
78.69,78.69,76.88,81.77,76.83
75.61,75.61,73.35,82.42,78.78
76.85,76.85,70.54,82.74,79.05
79.50,79.50,67.64,80.46,75.55
81.72,81.72,67.56,79.53,73.04
81.59,81.59,65.22,79.73,65.85
78.24,78.24,65.75,81.61,61.50
83.35,83.35,66.84,80.44,58.91
83.04,83.04,64.41,82.09,57.13
76.84,76.84,63.77,78.87,55.36
84.21,84.21,79.16,80.10,64.36
80.87,80.87,85.03,78.79,68.77
80.41,80.41,79.98,81.98,67.42
75.21,75.21,75.78,84.22,64.89
72.23,72.23,74.07,85.73,65.48
70.14,70.14,73.82,85.70,63.57
68.03,68.03,72.23,83.98,64.66
67.81,67.81,71.31,85.52,65.93
66.10,66.10,70.04,84.20,66.81
66.16,66.16,70.55,85.90,67.78
65.48,65.48,68.71,84.23,67.98
63.65,63.65,68.09,84.87,65.60
61.81,61.81,68.49,84.30,64.27
58.84,58.84,66.96,84.15,60.90
52.23,52.23,64.17,84.62,58.50
60.52,60.52,62.56,84.18,58.08
64.81,64.81,70.57,82.19,63.80
69.60,69.60,81.98,78.25,70.91
74.24,74.24,91.20,75.66,73.43
78.61,78.61,87.46,66.75,74.82
79.65,79.65,86.71,78.16,75.64
79.22,79.22,84.29,81.08,75.00
79.43,79.43,80.10,79.07,75.89
72.50,72.50,81.18,80.59,75.19
68.38,68.38,80.94,81.10,75.80
71.85,71.85,78.43,81.58,75.78
74.90,74.90,77.79,81.50,76.56
81.57,81.57,77.51,80.62,75.99
80.78,80.78,77.76,81.93,74.73
81.87,81.87,76.54,82.52,76.78
81.70,81.70,76.29,82.02,76.56
77.26,77.26,76.07,81.61,76.36
72.83,72.83,75.57,82.87,75.46
72.66,72.66,76.30,83.39,75.82
77.04,77.04,76.45,82.99,77.01
80.92,80.92,76.17,82.65,75.12
82.02,82.02,77.02,82.52,75.80
81.51,81.51,76.93,82.30,76.03
80.28,80.28,75.49,82.27,75.73
80.83,80.83,75.68,82.47,76.76
81.21,81.21,73.67,82.09,77.16
73.71,73.71,72.71,82.26,76.15
77.58,77.58,73.46,81.97,75.28
82.67,82.67,73.25,82.45,75.41
84.00,84.00,72.80,82.59,76.76
82.75,82.75,73.88,79.40,75.19
77.66,77.66,74.29,80.90,77.60
70.60,70.60,76.30,81.80,78.00
67.24,67.24,73.97,82.23,79.53
69.20,69.20,72.06,82.30,78.85
69.90,69.90,73.95,81.28,75.48
69.74,69.74,83.00,80.99,73.88
74.01,74.01,89.56,77.77,70.18
80.76,80.76,84.69,71.44,74.60
78.58,78.58,84.19,72.06,69.37
77.19,77.19,80.64,69.58,64.02
79.66,79.66,81.04,63.07,62.66
78.85,78.85,85.71,63.71,62.15
79.69,79.69,80.50,60.37,62.30
76.11,76.11,73.95,55.14,64.63
77.37,77.37,74.38,62.94,67.30
78.17,78.17,72.05,69.49,73.95
76.45,76.45,71.78,79.30,78.39
68.87,68.87,71.79,86.07,79.50
69.35,69.35,71.35,85.61,78.41
70.89,70.89,69.85,85.04,78.78
78.95,78.95,66.98,85.17,77.40
82.20,82.20,68.26,84.61,77.30
82.90,82.90,67.36,83.65,77.34
80.32,80.32,73.60,81.33,73.97
80.38,80.38,75.83,79.25,70.10
80.22,80.22,74.64,63.59,64.53
80.95,80.95,72.88,68.72,65.13
79.46,79.46,72.92,60.97,62.21
77.01,77.01,72.78,51.62,60.21
73.29,73.29,71.87,48.40,57.61
73.12,73.12,72.57,51.16,61.49
65.52,65.52,70.83,56.51,66.75
59.70,59.70,70.82,58.11,77.36
59.80,59.80,70.71,80.14,77.64
55.87,55.87,70.88,83.13,79.87
54.40,54.40,69.86,82.69,79.95
56.93,56.93,68.38,83.41,79.74
57.65,57.65,66.39,82.06,79.73
60.75,60.75,67.74,82.71,78.55
65.67,65.67,77.77,77.95,76.85
75.94,75.94,87.01,70.25,76.45
82.04,82.04,88.03,72.21,74.31
84.02,84.02,82.48,79.12,76.37
84.31,84.31,81.75,81.86,76.12
82.81,82.81,81.90,81.70,76.64
82.44,82.44,82.46,80.76,77.64
81.70,81.70,80.05,81.36,77.72
79.67,79.67,76.80,82.10,77.38
77.45,77.45,68.60,82.43,77.55
73.91,73.91,71.72,83.33,73.70
70.20,70.20,67.77,82.22,69.58
56.34,56.34,66.80,76.84,62.55
57.03,57.03,65.95,73.55,60.75
54.03,54.03,64.49,67.06,59.63
53.31,53.31,65.66,63.70,58.79
55.23,55.23,64.04,57.77,59.89
60.70,60.70,61.56,57.65,61.53
72.12,72.12,72.31,65.55,68.79
76.21,76.21,77.84,84.36,75.67
82.04,82.04,77.66,82.58,77.32
84.01,84.01,75.36,80.84,76.33
83.70,83.70,74.36,80.97,77.33
83.83,83.83,74.07,80.31,77.54
84.14,84.14,72.62,79.59,77.66
83.86,83.86,72.25,81.07,77.33
82.25,82.25,71.88,79.11,77.56
77.79,77.79,70.85,76.90,75.61
70.29,70.29,68.89,76.46,72.70
67.03,67.03,68.84,77.21,66.59
76.29,76.29,69.10,71.78,67.36
70.56,70.56,68.38,76.70,68.31
66.96,66.96,67.43,76.02,69.14
61.74,61.74,67.45,75.85,68.12
68.79,68.79,77.28,73.52,64.93
73.95,73.95,87.29,75.94,70.16
70.31,70.31,85.62,74.93,71.93
78.86,78.86,85.19,82.26,74.04
78.35,78.35,82.46,82.86,73.73
80.11,80.11,80.26,83.22,75.86
79.01,79.01,81.72,81.21,76.32
80.82,80.82,78.04,81.76,77.04
80.69,80.69,76.25,83.13,76.46
79.76,79.76,72.93,82.77,75.86
80.25,80.25,72.30,82.70,74.32
81.65,81.65,70.26,82.71,73.73
81.70,81.70,68.74,82.80,70.94
77.16,77.16,67.57,81.68,65.57
79.44,79.44,65.08,81.98,65.81
79.23,79.23,66.99,81.55,64.42
82.49,82.49,65.47,82.45,60.88
82.56,82.56,66.40,82.19,58.15
79.83,79.83,69.86,79.90,58.49
81.36,81.36,74.74,80.64,58.77
82.76,82.76,75.21,81.33,60.79
84.33,84.33,73.35,79.61,62.02
78.50,78.50,72.47,79.35,61.66
80.07,80.07,70.12,77.87,59.32
83.83,83.83,67.68,75.81,58.48
84.93,84.93,65.99,75.03,58.52
81.57,81.57,63.97,72.67,58.34
82.62,82.62,62.29,80.81,56.44
80.94,80.94,60.84,80.02,52.90
82.18,82.18,60.94,79.54,52.69
83.80,83.80,60.47,79.95,54.74
86.27,86.27,58.02,79.16,52.65
83.90,83.90,58.24,80.68,52.05
82.50,82.50,57.25,79.52,51.17
77.90,77.90,58.11,78.37,49.72
73.45,73.45,55.92,75.75,57.07
82.56,82.56,51.38,81.15,62.28
81.07,81.07,53.50,73.61,62.82
85.70,85.70,53.34,71.69,62.04
79.03,79.03,53.61,82.12,60.40
79.22,79.22,54.10,85.70,65.00
80.37,80.37,54.14,84.00,64.34
83.44,83.44,54.16,84.84,67.30
83.73,83.73,52.64,84.01,66.11
78.90,78.90,53.12,84.09,68.29
81.24,81.24,54.16,83.99,64.71
85.54,85.54,53.82,83.09,67.81
85.25,85.25,53.82,82.04,66.69
85.46,85.46,53.26,81.88,68.50
83.25,83.25,54.50,80.82,68.44
81.98,81.98,54.17,81.97,69.78
85.13,85.13,53.74,80.37,71.19
80.77,80.77,53.19,79.85,67.16
77.40,77.40,53.59,83.07,70.13
82.98,82.98,52.87,82.05,65.28
80.61,80.61,53.05,82.46,70.63
83.87,83.87,49.12,84.25,68.93
82.86,82.86,44.30,84.45,70.09
78.56,78.56,40.76,84.07,69.94
73.09,73.09,40.92,84.15,70.92
71.33,71.33,41.51,84.20,72.23
74.71,74.71,40.99,84.13,71.33
79.18,79.18,41.85,84.59,71.19
79.51,79.51,42.85,83.84,72.67
79.91,79.91,42.23,84.57,72.29
78.19,78.19,43.95,84.87,71.79
78.30,78.30,44.34,84.37,70.12
79.15,79.15,44.89,83.61,70.67
79.75,79.75,46.41,83.07,73.63
82.39,82.39,46.20,83.04,73.29
82.44,82.44,46.88,78.80,72.87
80.04,80.04,48.89,73.83,63.59
82.13,82.13,49.00,67.72,60.76
83.32,83.32,47.96,75.77,61.07
81.24,81.24,50.22,84.09,63.01
83.93,83.93,51.88,83.37,63.15
82.83,82.83,49.79,82.24,63.17
83.79,83.79,52.27,82.16,64.81
83.93,83.93,51.28,83.16,64.01
84.70,84.70,50.92,82.06,63.05
84.64,84.64,51.20,83.70,64.55
84.67,84.67,50.84,82.31,68.49
84.38,84.38,49.67,82.97,66.87
84.25,84.25,47.11,82.90,68.20
85.27,85.27,48.31,82.06,65.98
84.25,84.25,50.20,83.58,67.90
82.96,82.96,52.56,81.02,66.19
81.08,81.08,53.02,83.29,64.67
78.43,78.43,51.70,82.57,66.71
80.66,80.66,52.06,81.17,77.39
81.12,81.12,51.72,83.81,77.69
79.43,79.43,48.67,85.18,74.84
79.63,79.63,47.81,85.34,72.39
79.25,79.25,45.82,85.48,71.36
79.82,79.82,44.20,85.15,72.28
73.92,73.92,39.75,84.69,75.09
73.75,73.75,38.30,84.15,75.24
74.81,74.81,37.21,84.12,76.76
74.90,74.90,32.89,84.30,76.11
73.00,73.00,33.09,84.22,75.56
71.21,71.21,34.90,84.39,77.51
71.14,71.14,41.17,84.56,78.05
72.24,72.24,44.50,84.41,79.65
71.40,71.40,50.02,83.50,78.75
79.91,79.91,48.59,81.96,77.18
85.67,85.67,48.62,80.41,74.47
86.04,86.04,46.65,69.22,68.82
79.22,79.22,44.74,73.54,64.10
78.69,78.69,43.78,84.99,68.30
80.20,80.20,43.71,83.58,63.85
81.40,81.40,44.54,82.73,67.85
83.48,83.48,44.68,81.85,64.56
83.51,83.51,43.90,81.95,72.97
84.65,84.65,44.55,82.09,66.98
82.82,82.82,43.19,81.08,70.46
82.25,82.25,41.43,82.02,68.86
81.33,81.33,42.73,82.15,72.38
80.66,80.66,44.73,83.43,70.43
80.05,80.05,44.82,82.63,72.48
82.88,82.88,46.29,83.07,70.90
82.17,82.17,45.58,81.88,69.74
82.10,82.10,47.52,83.03,69.27
81.78,81.78,46.25,80.01,67.11
80.64,80.64,47.13,81.66,67.37
79.19,79.19,47.05,84.60,74.06
79.15,79.15,48.20,85.46,79.14
79.88,79.88,47.51,84.16,78.34
81.44,81.44,49.50,84.21,76.94
81.37,81.37,49.27,84.49,76.53
82.32,82.32,49.33,84.02,73.58
80.02,80.02,47.75,83.84,71.07
82.20,82.20,47.99,83.95,70.72
81.81,81.81,47.61,84.18,69.20
83.09,83.09,49.00,84.19,67.24
83.35,83.35,48.13,83.81,68.86
84.19,84.19,48.34,82.99,67.68
83.70,83.70,49.61,82.89,70.57
82.65,82.65,53.88,82.59,72.69
81.82,81.82,59.52,82.84,72.78
83.19,83.19,59.45,80.30,71.73
81.31,81.31,59.90,71.40,73.08
79.75,79.75,61.77,72.89,66.56
82.15,82.15,63.54,83.43,64.43
83.98,83.98,63.43,82.92,66.75
85.00,85.00,64.62,81.24,65.14
84.71,84.71,63.74,83.76,67.24
82.68,82.68,65.34,82.55,67.85
83.21,83.21,64.53,83.19,66.11
84.85,84.85,66.33,82.34,66.50
82.00,82.00,66.16,83.41,65.26
81.96,81.96,68.42,83.15,67.50
82.80,82.80,67.15,83.84,63.93
78.63,78.63,69.12,82.84,65.31
84.56,84.56,68.31,82.87,63.02
84.31,84.31,68.19,82.03,66.70
83.43,83.43,67.34,81.25,67.66
81.52,81.52,67.68,81.21,68.03
76.60,76.60,67.68,79.21,74.24
78.93,78.93,67.52,83.63,76.91
76.64,76.64,64.82,86.00,81.05
77.10,77.10,62.36,84.66,80.81
72.88,72.88,59.50,84.82,79.96
73.83,73.83,59.97,84.91,79.38
76.67,76.67,58.64,84.79,76.47
78.08,78.08,58.72,84.38,71.91
80.38,80.38,57.63,83.73,69.27
79.10,79.10,61.09,83.41,68.65
80.63,80.63,62.62,83.15,66.93
77.80,77.80,60.94,82.82,67.77
81.59,81.59,62.22,82.87,65.70
81.36,81.36,64.10,82.21,65.63
78.66,78.66,69.24,79.13,68.18
82.75,82.75,80.01,71.09,71.83
81.73,81.73,89.41,73.26,73.08
82.20,82.20,91.11,68.04,69.42
81.19,81.19,90.92,75.10,68.92
76.55,76.55,88.79,80.06,70.35
68.28,68.28,82.63,82.13,70.70
71.24,71.24,85.95,77.59,70.52
68.72,68.72,85.81,77.30,68.83
67.37,67.37,81.78,79.74,73.03
65.42,65.42,81.22,81.84,73.98
68.72,68.72,80.62,82.46,74.88
79.65,79.65,79.68,80.49,73.95
84.32,84.32,78.39,81.15,73.93
86.51,86.51,78.78,82.01,71.20
86.91,86.91,77.88,80.50,70.85
82.39,82.39,77.63,82.51,70.42
81.14,81.14,77.75,82.13,70.17
81.31,81.31,77.87,81.94,72.23
82.66,82.66,78.44,82.06,71.42
80.10,80.10,79.32,82.69,72.62
74.55,74.55,78.09,82.18,75.94
74.86,74.86,76.67,84.03,74.94
82.68,82.68,76.48,83.77,75.14
84.42,84.42,76.02,84.17,76.27
82.96,82.96,74.91,84.56,75.39
80.42,80.42,76.14,85.57,76.52
80.94,80.94,75.59,83.52,74.09
83.23,83.23,76.58,83.79,73.63
84.53,84.53,76.14,83.72,73.81
80.79,80.79,74.31,83.67,72.90
83.87,83.87,74.22,85.14,73.07
81.88,81.88,73.02,83.34,70.74
82.22,82.22,73.13,83.47,70.30
81.69,81.69,74.38,84.01,69.93
76.75,76.75,80.04,76.78,69.80
69.29,69.29,88.79,71.97,71.28
66.22,66.22,90.15,68.41,67.45
70.31,70.31,89.30,72.47,69.32
75.74,75.74,86.55,69.55,70.27
76.01,76.01,81.15,65.94,70.18
75.43,75.43,82.88,81.87,70.55
78.32,78.32,84.70,84.37,71.41
75.95,75.95,79.67,83.24,70.46
71.54,71.54,74.30,82.85,69.84
82.34,82.34,75.80,84.29,69.75
84.70,84.70,74.02,83.56,71.11
84.93,84.93,71.61,83.72,72.53
83.82,83.82,72.80,82.74,71.46
86.24,86.24,69.36,83.03,71.45
83.97,83.97,69.96,82.43,71.64
84.10,84.10,69.98,83.91,73.47
85.35,85.35,68.76,82.10,73.05
85.23,85.23,74.08,80.15,71.41
78.59,78.59,75.80,78.59,72.58
74.29,74.29,75.27,85.76,72.47
73.12,73.12,73.11,85.75,72.98
66.73,66.73,71.47,87.07,74.11
62.60,62.60,69.02,86.25,74.73
68.58,68.58,68.31,85.49,73.46
69.72,69.72,68.73,86.40,73.35
76.70,76.70,68.43,85.30,76.09
85.30,85.30,73.57,84.52,73.75
79.08,79.08,74.74,86.43,72.65
81.70,81.70,72.96,85.50,72.87
78.57,78.57,71.75,85.60,73.95
76.55,76.55,69.65,86.13,72.12
72.27,72.27,66.03,85.16,71.74
71.22,71.22,66.54,85.95,73.61
72.53,72.53,72.48,83.23,71.77
83.12,83.12,79.94,74.94,72.21
80.12,80.12,90.11,70.40,68.08
77.98,77.98,89.58,61.36,68.36
79.94,79.94,89.22,75.78,68.82
78.54,78.54,80.08,81.83,70.51
80.84,80.84,81.12,82.48,70.20
79.49,79.49,85.51,82.92,69.96
80.09,80.09,80.17,83.01,69.92
73.31,73.31,71.80,84.32,71.25
63.98,63.98,70.24,82.91,72.44
64.22,64.22,73.29,83.73,74.54
61.45,61.45,69.04,84.26,73.42
59.50,59.50,65.26,84.69,74.71
62.66,62.66,68.05,83.42,75.96
66.09,66.09,66.84,84.05,76.81
71.77,71.77,65.21,84.64,76.66
86.32,86.32,65.45,83.70,74.11
87.95,87.95,75.50,83.02,71.95
82.39,82.39,75.07,83.19,72.34
83.47,83.47,73.03,79.23,73.92
81.68,81.68,71.61,84.72,73.57
77.91,77.91,69.25,85.93,73.49
78.52,78.52,66.94,84.79,74.37
79.96,79.96,65.26,84.86,74.87
77.89,77.89,64.26,85.46,74.19
73.86,73.86,62.39,84.39,74.46
73.27,73.27,67.40,85.19,72.66
70.17,70.17,71.64,86.33,73.21
68.52,68.52,71.50,84.93,71.97
67.57,67.57,69.54,85.54,72.82
66.65,66.65,66.36,86.07,72.15
69.12,69.12,65.56,85.25,71.62
70.88,70.88,65.45,85.56,71.49
70.53,70.53,71.16,85.25,70.28
75.88,75.88,79.50,82.53,68.33
75.95,75.95,87.79,82.31,67.53
78.95,78.95,87.93,76.88,65.82
82.31,82.31,86.39,70.72,66.75
81.98,81.98,82.83,73.91,69.52
83.91,83.91,75.37,83.48,71.20
82.21,82.21,81.16,82.08,73.13
80.17,80.17,81.62,82.50,74.16
81.15,81.15,75.65,83.98,72.79
82.89,82.89,71.43,82.41,75.97
82.84,82.84,73.60,81.47,73.51
83.75,83.75,67.68,83.56,75.07
82.02,82.02,67.13,82.99,72.40
84.93,84.93,70.46,84.16,73.74
85.07,85.07,66.59,82.20,72.50
84.63,84.63,62.58,83.56,72.19
77.02,77.02,65.79,83.09,72.83
84.48,84.48,68.30,81.58,71.60
87.38,87.38,77.03,81.40,71.73
81.68,81.68,75.98,82.18,70.67
76.65,76.65,75.85,79.94,72.97
83.20,83.20,74.45,79.76,75.33
85.93,85.93,72.63,77.37,75.85
85.87,85.87,71.27,74.80,74.80
83.41,83.41,68.78,72.70,74.00
78.52,78.52,67.59,77.08,74.73
80.29,80.29,67.39,78.87,74.78
81.14,81.14,64.85,80.34,74.43
80.55,80.55,65.91,79.96,77.56
81.11,81.11,64.28,77.31,74.89
79.97,79.97,63.75,74.94,74.13
81.55,81.55,59.17,76.14,74.91
81.53,81.53,59.37,78.31,74.02
81.31,81.31,64.59,77.86,73.83
79.73,79.73,75.81,73.67,72.28
80.91,80.91,85.11,68.98,71.25
79.48,79.48,88.41,65.59,69.53
79.14,79.14,89.31,70.58,69.87
80.97,80.97,80.00,79.62,72.15
79.81,79.81,82.14,85.10,70.90
79.73,79.73,80.08,84.43,71.24
77.54,77.54,78.00,83.87,70.92
76.00,76.00,79.82,84.07,72.22
80.99,80.99,73.24,84.04,74.27
80.03,80.03,66.89,84.77,73.57
79.12,79.12,68.19,84.68,73.02
83.18,83.18,67.84,84.29,72.66
82.94,82.94,62.84,83.55,71.81
80.60,80.60,60.88,83.05,70.86
80.08,80.08,62.14,83.62,71.93
78.34,78.34,60.83,83.92,71.59
82.87,82.87,63.40,84.15,71.79
84.07,84.07,73.18,82.36,70.39
79.06,79.06,73.04,82.42,74.93
72.25,72.25,72.99,84.14,76.27
77.92,77.92,70.90,80.55,74.42
83.22,83.22,68.39,75.58,73.09
85.81,85.81,64.90,75.87,71.29
85.05,85.05,64.67,77.37,70.86
82.22,82.22,62.14,77.32,73.49
79.86,79.86,62.33,77.77,75.80
81.95,81.95,72.45,78.74,76.34
80.27,80.27,74.50,79.03,77.42
81.20,81.20,73.06,78.99,76.48
80.93,80.93,71.13,79.44,75.30
80.62,80.62,67.41,79.82,76.17
80.88,80.88,66.48,80.36,76.12
81.79,81.79,68.71,80.74,73.20
82.60,82.60,74.86,78.77,69.33
78.45,78.45,85.76,74.84,71.15
72.31,72.31,91.63,69.85,70.71
70.00,70.00,86.59,71.48,70.63
73.24,73.24,89.01,61.81,71.47
76.74,76.74,81.44,80.71,72.40
76.20,76.20,81.30,83.77,70.99
78.53,78.53,80.54,83.35,72.42
77.90,77.90,80.49,84.06,72.00
74.81,74.81,74.20,83.49,72.87
75.27,75.27,71.19,83.28,73.08
77.23,77.23,73.30,84.02,73.31
76.62,76.62,71.69,83.83,71.23
80.88,80.88,70.01,83.38,69.90
83.38,83.38,68.37,82.71,72.61
86.14,86.14,67.34,82.87,74.68
84.49,84.49,62.67,82.78,73.78
83.44,83.44,63.49,82.79,74.16
80.45,80.45,68.17,81.72,72.45
74.56,74.56,72.41,82.10,73.48
67.19,67.19,73.83,78.90,76.88
69.21,69.21,72.33,82.36,77.15
71.59,71.59,69.16,81.62,78.09
68.40,68.40,67.07,82.38,76.92
64.61,64.61,64.57,83.63,75.13
64.95,64.95,62.85,83.82,74.69
69.90,69.90,63.94,84.10,74.93
76.89,76.89,69.23,83.89,74.30
82.32,82.32,72.41,83.10,76.32
84.12,84.12,72.46,83.00,74.15
82.65,82.65,70.55,82.94,75.93
80.67,80.67,67.02,83.36,74.51
80.62,80.62,64.68,84.25,73.99
80.20,80.20,66.23,84.13,74.08
79.06,79.06,76.34,79.97,69.72
74.42,74.42,84.07,76.11,71.58
78.21,78.21,89.41,63.20,69.64
78.73,78.73,90.31,67.83,71.73
80.99,80.99,82.84,74.31,73.10
77.34,77.34,83.78,81.00,72.37
80.13,80.13,79.92,82.12,72.62
80.71,80.71,79.93,82.11,70.91
82.14,82.14,81.67,82.23,69.50
80.38,80.38,70.78,82.15,70.58
77.43,77.43,67.95,81.00,69.30
74.20,74.20,67.97,80.13,70.09
71.42,71.42,72.13,80.75,70.95
67.77,67.77,65.66,81.18,72.08
61.02,61.02,64.07,81.22,72.54
64.92,64.92,63.33,80.03,73.29
65.40,65.40,61.38,80.57,72.25
73.81,73.81,63.51,80.24,73.65
78.84,78.84,71.24,81.07,73.74
80.12,80.12,74.54,80.00,72.04
81.25,81.25,73.16,78.70,73.91
86.03,86.03,70.45,85.67,72.40
83.36,83.36,67.53,86.32,70.34
84.43,84.43,64.42,86.13,70.58
82.94,82.94,63.45,86.16,72.60
80.33,80.33,61.55,86.09,71.41
80.61,80.61,59.69,85.96,70.60
77.56,77.56,67.41,86.01,71.44
81.69,81.69,74.69,85.27,73.97
84.53,84.53,74.80,85.21,73.31
84.30,84.30,72.09,84.93,74.08
83.26,83.26,70.07,85.25,72.69
84.39,84.39,68.44,84.77,71.42
84.70,84.70,67.14,84.26,70.85
81.79,81.79,71.91,82.51,70.47
77.54,77.54,84.20,73.33,71.21
74.65,74.65,89.45,70.55,70.85
76.00,76.00,86.76,74.77,68.38
79.97,79.97,87.72,75.46,67.90
81.44,81.44,80.50,76.10,69.96
79.71,79.71,79.90,79.13,70.80
80.91,80.91,83.82,75.64,70.15
83.72,83.72,77.75,76.45,69.19
79.76,79.76,77.61,79.92,67.37
81.28,81.28,73.57,81.69,70.54
82.63,82.63,73.34,82.71,70.74
82.72,82.72,68.58,81.84,71.16
79.79,79.79,70.76,82.57,71.21
83.17,83.17,65.65,82.10,71.08
79.97,79.97,65.38,82.98,71.18
76.02,76.02,64.44,83.19,70.69
77.85,77.85,65.91,83.71,74.98
74.44,74.44,72.06,83.21,77.10
75.21,75.21,79.49,83.78,74.44
77.67,77.67,77.37,85.29,73.60
82.27,82.27,74.62,86.87,71.64
82.00,82.00,74.25,86.17,66.19
82.26,82.26,73.65,85.99,65.47
82.60,82.60,72.73,85.32,65.96
81.39,81.39,72.69,85.27,65.49
78.11,78.11,72.40,85.10,67.42
71.84,71.84,71.71,85.81,70.13
68.59,68.59,71.60,85.49,71.29
73.98,73.98,71.76,84.60,72.34
69.35,69.35,70.83,84.23,73.25
64.22,64.22,69.87,84.78,73.32
60.89,60.89,68.50,84.60,73.84
65.37,65.37,68.05,83.38,74.36
67.41,67.41,71.70,80.69,72.89
68.22,68.22,74.86,72.98,70.87
72.67,72.67,84.65,69.85,68.54
73.89,73.89,88.98,66.02,68.08
80.68,80.68,89.07,65.54,70.90
81.95,81.95,86.12,67.34,72.05
80.54,80.54,84.20,78.71,70.36
79.44,79.44,80.98,80.37,69.10
79.13,79.13,83.23,77.84,69.59
79.94,79.94,79.63,81.29,71.53
81.26,81.26,75.75,79.74,72.30
80.30,80.30,73.22,78.79,72.72
81.11,81.11,69.40,80.70,73.29
81.81,81.81,69.89,78.83,74.02
81.58,81.58,65.45,80.67,73.93
81.42,81.42,62.33,82.15,74.79
81.47,81.47,67.15,80.51,73.34
81.26,81.26,64.89,81.56,75.40
79.53,79.53,66.57,82.26,75.82
79.49,79.49,71.06,78.32,73.52
80.03,80.03,79.71,82.84,72.61
79.66,79.66,77.86,77.95,74.43
80.27,80.27,76.38,78.76,76.69
81.78,81.78,75.51,80.12,76.68
80.49,80.49,74.19,79.69,76.34
80.90,80.90,74.49,80.06,76.43
81.43,81.43,72.84,79.30,75.52
80.95,80.95,72.74,80.52,75.99
81.53,81.53,72.60,80.20,75.86
81.17,81.17,71.70,79.62,75.03
81.49,81.49,71.72,80.71,74.96
82.45,82.45,69.86,79.78,73.83
82.18,82.18,69.73,80.72,73.56
81.14,81.14,68.55,80.42,73.60
80.55,80.55,68.22,80.39,74.81
81.26,81.26,71.61,79.20,73.79
76.91,76.91,88.07,77.18,70.34
76.22,76.22,88.95,71.76,70.00
78.23,78.23,85.60,72.66,69.67
79.32,79.32,84.36,73.18,71.28
78.63,78.63,79.28,79.15,70.24
73.60,73.60,83.06,81.79,68.93
65.71,65.71,84.67,79.49,70.12
70.51,70.51,75.02,82.15,71.48
69.97,69.97,72.12,79.98,70.14
60.43,60.43,71.56,79.32,69.95
61.36,61.36,72.50,80.41,73.12
59.57,59.57,69.47,81.10,74.42
61.71,61.71,69.85,82.73,74.18
62.20,62.20,66.76,84.68,74.67
66.66,66.66,67.02,84.65,75.20
74.34,74.34,66.69,84.12,74.20
74.93,74.93,67.26,83.71,74.30
70.78,70.78,68.83,80.81,71.27
77.09,77.09,77.54,82.43,72.41
78.07,78.07,78.90,81.29,71.85
82.81,82.81,77.24,85.09,71.03
83.97,83.97,75.46,83.98,71.18
80.83,80.83,75.45,83.91,73.34
81.75,81.75,74.76,84.40,72.36
81.58,81.58,73.78,83.56,71.90
82.17,82.17,74.03,82.31,72.80
82.14,82.14,73.16,81.13,73.89
82.75,82.75,72.85,83.09,73.21
82.61,82.61,72.41,81.68,73.57
82.70,82.70,71.67,78.31,73.39
84.11,84.11,70.60,81.40,74.43
83.75,83.75,71.49,79.33,73.88
83.63,83.63,70.66,76.11,74.99
82.59,82.59,72.34,73.94,74.30
78.20,78.20,86.74,73.69,74.39
78.65,78.65,88.70,75.62,70.12
77.52,77.52,87.24,76.55,68.55
79.54,79.54,85.29,75.23,69.46
79.90,79.90,80.57,66.06,69.45
78.33,78.33,82.66,80.36,67.67
78.74,78.74,85.20,81.15,70.11
79.42,79.42,75.54,81.00,69.49
76.15,76.15,74.01,80.99,72.52
76.95,76.95,68.87,82.23,71.55
81.16,81.16,64.79,81.59,72.86
76.15,76.15,67.33,83.30,72.88
71.60,71.60,70.31,81.88,73.78
72.77,72.77,67.99,83.67,74.92
72.54,72.54,68.49,83.81,74.56
73.14,73.14,67.34,81.75,75.89
73.47,73.47,70.93,81.78,75.12
73.97,73.97,75.94,81.81,75.12
74.49,74.49,76.12,80.62,74.20
72.93,72.93,73.78,82.25,75.41
70.21,70.21,71.55,83.24,78.81
71.77,71.77,70.73,81.84,78.03
73.89,73.89,68.15,82.53,79.22
74.37,74.37,66.41,83.62,77.22
77.00,77.00,67.50,85.67,75.81
77.46,77.46,67.38,84.69,75.89
72.85,72.85,67.13,85.41,76.30
73.23,73.23,68.32,85.27,75.69
72.99,72.99,68.48,85.48,75.52
73.44,73.44,68.41,86.11,74.90
71.95,71.95,68.59,85.26,75.72
71.55,71.55,67.17,85.97,74.22
69.47,69.47,68.16,83.03,73.30
78.03,78.03,73.20,71.96,73.07
78.87,78.87,77.88,72.79,70.84
75.41,75.41,90.30,75.69,68.48
79.84,79.84,87.81,61.60,69.46
81.09,81.09,86.20,61.16,71.51
81.95,81.95,81.20,68.30,73.76
83.21,83.21,80.63,75.01,73.06
82.07,82.07,84.28,79.29,71.40
81.40,81.40,81.92,79.23,70.32
82.42,82.42,76.91,79.06,71.75
82.90,82.90,70.55,81.45,70.88
83.96,83.96,71.31,82.24,71.69
77.58,77.58,69.48,80.13,73.88
70.70,70.70,67.72,81.56,73.95
66.56,66.56,66.16,82.89,75.58
58.77,58.77,68.42,81.61,74.74
51.24,51.24,60.34,83.08,74.44
50.04,50.04,66.49,83.46,73.94
56.75,56.75,70.13,81.23,71.47
67.38,67.38,82.49,81.56,72.13
68.53,68.53,83.54,82.09,68.08
76.90,76.90,81.32,83.87,68.30
77.19,77.19,80.34,83.84,68.08
78.74,78.74,77.94,83.07,65.24
78.94,78.94,77.73,83.25,67.85
79.04,79.04,75.86,83.76,69.94
79.47,79.47,75.18,84.07,69.56
80.47,80.47,76.94,82.26,67.81
81.29,81.29,77.38,75.71,62.83
82.04,82.04,82.63,79.89,66.22
81.88,81.88,83.15,82.70,66.25
79.73,79.73,82.41,81.58,65.14
79.71,79.71,78.72,80.05,63.36
79.05,79.05,76.43,77.94,63.21
77.18,77.18,76.12,77.16,64.41
74.89,74.89,75.31,67.01,64.31
72.11,72.11,90.44,69.08,64.17
71.53,71.53,88.98,64.81,64.41
78.71,78.71,88.73,72.17,67.73
82.60,82.60,83.58,84.94,67.05
81.63,81.63,79.44,84.90,68.76
81.11,81.11,80.60,84.55,69.11
82.22,82.22,80.18,82.67,68.38
82.67,82.67,79.31,84.13,71.12
82.20,82.20,76.65,82.31,72.79
81.63,81.63,76.65,82.16,72.25
81.01,81.01,76.43,82.77,68.56
82.88,82.88,76.49,82.21,68.53
82.82,82.82,75.47,82.79,68.97
82.63,82.63,76.10,80.13,69.62
82.25,82.25,76.54,80.86,68.71
80.93,80.93,75.54,78.06,68.64
78.28,78.28,74.53,84.67,71.32
73.77,73.77,76.17,80.87,72.80
74.78,74.78,77.70,80.10,73.51
71.73,71.73,77.09,81.52,75.63
64.99,64.99,76.29,76.45,76.85
63.35,63.35,75.35,74.26,76.28
63.85,63.85,75.32,75.91,74.13
66.25,66.25,75.05,76.86,72.79
64.32,64.32,74.95,76.53,71.92
68.51,68.51,75.52,75.93,70.90
79.98,79.98,73.69,76.65,72.90
83.94,83.94,72.62,76.20,72.48
83.56,83.56,73.42,76.32,73.63
84.27,84.27,71.98,77.37,71.26
83.97,83.97,71.40,76.77,74.60
84.53,84.53,71.17,77.66,70.73
84.09,84.09,72.33,76.59,71.37
83.89,83.89,73.35,76.80,72.67
82.21,82.21,82.06,77.92,71.86
79.99,79.99,91.20,79.79,68.80
81.15,81.15,86.93,81.45,67.66
80.13,80.13,83.54,81.45,68.80
78.75,78.75,82.37,81.92,73.43
75.74,75.74,80.91,79.83,72.13
76.70,76.70,81.26,79.61,69.55
77.17,77.17,79.01,80.17,73.97
67.99,67.99,74.72,80.14,72.46
62.47,62.47,71.86,81.78,71.35
60.44,60.44,72.39,80.04,71.61
63.46,63.46,72.40,80.71,75.13
60.35,60.35,70.31,80.30,74.43
61.66,61.66,69.77,78.83,71.61
65.28,65.28,68.92,77.43,71.34
66.80,66.80,67.45,79.23,74.45
79.48,79.48,68.40,84.01,75.59
81.49,81.49,68.55,77.89,73.06
81.96,81.96,77.34,82.40,73.66
83.01,83.01,77.83,78.30,74.27
82.24,82.24,77.65,80.74,74.37
82.69,82.69,76.77,73.93,73.66
81.99,81.99,76.18,72.86,74.46
81.78,81.78,75.13,75.02,71.80
82.51,82.51,74.13,75.58,72.61
82.32,82.32,74.18,77.12,71.45
82.69,82.69,72.93,76.73,72.00
82.98,82.98,72.77,77.61,70.73
83.27,83.27,72.39,77.74,71.04
82.25,82.25,71.73,76.33,72.91
83.23,83.23,72.57,76.62,71.95
81.72,81.72,71.72,75.56,73.21
83.37,83.37,70.75,76.67,75.09
81.72,81.72,72.05,73.22,75.63
82.92,82.92,75.12,65.19,75.04
81.76,81.76,89.80,61.27,72.76
80.13,80.13,87.15,66.86,69.65
81.12,81.12,84.93,58.86,69.52
80.79,80.79,82.04,79.74,67.55
82.53,82.53,81.02,84.14,68.12
81.26,81.26,84.94,82.97,70.27
81.58,81.58,77.21,83.45,70.34
82.01,82.01,73.40,81.68,71.70
80.90,80.90,65.77,81.74,70.64
81.12,81.12,66.68,82.39,69.08
82.73,82.73,65.44,82.90,70.84
82.11,82.11,63.03,83.35,70.77
79.27,79.27,65.98,83.60,70.87
79.85,79.85,62.43,83.63,70.29
80.28,80.28,62.05,82.01,69.87
78.89,78.89,62.03,82.98,71.39
72.85,72.85,61.21,82.71,71.77
72.88,72.88,72.69,82.95,73.50
70.05,70.05,78.75,82.32,75.11
67.24,67.24,77.74,83.17,76.03
65.55,65.55,75.92,84.52,78.89
63.91,63.91,74.60,82.32,76.18
64.74,64.74,75.19,81.78,77.60
64.74,64.74,74.99,82.09,77.48
65.32,65.32,73.96,83.01,76.27
67.15,67.15,76.03,81.74,78.63
71.50,71.50,74.40,82.73,77.66
77.07,77.07,74.03,80.47,75.70
74.23,74.23,74.47,79.30,74.69
76.15,76.15,73.41,79.45,75.10
77.73,77.73,73.54,78.05,75.53
76.63,76.63,72.49,77.50,74.40
79.05,79.05,72.93,75.57,73.09
77.23,77.23,77.61,74.60,73.07
71.77,71.77,88.28,76.70,72.04
71.71,71.71,85.72,74.18,69.70
71.96,71.96,87.15,73.71,70.81
70.27,70.27,83.90,75.14,72.06
70.21,70.21,81.88,86.45,71.55
65.53,65.53,79.62,85.83,71.10
66.51,66.51,82.99,85.36,72.28
67.18,67.18,73.22,85.05,73.16
60.47,60.47,72.89,85.27,72.10
57.60,57.60,70.46,86.10,72.20
54.08,54.08,69.59,86.43,74.63
57.91,57.91,72.27,86.31,71.53
54.35,54.35,69.07,84.52,74.13
54.82,54.82,67.81,84.27,74.50
61.00,61.00,66.88,83.76,74.46
65.56,65.56,66.75,85.71,75.07
70.01,70.01,64.48,83.88,73.18
72.98,72.98,77.67,84.97,72.62
72.20,72.20,79.20,84.19,72.95
71.34,71.34,77.89,85.12,74.74
71.93,71.93,76.90,86.82,74.69
72.01,72.01,77.23,84.95,71.33
73.40,73.40,76.18,85.36,72.28
75.54,75.54,75.19,83.08,73.59
76.35,76.35,76.39,83.15,71.43
76.33,76.33,73.33,84.37,74.46
75.28,75.28,73.62,83.46,74.44
76.70,76.70,73.26,84.56,75.30
78.99,78.99,71.57,82.47,74.94
79.24,79.24,71.89,82.13,72.92
76.50,76.50,70.39,77.98,75.58
76.23,76.23,68.31,71.32,73.80
78.28,78.28,68.48,70.43,74.60
78.71,78.71,73.17,68.99,73.54
81.33,81.33,85.76,65.49,74.93
83.49,83.49,88.46,59.29,69.42
82.99,82.99,88.44,70.93,69.28
83.45,83.45,84.42,79.42,68.32
80.72,80.72,79.41,84.34,69.30
80.91,80.91,82.55,84.49,68.89
79.50,79.50,82.27,82.96,68.59
80.07,80.07,79.36,84.02,67.82
77.87,77.87,73.78,84.97,68.69
75.61,75.61,70.26,83.78,70.89
72.11,72.11,68.66,86.08,71.53
77.66,77.66,69.85,85.29,73.72
82.84,82.84,66.08,85.33,73.73
88.60,88.60,60.35,83.75,71.12
89.14,89.14,59.43,82.75,72.34
90.36,90.36,59.35,82.40,72.08
86.81,86.81,62.04,83.23,71.71
80.32,80.32,70.85,82.09,72.32
78.10,78.10,71.03,79.77,74.52
79.67,79.67,69.29,82.27,72.58
79.40,79.40,68.00,78.07,73.99
80.98,80.98,67.48,79.25,75.48
79.86,79.86,67.27,80.78,73.94
81.84,81.84,65.82,83.57,75.46
80.06,80.06,63.88,82.47,74.23
80.17,80.17,65.07,83.49,74.21
80.78,80.78,65.14,83.94,74.59
78.92,78.92,65.04,83.67,72.75
78.25,78.25,65.42,85.18,73.65
79.99,79.99,68.56,84.20,73.73
82.82,82.82,67.52,83.77,73.52
84.89,84.89,68.64,84.56,74.22
83.39,83.39,67.56,84.10,72.00
79.91,79.91,72.56,82.68,71.46
79.89,79.89,81.30,81.13,72.21
75.73,75.73,90.96,79.70,67.94
76.95,76.95,86.14,72.42,66.93
75.01,75.01,90.05,70.56,66.35
74.76,74.76,81.93,80.18,66.54
68.57,68.57,77.36,83.60,68.55
71.39,71.39,83.89,84.22,69.79
69.78,69.78,80.28,83.69,70.16
67.05,67.05,76.27,84.82,72.93
69.71,69.71,74.43,84.82,71.65
75.28,75.28,75.21,82.51,71.87
84.00,84.00,73.87,83.02,72.02
85.86,85.86,69.46,83.37,73.77
86.81,86.81,68.74,82.35,72.96
85.96,85.96,67.58,83.22,72.76
84.22,84.22,65.69,82.58,73.37
84.66,84.66,69.22,84.00,71.39
84.61,84.61,77.47,82.80,72.10
84.67,84.67,77.70,81.29,72.49
80.11,80.11,77.56,80.47,74.31
81.75,81.75,75.48,80.58,73.42
74.99,74.99,74.66,86.37,74.74
76.48,76.48,74.94,83.93,73.31
75.98,75.98,72.92,85.60,72.57
78.86,78.86,71.86,84.28,73.12
78.99,78.99,73.39,84.79,72.94
80.23,80.23,70.17,85.40,71.52
79.87,79.87,70.91,84.03,70.94
79.77,79.77,68.25,84.80,71.75
79.51,79.51,66.65,86.27,71.89
76.16,76.16,65.63,84.54,73.38
77.59,77.59,64.55,85.25,73.41
77.54,77.54,63.62,84.86,73.83
78.55,78.55,62.88,84.22,73.22
79.86,79.86,73.92,81.36,73.04
81.98,81.98,83.14,70.18,74.95
82.28,82.28,88.70,62.22,70.94
81.08,81.08,89.89,61.38,70.11
83.49,83.49,82.43,73.38,72.23
83.26,83.26,81.90,78.46,71.32
81.39,81.39,84.88,80.15,71.12
77.95,77.95,82.50,83.35,71.87
79.56,79.56,74.24,82.11,71.87
77.28,77.28,76.44,82.50,71.59
77.96,77.96,69.70,83.32,70.97
76.64,76.64,68.36,81.77,73.21
78.42,78.42,71.93,83.81,73.57
78.91,78.91,67.69,82.49,70.80
79.95,79.95,66.60,82.82,71.35
76.55,76.55,67.84,83.54,72.10
70.96,70.96,62.99,82.78,72.81
72.83,72.83,67.82,83.81,71.07
82.12,82.12,77.89,77.41,72.38
80.20,80.20,78.62,78.64,73.91
81.67,81.67,76.89,77.04,73.24
82.07,82.07,75.99,79.78,71.85
87.59,87.59,74.78,78.53,71.58
87.81,87.81,74.35,79.10,72.47
84.65,84.65,72.84,78.91,72.71
73.62,73.62,74.36,75.72,71.22
70.78,70.78,74.81,79.57,71.16
71.25,71.25,75.33,79.82,72.58
67.40,67.40,72.16,79.87,74.49
64.67,64.67,71.64,81.39,75.26
64.18,64.18,70.88,82.36,73.65
65.74,65.74,69.14,83.49,74.64
65.73,65.73,69.09,83.16,74.23
65.60,65.60,70.32,82.45,72.88
69.94,69.94,77.44,80.47,73.62
76.05,76.05,88.93,79.90,73.57
79.53,79.53,89.18,74.33,70.78
82.92,82.92,86.57,71.93,69.72
83.81,83.81,81.91,74.61,69.28
84.13,84.13,80.04,81.08,71.07
87.64,87.64,83.32,79.01,71.08
79.57,79.57,75.69,80.78,71.77
86.86,86.86,72.12,81.29,72.06
82.27,82.27,75.34,82.67,72.91
83.36,83.36,69.13,82.27,72.66
83.21,83.21,69.03,81.38,72.01
81.95,81.95,70.74,81.85,69.33
83.23,83.23,68.08,83.63,70.49
83.68,83.68,65.33,82.51,68.71
84.88,84.88,64.77,82.68,69.49
85.83,85.83,64.10,84.25,67.94
80.36,80.36,68.78,82.87,70.54
84.45,84.45,78.82,81.97,69.01
80.43,80.43,77.85,82.24,69.64
82.93,82.93,77.10,74.84,71.99
86.03,86.03,74.77,81.16,72.04
84.82,84.82,76.05,79.32,73.16
83.22,83.22,74.95,81.11,73.03
81.32,81.32,73.70,81.35,73.39
81.23,81.23,75.18,82.81,73.79
78.81,78.81,73.97,82.72,74.18
83.93,83.93,71.85,82.85,70.74
81.15,81.15,73.02,82.05,72.20
77.83,77.83,72.74,80.52,71.69
79.17,79.17,72.65,73.82,69.88
77.29,77.29,71.39,76.32,71.86
74.47,74.47,69.88,79.75,71.31
70.06,70.06,69.89,77.47,72.23
72.32,72.32,71.43,73.90,71.05
76.08,76.08,72.56,69.99,70.44
82.69,82.69,88.65,72.28,72.38
81.85,81.85,86.97,74.44,70.00
79.06,79.06,86.69,81.24,70.19
81.47,81.47,81.35,83.67,71.75
82.04,82.04,79.17,84.17,70.92
80.48,80.48,83.85,82.14,70.45
80.63,80.63,80.89,81.84,71.17
77.54,77.54,75.12,82.83,71.19
79.82,79.82,70.99,83.06,74.02
80.99,80.99,73.86,83.36,73.96
79.16,79.16,67.73,82.80,75.10
83.91,83.91,67.47,82.21,75.05
83.85,83.85,69.56,81.03,74.15
81.80,81.80,68.04,80.51,75.68
80.25,80.25,65.42,81.34,76.17
79.72,79.72,65.97,80.73,75.36
80.64,80.64,64.72,78.99,73.65
79.30,79.30,66.23,80.55,74.55
76.06,76.06,68.49,82.02,71.89
71.49,71.49,68.26,87.21,71.99
70.01,70.01,64.72,83.37,74.43
65.52,65.52,62.81,83.68,74.42
63.62,63.62,59.36,85.83,73.52
61.28,61.28,63.66,86.10,72.50
61.96,61.96,61.61,86.36,73.80
62.41,62.41,58.80,86.51,74.93
69.49,69.49,62.92,86.63,76.63
77.82,77.82,68.15,86.20,75.56
81.45,81.45,68.23,85.35,73.51
83.18,83.18,64.93,84.27,72.03
83.89,83.89,62.29,83.67,73.06
81.13,81.13,64.35,83.25,72.83
80.66,80.66,68.73,82.25,71.57
75.85,75.85,78.72,79.80,71.33
72.49,72.49,88.01,78.56,68.16
61.79,61.79,89.16,72.28,67.06
60.06,60.06,89.75,72.17,68.46
60.91,60.91,87.16,78.34,70.96
63.63,63.63,78.78,82.38,72.98
62.35,62.35,84.93,83.09,73.46
65.96,65.96,83.03,84.28,73.12
63.90,63.90,78.92,84.54,74.05
64.42,64.42,75.91,83.96,74.05
67.93,67.93,72.72,83.36,74.35
83.15,83.15,72.82,84.01,74.84
83.24,83.24,68.68,83.95,75.49
80.10,80.10,70.80,83.98,72.99
80.55,80.55,68.95,84.18,71.28
80.57,80.57,68.66,83.42,72.21
80.50,80.50,65.56,83.13,70.69
82.70,82.70,62.90,82.76,72.63
79.31,79.31,63.08,83.15,71.58
81.95,81.95,61.96,79.98,71.57
83.17,83.17,66.06,76.34,73.85
82.44,82.44,63.88,75.65,74.15
83.00,83.00,60.38,80.87,74.66
84.50,84.50,59.11,79.99,77.49
87.22,87.22,60.38,79.93,73.97
87.67,87.67,60.41,79.77,75.20
84.72,84.72,58.88,79.99,76.58
85.33,85.33,60.72,79.69,73.69
84.42,84.42,64.42,79.49,76.93
83.33,83.33,62.55,79.58,73.84
81.34,81.34,62.32,80.51,74.12
76.70,76.70,59.64,81.05,75.34
73.00,73.00,61.51,80.43,72.87
75.20,75.20,66.45,80.49,73.64
80.77,80.77,70.55,79.34,75.71
82.17,82.17,83.23,77.94,76.79
81.32,81.32,85.76,68.45,77.56
78.54,78.54,88.58,65.89,75.75
80.95,80.95,83.68,73.09,75.87
81.12,81.12,75.95,82.28,74.19
80.99,80.99,76.38,83.28,74.00
80.76,80.76,80.33,82.38,72.63
80.89,80.89,76.69,82.44,72.97
78.22,78.22,74.11,83.10,69.25
71.24,71.24,67.19,84.04,69.22
73.15,73.15,66.00,84.24,70.40
71.88,71.88,67.16,83.58,72.49
70.60,70.60,63.46,83.44,74.54
70.07,70.07,64.66,82.71,74.80
72.43,72.43,61.61,83.28,73.12
76.58,76.58,63.24,83.10,72.02
77.82,77.82,59.05,81.64,71.13
79.94,79.94,62.13,82.50,72.40
82.31,82.31,64.90,81.26,74.13
84.24,84.24,65.35,78.56,76.64
85.61,85.61,64.05,81.44,76.11
84.63,84.63,60.58,83.34,73.35
84.78,84.78,60.40,82.34,72.46
82.37,82.37,55.35,82.68,72.40
80.79,80.79,58.34,83.39,71.95
82.97,82.97,59.01,84.19,71.06
79.02,79.02,63.97,84.18,72.37
80.32,80.32,67.56,84.38,74.07
81.42,81.42,64.29,84.18,73.28
82.73,82.73,62.47,84.99,70.88
76.27,76.27,61.65,85.66,71.77
73.49,73.49,65.15,85.99,71.12
76.31,76.31,70.34,86.12,68.86
86.00,86.00,73.65,83.89,67.48
78.56,78.56,83.44,73.88,70.04
78.70,78.70,88.29,73.06,69.44
77.58,77.58,88.12,62.75,69.30
82.71,82.71,87.02,73.52,67.82
80.74,80.74,84.12,80.18,66.55
82.25,82.25,77.18,79.10,68.41
80.38,80.38,83.10,79.59,67.89
84.11,84.11,83.92,81.03,69.29
80.87,80.87,74.24,80.45,68.17
84.85,84.85,76.15,79.53,66.12
83.61,83.61,68.93,79.51,67.31
84.31,84.31,72.17,80.47,68.58
84.58,84.58,67.40,80.74,68.51
83.51,83.51,68.16,81.64,71.13
81.39,81.39,61.60,81.87,70.62
81.88,81.88,64.02,81.69,67.82
81.44,81.44,69.50,81.39,67.95
79.35,79.35,65.41,83.49,67.32
79.97,79.97,67.55,85.68,71.09
80.40,80.40,69.83,84.67,71.27
82.66,82.66,65.14,86.36,70.29
80.68,80.68,66.03,86.26,71.87
80.32,80.32,63.51,86.70,71.64
79.82,79.82,60.26,85.76,70.15
79.23,79.23,60.88,82.28,72.31
80.63,80.63,60.94,81.95,72.81
79.65,79.65,62.24,83.35,73.19
74.99,74.99,65.61,85.80,72.50
75.67,75.67,68.80,85.57,71.59
69.13,69.13,67.67,81.76,69.50
76.40,76.40,67.07,82.67,71.20
81.13,81.13,63.95,83.81,72.15
74.33,74.33,60.56,83.88,71.95
69.69,69.69,73.76,79.46,71.47
65.58,65.58,74.64,75.46,68.16
72.51,72.51,89.16,76.02,69.88
68.98,68.98,88.18,75.39,69.98
78.16,78.16,86.51,76.28,71.77
79.23,79.23,87.93,79.13,72.00
80.94,80.94,80.57,80.10,70.91
83.27,83.27,82.79,81.10,70.22
82.98,82.98,85.97,80.41,70.55
81.49,81.49,70.01,81.62,71.65
80.80,80.80,70.86,80.66,74.95
81.09,81.09,68.71,80.08,76.28
80.67,80.67,68.68,80.38,77.74
80.23,80.23,69.65,83.43,76.20
81.74,81.74,67.41,82.02,76.76
82.97,82.97,63.81,82.49,75.88
77.40,77.40,66.59,82.66,75.46
67.81,67.81,61.85,76.86,74.44
68.13,68.13,66.29,79.91,75.12
71.25,71.25,74.23,78.80,74.22
72.25,72.25,73.78,77.04,73.44
68.92,68.92,72.56,84.15,73.94
68.36,68.36,71.27,84.40,74.06
69.39,69.39,68.56,85.49,74.97
70.70,70.70,65.85,83.43,76.15
75.11,75.11,64.77,79.58,74.06
77.33,77.33,63.42,80.79,73.28
77.75,77.75,63.33,79.96,72.83
76.60,76.60,64.21,78.66,73.01
76.05,76.05,65.84,81.96,72.10
80.49,80.49,66.85,78.06,70.96
80.87,80.87,68.06,79.18,71.62
79.75,79.75,67.46,80.19,72.45
81.67,81.67,68.42,76.04,72.06
82.45,82.45,71.93,77.70,69.63
81.15,81.15,79.19,75.98,71.70
75.69,75.69,87.88,74.62,67.90
76.17,76.17,87.47,76.00,66.03
77.60,77.60,88.79,75.52,68.33
76.94,76.94,84.93,80.80,67.17
74.08,74.08,81.26,85.78,67.90
70.64,70.64,83.39,85.13,68.26
70.32,70.32,82.04,85.30,69.85
75.76,75.76,77.00,85.77,74.13
73.17,73.17,74.81,85.86,74.52
73.14,73.14,67.55,85.33,75.11
70.56,70.56,70.25,82.44,74.76
66.12,66.12,71.24,84.69,73.34
60.23,60.23,68.34,84.55,70.95
60.35,60.35,64.94,82.94,73.59
56.86,56.86,67.37,84.83,73.51
60.00,60.00,64.69,86.26,74.16
67.42,67.42,66.06,83.13,74.43
74.99,74.99,76.87,83.37,73.38
77.96,77.96,78.14,83.11,71.61
80.11,80.11,77.34,82.70,71.94
81.72,81.72,76.05,81.21,71.91
84.33,84.33,74.94,85.33,73.97
84.07,84.07,74.44,84.41,73.09
81.58,81.58,73.07,82.25,71.09
81.97,81.97,72.24,84.16,71.80
82.31,82.31,71.27,81.90,72.46
82.17,82.17,70.82,82.99,72.15
82.28,82.28,71.54,84.41,72.86
82.64,82.64,70.95,82.04,74.69
81.58,81.58,69.50,83.59,74.47
79.66,79.66,68.56,81.54,73.31
80.57,80.57,67.68,81.54,74.51
81.57,81.57,68.53,82.88,73.55
79.46,79.46,72.07,79.41,74.05
78.37,78.37,82.42,82.24,72.67
73.27,73.27,88.95,77.51,69.76
76.67,76.67,87.89,74.37,71.50
78.23,78.23,84.40,75.53,72.08
77.27,77.27,83.33,82.15,70.85
77.53,77.53,81.08,83.86,68.68
79.44,79.44,82.09,84.78,70.31
77.31,77.31,80.26,83.80,73.19
76.95,76.95,73.11,82.66,74.44
78.75,78.75,67.47,83.40,74.36
79.24,79.24,67.19,81.70,73.52
81.11,81.11,66.99,80.71,73.18
79.32,79.32,66.18,82.54,71.80
78.28,78.28,66.15,83.51,73.74
78.57,78.57,67.02,83.72,71.15
74.87,74.87,65.62,83.99,71.77
68.76,68.76,70.42,81.70,69.98
72.57,72.57,78.40,78.40,72.08
70.15,70.15,84.81,80.80,71.95
68.87,68.87,82.25,76.00,69.87
67.84,67.84,77.26,85.06,71.54
68.98,68.98,76.37,84.56,74.97
68.28,68.28,73.28,84.00,74.82
68.07,68.07,72.99,85.76,74.32
67.41,67.41,72.79,83.05,75.06
65.89,65.89,74.70,84.72,73.12
64.79,64.79,81.07,82.15,70.50
63.06,63.06,84.16,80.17,75.50
62.20,62.20,79.31,81.47,75.81
62.49,62.49,77.99,81.14,75.55
63.85,63.85,76.28,81.54,78.68
65.90,65.90,74.76,82.58,78.75
67.04,67.04,74.86,78.24,76.48
70.05,70.05,78.64,74.99,74.52
72.53,72.53,84.53,76.74,71.77
73.72,73.72,87.19,75.51,71.71
76.05,76.05,88.57,78.77,71.02
77.42,77.42,86.42,81.18,70.80
78.16,78.16,82.07,76.89,72.97
78.08,78.08,80.87,78.53,74.04
77.13,77.13,84.35,80.44,72.15
80.38,80.38,77.20,79.44,75.84
79.99,79.99,71.58,80.46,74.44
78.61,78.61,69.20,81.71,74.87
76.34,76.34,67.33,79.23,74.32
69.90,69.90,67.03,77.79,74.54
63.49,63.49,67.26,79.53,72.97
58.98,58.98,66.17,79.09,72.70
58.81,58.81,65.90,75.73,72.30
56.26,56.26,65.13,79.71,72.61
62.53,62.53,69.42,80.34,72.17
72.38,72.38,77.98,75.39,71.71
78.88,78.88,84.13,80.34,72.25
81.61,81.61,80.78,81.87,71.24
82.32,82.32,78.41,84.07,70.39
82.40,82.40,77.32,83.38,73.22
82.04,82.04,75.49,81.36,72.18
80.18,80.18,73.96,83.20,69.37
82.07,82.07,73.75,82.08,71.31
80.91,80.91,71.81,79.45,73.77
81.93,81.93,71.53,77.77,74.09
82.37,82.37,71.99,80.00,75.57
80.21,80.21,72.26,83.30,71.71
76.29,76.29,71.00,82.18,72.83
77.32,77.32,70.69,76.68,73.03
75.09,75.09,68.71,82.79,73.64
74.28,74.28,68.11,77.37,72.78
77.43,77.43,73.47,76.52,70.35
73.79,73.79,73.55,74.00,69.70
72.02,72.02,88.90,75.50,68.97
76.40,76.40,88.74,68.20,66.43
78.34,78.34,87.06,71.24,69.81
78.84,78.84,83.18,79.94,69.56
79.84,79.84,81.46,82.58,69.71
79.90,79.90,81.34,81.31,71.65
78.28,78.28,82.46,81.22,70.32
80.20,80.20,78.75,80.35,70.33
80.43,80.43,77.70,81.06,70.20
80.82,80.82,75.88,79.70,70.06
80.49,80.49,76.59,80.17,70.90
80.53,80.53,76.14,81.51,70.66
78.68,78.68,76.78,81.46,73.60
79.15,79.15,75.79,82.03,71.96
78.44,78.44,75.25,80.58,71.80
75.12,75.12,73.81,80.72,69.42
72.62,72.62,75.22,80.89,72.01
72.40,72.40,77.11,83.28,71.39
70.96,70.96,76.15,83.54,73.54
71.42,71.42,76.15,84.25,74.25
68.75,68.75,74.31,84.16,75.78
68.30,68.30,74.69,85.51,74.94
67.66,67.66,73.84,84.24,74.77
66.25,66.25,74.00,83.44,75.84
66.42,66.42,74.53,83.95,75.04
73.12,73.12,74.52,85.17,70.71
77.35,77.35,74.38,85.30,72.77
80.43,80.43,74.46,83.93,73.30
82.85,82.85,73.77,84.30,71.08
83.75,83.75,72.43,85.35,71.95
82.43,82.43,73.14,84.76,71.39
82.13,82.13,72.63,84.94,70.17
81.91,81.91,72.91,85.05,70.94
80.88,80.88,77.42,81.10,68.55
78.98,78.98,89.36,78.43,70.44
79.18,79.18,86.29,80.47,66.55
79.96,79.96,86.46,81.20,64.29
80.34,80.34,83.57,79.41,69.89
75.45,75.45,79.75,81.51,73.04
71.15,71.15,85.92,83.23,68.12
73.51,73.51,78.97,84.35,69.82
68.33,68.33,75.81,82.97,72.97
64.70,64.70,70.69,84.19,73.99
65.40,65.40,71.10,82.98,74.37
66.19,66.19,73.21,84.64,71.70
59.80,59.80,70.65,84.64,73.36
57.23,57.23,69.75,86.33,73.62
57.40,57.40,69.37,87.45,71.71
56.40,56.40,68.75,85.34,72.50
56.71,56.71,68.18,86.04,72.41
63.75,63.75,66.33,85.88,72.68
79.30,79.30,76.46,84.33,73.54
78.85,78.85,77.89,82.04,74.36
82.53,82.53,76.30,83.53,71.45
82.61,82.61,75.38,78.26,74.61
83.63,83.63,74.51,78.87,74.23
82.34,82.34,73.67,79.85,74.33
82.67,82.67,72.29,84.00,75.62
82.49,82.49,72.81,79.48,75.25
82.56,82.56,71.75,81.98,73.53
81.93,81.93,71.40,84.22,74.58
82.20,82.20,70.86,82.45,73.96
81.60,81.60,71.00,83.43,74.96
81.28,81.28,69.30,83.32,73.74
79.37,79.37,68.58,84.11,73.90
81.39,81.39,68.20,84.86,73.86
82.64,82.64,68.46,83.41,74.81
81.84,81.84,72.46,83.27,72.92
77.51,77.51,80.36,81.68,73.32
78.77,78.77,90.42,78.53,71.39
77.94,77.94,87.21,74.44,71.32
79.05,79.05,84.07,75.25,73.39
80.84,80.84,83.83,74.96,72.76
79.44,79.44,82.92,77.69,75.52
77.59,77.59,81.47,75.94,76.21
78.84,78.84,75.93,76.61,76.73
82.32,82.32,70.17,75.58,76.00
82.44,82.44,65.63,76.34,75.05
81.81,81.81,64.53,79.51,73.71
79.39,79.39,68.48,79.43,72.36
79.53,79.53,65.51,79.50,71.88
79.53,79.53,65.29,77.52,72.74
80.19,80.19,63.37,76.40,72.72
80.80,80.80,61.73,72.80,72.07
81.47,81.47,63.94,76.29,70.76
80.52,80.52,67.88,80.05,71.05
77.02,77.02,79.21,84.25,70.24
79.13,79.13,78.82,82.92,71.86
80.60,80.60,78.06,81.01,72.14
80.60,80.60,76.05,83.43,71.89
79.76,79.76,75.92,84.36,72.40
76.52,76.52,75.24,84.61,69.63
80.27,80.27,73.90,83.17,69.19
80.21,80.21,75.31,81.99,71.25
76.71,76.71,73.85,79.72,70.27
76.88,76.88,74.73,81.61,73.70
79.01,79.01,74.36,79.79,72.12
79.79,79.79,73.51,80.02,71.16
78.09,78.09,72.53,81.92,69.98
76.03,76.03,73.23,83.69,69.50
74.43,74.43,71.75,83.76,71.35
68.98,68.98,74.03,79.24,72.17
68.75,68.75,81.40,77.51,73.22
61.68,61.68,89.89,78.28,69.11
62.07,62.07,88.66,71.58,72.46
64.81,64.81,87.92,76.41,72.06
67.33,67.33,78.58,76.17,73.09
63.85,63.85,79.16,77.99,71.74
59.99,59.99,84.41,77.95,71.04
57.26,57.26,79.29,78.59,73.38
56.00,56.00,75.75,77.20,72.81
57.83,57.83,79.51,81.54,72.66
55.25,55.25,74.70,82.61,72.77
57.94,57.94,71.26,79.57,72.58
54.60,54.60,70.35,78.88,72.19
56.54,56.54,70.29,79.22,71.54
59.67,59.67,68.98,78.78,73.37
64.66,64.66,68.41,79.11,73.91
63.97,63.97,68.51,81.14,72.52
65.67,65.67,69.67,84.44,73.13
69.56,69.56,78.29,83.53,72.90
73.75,73.75,79.07,82.65,73.17
74.55,74.55,78.33,80.20,73.12
73.08,73.08,76.99,82.77,75.01
74.97,74.97,76.08,82.85,74.24
74.24,74.24,75.51,82.02,76.10
73.72,73.72,73.90,85.62,75.11
73.64,73.64,74.28,85.70,73.91
75.64,75.64,73.08,80.56,74.94
77.86,77.86,72.98,83.80,72.63
79.01,79.01,72.29,83.77,74.44
78.35,78.35,72.23,83.92,75.43
78.66,78.66,70.78,86.01,77.12
79.86,79.86,69.47,82.04,76.13
81.19,81.19,69.96,82.12,74.67
79.04,79.04,72.15,78.22,74.03
80.71,80.71,81.36,72.00,74.97
77.74,77.74,89.91,63.99,69.58
79.41,79.41,87.90,62.98,70.74
79.90,79.90,89.16,71.77,72.02
82.65,82.65,84.48,79.96,72.87
84.10,84.10,80.74,82.70,72.33
83.02,83.02,82.41,83.40,73.42
84.28,84.28,77.66,82.26,74.10
83.45,83.45,75.71,82.68,74.49
82.68,82.68,76.41,83.40,73.00
83.70,83.70,73.10,83.00,71.93
85.03,85.03,66.35,83.57,73.01
82.35,82.35,66.53,82.90,71.84
80.24,80.24,67.76,83.65,69.21
83.47,83.47,65.82,81.46,71.71
85.27,85.27,59.02,81.93,70.92
85.53,85.53,64.14,82.28,70.32
84.65,84.65,65.90,83.61,69.27
82.04,82.04,78.43,80.95,70.91
80.90,80.90,78.91,80.07,75.18
81.34,81.34,77.75,80.15,73.22
80.10,80.10,75.88,77.39,74.26
82.27,82.27,76.22,77.01,72.56
82.59,82.59,72.58,84.54,72.60
79.15,79.15,71.94,82.95,72.73
74.88,74.88,71.00,82.77,71.80
75.95,75.95,68.61,81.95,73.36
76.30,76.30,67.33,83.53,73.41
76.31,76.31,67.49,80.66,72.67
75.30,75.30,69.21,82.51,73.68
74.46,74.46,67.70,82.22,75.62
68.51,68.51,65.09,81.27,74.45
66.57,66.57,66.12,81.15,73.93
64.81,64.81,70.62,79.62,71.51
67.54,67.54,75.96,77.90,69.17
74.16,74.16,85.65,78.32,69.32
64.64,64.64,88.42,76.24,67.11
72.91,72.91,87.83,70.17,66.83
78.57,78.57,84.92,71.98,67.65
77.90,77.90,84.05,82.22,67.17
77.47,77.47,80.71,86.04,67.93
78.78,78.78,81.94,84.26,68.04
80.00,80.00,73.39,83.41,68.69
78.46,78.46,78.80,85.33,65.83
78.63,78.63,70.53,85.51,71.36
79.65,79.65,71.79,84.28,72.24
79.11,79.11,73.32,85.42,70.45
78.94,78.94,67.96,84.88,70.80
81.54,81.54,65.53,85.99,70.54
80.94,80.94,66.25,84.80,70.24
80.54,80.54,64.18,84.65,71.62
80.68,80.68,64.21,84.96,72.19
80.93,80.93,72.50,83.70,71.14
81.30,81.30,75.69,85.43,71.31
80.71,80.71,74.94,84.85,70.64
81.88,81.88,75.57,80.03,72.77
83.51,83.51,73.27,76.56,73.67
83.87,83.87,72.81,76.16,73.17
83.28,83.28,72.42,75.73,73.68
83.61,83.61,71.20,76.01,72.12
80.81,80.81,70.90,77.89,71.64
83.35,83.35,70.85,77.52,70.48
83.22,83.22,71.23,74.06,72.17
78.90,78.90,71.18,77.20,72.78
76.46,76.46,69.74,77.86,72.47
75.58,75.58,68.47,79.32,71.88
73.76,73.76,68.40,79.97,71.67
74.15,74.15,69.15,79.22,72.52
73.12,73.12,71.73,78.66,71.55
74.66,74.66,84.17,79.59,71.81
72.13,72.13,91.14,75.35,65.70
79.55,79.55,87.84,68.26,70.14
83.21,83.21,82.49,72.90,70.46
84.43,84.43,76.34,81.50,70.07
83.85,83.85,76.66,84.81,70.64
84.15,84.15,81.32,83.03,68.61
84.25,84.25,78.04,83.62,68.16
84.33,84.33,74.21,82.44,67.63
83.54,83.54,72.27,82.71,67.24
82.61,82.61,69.48,83.05,68.94
82.83,82.83,70.74,82.52,70.40
82.28,82.28,67.49,83.31,70.98
82.23,82.23,66.19,83.73,68.73
84.79,84.79,65.63,81.89,66.17
84.04,84.04,63.22,81.75,64.78
83.46,83.46,65.67,82.85,64.74
85.30,85.30,65.34,80.67,65.71
83.54,83.54,73.97,77.60,67.29
81.90,81.90,78.81,81.92,71.03
78.47,78.47,77.22,79.51,69.34
79.26,79.26,76.60,79.66,70.20
78.97,78.97,75.52,78.86,68.50
81.37,81.37,75.66,75.51,70.20
79.07,79.07,75.03,75.50,70.70
73.78,73.78,74.41,78.73,72.78
72.86,72.86,73.37,79.89,73.56
74.17,74.17,72.52,78.16,72.44
75.83,75.83,71.42,78.02,72.64
74.84,74.84,71.80,80.74,71.37
77.03,77.03,71.54,81.20,71.98
76.13,76.13,71.45,81.07,72.97
75.02,75.02,71.15,82.04,72.45
73.41,73.41,71.43,81.32,71.08
68.65,68.65,74.48,82.51,69.48
67.62,67.62,87.77,81.63,67.68
69.12,69.12,89.09,78.01,66.85
70.60,70.60,87.96,79.52,68.69
77.03,77.03,85.43,85.10,71.28
78.26,78.26,80.89,83.79,72.61
80.05,80.05,84.71,80.19,70.43
80.30,80.30,80.33,81.94,67.42
81.70,81.70,76.74,82.44,67.01
82.34,82.34,75.81,84.09,68.36
81.49,81.49,75.36,83.64,68.59
82.41,82.41,73.75,83.26,67.07
81.29,81.29,72.26,84.29,66.95
79.33,79.33,70.74,83.88,67.50
79.55,79.55,69.77,83.76,67.05
78.76,78.76,67.57,84.79,70.72
77.59,77.59,65.48,83.43,73.57
74.57,74.57,66.69,82.73,73.62
77.38,77.38,73.55,81.48,72.72
77.52,77.52,72.69,79.34,74.53
79.56,79.56,73.11,69.21,74.78
77.96,77.96,71.35,74.62,74.24
78.94,78.94,69.48,79.08,74.95
79.31,79.31,68.26,78.08,74.74
78.88,78.88,68.35,78.56,72.88
80.53,80.53,67.24,80.53,69.56
79.97,79.97,65.09,79.69,70.59
80.05,80.05,64.82,79.54,72.65
80.14,80.14,65.02,78.11,73.84
79.70,79.70,65.04,78.31,73.61
80.93,80.93,61.96,79.13,73.69
79.22,79.22,62.43,78.28,73.20
80.61,80.61,62.01,75.61,71.92
79.73,79.73,64.52,74.42,73.04
78.09,78.09,69.92,77.54,73.76
81.58,81.58,74.85,78.61,72.30
79.39,79.39,89.72,74.94,69.81
80.63,80.63,88.98,70.40,70.40
83.54,83.54,87.00,72.38,71.52
84.91,84.91,78.79,81.25,72.19
85.27,85.27,81.73,83.14,71.49
87.23,87.23,82.91,82.99,70.39
86.28,86.28,78.90,81.27,71.97
86.29,86.29,76.53,82.05,71.83
86.01,86.01,76.57,83.01,72.00
86.48,86.48,75.82,81.99,71.35
86.69,86.69,75.93,81.49,71.14
85.94,85.94,74.66,82.65,69.10
85.82,85.82,75.13,81.78,68.10
85.21,85.21,75.53,82.76,67.15
82.98,82.98,75.82,81.36,67.07
83.46,83.46,74.95,81.03,69.01
83.49,83.49,76.75,81.50,67.77
83.14,83.14,78.29,80.26,70.25
83.22,83.22,77.48,83.73,69.36
83.93,83.93,76.56,82.58,71.51
82.46,82.46,76.61,84.08,71.48
78.92,78.92,76.25,83.25,71.84
79.44,79.44,74.89,84.81,69.65
80.08,80.08,75.40,84.58,70.24
76.95,76.95,73.62,84.40,71.59
75.72,75.72,73.37,85.05,71.96
76.96,76.96,73.41,83.64,74.57
76.57,76.57,73.08,83.76,76.58
78.64,78.64,72.50,84.40,77.46
76.62,76.62,70.83,83.25,77.49
79.04,79.04,71.66,82.89,78.86
81.00,81.00,71.37,83.24,76.86
78.12,78.12,73.98,79.17,73.45
78.84,78.84,81.77,70.03,71.40
75.46,75.46,88.20,76.16,68.24
75.92,75.92,90.06,69.26,67.05
76.32,76.32,89.33,69.81,66.88
77.98,77.98,85.84,79.32,67.46
80.29,80.29,79.06,80.33,70.23
79.58,79.58,83.78,82.84,69.53
81.49,81.49,85.34,81.25,67.55
81.41,81.41,74.13,81.41,67.64
81.52,81.52,74.68,81.53,67.88
82.88,82.88,71.96,80.90,69.13
83.23,83.23,72.49,79.76,68.93
82.93,82.93,70.95,80.75,67.84
83.26,83.26,71.67,80.82,66.91
82.87,82.87,68.69,80.46,65.29
81.80,81.80,67.92,81.65,66.91
81.76,81.76,68.46,79.39,67.90
80.84,80.84,73.55,76.51,69.62
81.66,81.66,77.65,82.38,72.58
81.13,81.13,76.97,82.13,74.55
81.92,81.92,75.50,81.76,75.62
81.53,81.53,75.68,82.89,75.59
83.26,83.26,74.00,81.16,74.08
85.42,85.42,73.19,79.42,68.86
84.70,84.70,73.48,78.96,65.11
84.66,84.66,72.91,81.96,69.42
80.73,80.73,71.29,83.38,71.77
80.10,80.10,71.13,85.39,72.45
77.06,77.06,70.91,84.12,74.53
73.38,73.38,71.50,79.71,73.90
72.55,72.55,70.79,78.59,72.82
76.86,76.86,70.27,83.58,72.27
78.58,78.58,69.67,78.43,71.47
81.71,81.71,72.17,72.60,70.64
81.12,81.12,81.06,69.75,73.46
80.54,80.54,91.52,75.33,69.85
80.72,80.72,88.23,74.30,70.41
81.72,81.72,86.22,78.87,70.25
82.78,82.78,81.57,83.55,69.48
82.56,82.56,84.06,81.83,70.41
82.44,82.44,83.96,80.79,70.06
83.06,83.06,81.79,81.61,72.45
83.57,83.57,75.12,83.00,72.60
83.55,83.55,75.56,82.37,72.94
82.46,82.46,76.02,83.57,72.66
82.12,82.12,75.63,84.04,74.44
82.91,82.91,74.81,83.80,73.37
82.36,82.36,73.90,83.10,73.78
79.22,79.22,74.74,84.33,73.43
82.49,82.49,73.80,85.33,73.05
85.42,85.42,74.91,84.27,71.45
83.89,83.89,75.82,84.16,72.57
84.63,84.63,78.36,84.62,72.66
81.18,81.18,76.61,80.71,72.46
78.35,78.35,78.19,80.48,70.38
81.08,81.08,76.75,79.60,71.13
73.19,73.19,76.29,77.15,72.16
72.06,72.06,74.21,80.21,72.34
70.54,70.54,73.17,78.17,72.06
69.77,69.77,74.13,78.68,71.54
70.20,70.20,73.82,78.70,73.14
67.92,67.92,73.23,80.64,74.05
66.63,66.63,71.78,80.38,72.27
65.64,65.64,71.92,81.39,75.31
64.79,64.79,72.01,80.39,73.65
64.89,64.89,71.07,81.69,71.24
65.53,65.53,71.84,82.17,69.01
64.26,64.26,73.04,81.99,64.84
75.47,75.47,82.82,77.37,68.74
81.81,81.81,86.95,78.18,66.64
81.51,81.51,89.07,75.41,64.77
80.80,80.80,87.59,68.91,70.16
81.86,81.86,88.07,70.14,73.14
86.22,86.22,79.55,78.36,70.94
85.28,85.28,79.45,81.51,72.84
86.44,86.44,82.27,80.83,69.49
86.89,86.89,77.76,81.00,72.46
86.18,86.18,73.56,81.78,72.69
85.92,85.92,73.81,81.05,72.19
85.62,85.62,71.59,80.02,68.28
84.93,84.93,71.38,81.71,68.32
86.85,86.85,69.13,81.80,70.88
86.62,86.62,68.09,84.43,69.50
87.13,87.13,69.73,80.45,67.27
86.40,86.40,67.61,82.17,71.68
85.12,85.12,68.84,81.70,71.84
85.51,85.51,76.69,82.42,73.72
85.73,85.73,76.59,84.57,72.74
85.58,85.58,75.28,84.25,75.59
86.09,86.09,74.29,79.90,75.19
84.92,84.92,73.22,82.72,74.49
83.08,83.08,72.78,83.07,74.29
83.82,83.82,72.06,83.08,73.28
82.96,82.96,72.02,81.93,70.34
83.85,83.85,71.80,83.03,70.25
84.32,84.32,71.17,81.39,66.43
85.30,85.30,70.54,81.91,74.09
84.24,84.24,70.77,80.30,72.65
82.70,82.70,70.30,80.69,69.08
83.80,83.80,68.99,79.44,69.79
84.27,84.27,69.80,78.77,72.77
81.77,81.77,71.03,78.02,71.28
82.66,82.66,78.13,76.79,71.02
81.65,81.65,83.47,78.76,72.11
82.21,82.21,87.85,76.17,71.73
83.38,83.38,87.68,72.81,69.82
81.62,81.62,83.57,78.93,69.00
77.86,77.86,84.41,80.50,69.33
75.99,75.99,84.14,82.63,70.81
79.28,79.28,85.27,82.94,71.41
79.65,79.65,75.01,84.55,72.02
78.39,78.39,75.17,83.17,69.41
77.77,77.77,73.69,83.57,73.17
79.44,79.44,66.54,82.88,73.24
83.33,83.33,69.62,82.62,73.63
84.83,84.83,69.61,82.42,71.45
81.79,81.79,64.09,82.02,73.71
83.88,83.88,65.13,82.86,75.57
81.61,81.61,67.74,80.94,70.96
82.96,82.96,71.77,78.45,71.17
83.14,83.14,77.92,80.67,72.69
82.36,82.36,78.15,83.05,70.58
81.47,81.47,76.90,77.14,72.53
77.27,77.27,76.07,77.76,71.55
77.86,77.86,74.68,84.15,74.38
84.53,84.53,73.95,82.40,74.33
83.26,83.26,73.35,79.02,75.85
83.15,83.15,73.61,80.34,71.89
80.24,80.24,71.81,79.16,72.50
84.52,84.52,72.85,78.32,72.71
83.58,83.58,72.76,78.68,73.39
84.62,84.62,71.18,78.57,73.94
79.56,79.56,70.92,78.80,74.34
82.41,82.41,70.31,79.79,74.34
80.84,80.84,71.11,78.13,74.32
80.40,80.40,70.88,79.46,73.66
77.50,77.50,74.27,78.52,72.34
75.70,75.70,87.26,79.11,72.82
73.02,73.02,87.25,77.77,69.41
74.75,74.75,89.61,76.13,69.03
76.71,76.71,81.69,80.14,70.52
78.82,78.82,81.76,80.66,71.53
77.31,77.31,84.00,79.20,73.81
77.99,77.99,80.42,79.59,73.39
78.61,78.61,74.45,80.96,73.85
73.58,73.58,79.55,80.20,74.16
76.06,76.06,72.34,81.63,73.54
83.59,83.59,70.46,80.81,76.46
86.44,86.44,67.41,79.03,75.38
80.27,80.27,64.98,79.55,75.38
85.98,85.98,63.91,79.35,73.41
84.46,84.46,63.52,77.93,72.69
83.25,83.25,63.01,79.21,72.99
85.10,85.10,63.52,80.33,72.48
85.53,85.53,74.42,78.70,73.35
79.36,79.36,76.49,83.92,73.86
71.77,71.77,75.26,82.38,73.41
69.42,69.42,72.16,80.99,72.53
70.06,70.06,71.53,81.42,75.40
70.80,70.80,70.64,83.14,73.63
69.95,69.95,69.44,86.27,72.95
70.96,70.96,68.92,86.40,74.58
72.14,72.14,67.98,86.33,74.51
82.34,82.34,68.77,86.12,75.48
84.90,84.90,71.04,84.57,75.14
80.15,80.15,70.90,84.93,73.63
81.07,81.07,70.60,85.71,72.77
78.44,78.44,68.87,84.66,73.85
72.93,72.93,68.05,85.12,72.78
70.66,70.66,66.58,85.68,74.62
69.23,69.23,72.38,83.46,73.59
78.90,78.90,73.33,83.29,70.82
82.73,82.73,86.94,80.65,72.44
79.84,79.84,85.48,78.20,70.80
80.38,80.38,83.46,74.48,70.23
81.31,81.31,84.88,80.67,71.88
79.73,79.73,80.56,82.77,72.26
82.03,82.03,84.36,80.53,70.49
82.21,82.21,72.28,81.06,71.67
78.02,78.02,69.77,83.41,72.02
71.93,71.93,75.06,83.33,72.11
68.35,68.35,72.27,84.36,72.79
69.18,69.18,69.29,82.47,72.49
63.75,63.75,68.10,82.40,72.33
64.17,64.17,67.89,82.85,72.03
68.90,68.90,63.75,83.87,71.29
69.04,69.04,62.26,82.50,74.00
76.43,76.43,63.76,82.66,74.70
88.32,88.32,66.83,83.15,74.69
82.18,82.18,77.90,80.85,72.68
78.61,78.61,78.04,80.40,72.21
81.69,81.69,77.37,80.61,72.56
80.43,80.43,76.23,79.28,72.18
81.41,81.41,75.55,77.29,71.97
82.33,82.33,74.68,77.60,72.15
83.07,83.07,74.84,78.07,73.13
77.76,77.76,73.76,80.22,73.76
72.91,72.91,71.54,81.24,74.80
71.35,71.35,72.26,79.28,76.09
68.64,68.64,71.43,79.74,75.95
65.92,65.92,71.32,81.04,76.03
66.00,66.00,70.50,81.52,76.30
68.59,68.59,69.62,83.77,76.82
69.87,69.87,68.67,82.78,77.88
69.73,69.73,73.35,82.93,76.30
72.74,72.74,77.72,82.90,74.70
77.62,77.62,84.01,78.98,72.07
79.59,79.59,91.61,73.48,66.11
80.37,80.37,86.37,72.31,67.54
81.15,81.15,85.29,76.95,69.08
82.04,82.04,80.49,80.85,69.94
80.28,80.28,80.87,80.94,70.66
81.77,81.77,83.26,82.20,69.87
77.18,77.18,79.11,82.50,71.12
82.53,82.53,73.02,84.19,73.85
84.23,84.23,70.15,82.94,74.35
83.23,83.23,73.79,84.52,71.85
80.28,80.28,71.03,83.01,71.35
82.35,82.35,67.11,83.12,72.59
85.25,85.25,65.48,82.84,70.80
85.16,85.16,68.00,82.97,70.57
84.01,84.01,65.77,80.86,72.54
79.69,79.69,70.86,79.77,70.68
85.24,85.24,82.29,82.51,71.62
82.72,82.72,82.55,82.21,70.25
76.65,76.65,80.96,81.70,68.54
78.15,78.15,79.76,80.57,71.36
81.82,81.82,76.82,83.35,72.19
83.30,83.30,74.03,84.16,72.43
83.44,83.44,72.54,81.61,73.52
80.87,80.87,70.74,81.48,71.33
78.60,78.60,70.85,81.20,72.15
79.90,79.90,73.73,83.40,71.52
79.50,79.50,81.55,82.31,70.19
78.10,78.10,81.60,83.82,68.76
80.27,80.27,76.89,84.09,70.31
78.94,78.94,72.28,83.18,71.78
79.88,79.88,71.11,82.47,71.22
80.04,80.04,69.41,76.74,73.36
78.77,78.77,73.05,73.00,71.52
77.85,77.85,79.63,71.90,70.13
80.26,80.26,90.16,67.54,68.73
79.44,79.44,85.86,59.93,70.89
78.54,78.54,85.92,73.63,71.15
82.17,82.17,81.07,78.33,73.78
81.75,81.75,81.57,82.76,73.39
75.86,75.86,82.52,84.43,74.77
75.31,75.31,79.37,83.71,72.71
77.28,77.28,79.23,83.98,72.81
78.95,78.95,77.17,84.08,72.83
76.81,76.81,76.96,83.92,72.31
81.12,81.12,76.42,84.37,71.86
83.63,83.63,76.43,84.14,71.07
82.92,82.92,75.42,84.14,72.57
81.85,81.85,75.95,83.60,70.16
77.92,77.92,76.12,83.54,69.68
81.21,81.21,74.54,83.36,72.22
82.44,82.44,75.89,83.05,72.63
79.40,79.40,78.49,78.30,75.34
74.03,74.03,78.52,79.51,76.11
76.37,76.37,78.08,78.67,74.68
78.98,78.98,76.79,79.31,76.27
85.07,85.07,76.01,77.69,75.75
85.85,85.85,74.77,75.92,72.62
83.58,83.58,74.97,76.70,72.95
81.63,81.63,75.18,76.25,73.20
81.05,81.05,74.05,76.64,71.32
75.61,75.61,74.77,75.93,74.82
79.70,79.70,74.42,75.88,77.56
79.71,79.71,74.08,75.78,74.58
79.21,79.21,72.90,76.29,73.88
81.98,81.98,72.71,76.29,71.34
83.50,83.50,71.86,76.53,73.87
80.68,80.68,72.97,74.85,72.90
80.62,80.62,78.70,66.78,72.18
74.20,74.20,90.68,74.43,68.08
71.67,71.67,87.13,73.02,68.43
71.48,71.48,87.86,78.56,68.10
74.78,74.78,83.95,84.93,68.01
73.87,73.87,81.59,86.24,71.00
77.04,77.04,83.07,84.79,71.96
78.34,78.34,83.80,85.20,72.35
75.00,75.00,74.54,85.54,72.04
69.99,69.99,73.43,85.36,74.35
74.56,74.56,75.53,85.47,73.64
77.56,77.56,73.33,84.88,72.91
76.58,76.58,71.64,84.04,72.71
84.58,84.58,72.10,83.35,73.60
83.15,83.15,72.71,82.92,71.08
84.50,84.50,70.69,83.05,72.73
82.84,82.84,69.31,83.09,72.23
82.23,82.23,68.67,83.18,70.06
78.47,78.47,74.44,82.43,70.28
67.55,67.55,77.85,76.14,72.24
68.57,68.57,75.82,76.71,75.67
70.13,70.13,75.40,80.04,74.44
69.61,69.61,72.66,80.71,75.24
69.63,69.63,71.60,79.63,75.02
68.44,68.44,71.01,78.77,73.99
68.74,68.74,69.95,79.20,73.41
73.61,73.61,72.02,79.71,74.04
84.89,84.89,73.01,79.94,73.79
84.43,84.43,72.83,80.94,75.16
83.51,83.51,71.35,81.17,74.57
82.60,82.60,70.59,80.76,74.28
81.62,81.62,69.40,81.64,75.09
75.55,75.55,71.29,82.13,75.48
80.65,80.65,72.33,82.61,72.17
78.73,78.73,77.34,81.13,72.06
77.12,77.12,85.48,77.18,72.67
78.70,78.70,89.52,68.12,70.54
79.87,79.87,87.70,73.47,72.52
78.78,78.78,86.07,81.61,71.30
79.91,79.91,82.60,81.06,71.70
80.05,80.05,76.50,80.97,68.88
81.51,81.51,80.60,81.34,69.58
82.10,82.10,79.47,81.56,69.20
79.98,79.98,67.45,81.79,72.81
78.01,78.01,66.63,81.27,70.96
67.96,67.96,67.97,80.30,70.86
69.32,69.32,70.29,81.33,72.95
65.50,65.50,66.13,81.55,74.28
62.91,62.91,66.32,81.59,74.89
66.25,66.25,63.77,80.82,73.93
71.14,71.14,66.48,81.30,74.22
74.78,74.78,64.70,82.46,76.39
74.73,74.73,75.20,79.64,76.24
80.66,80.66,78.62,79.13,71.62
83.19,83.19,76.37,77.07,73.35
81.77,81.77,74.74,79.38,73.22
79.97,79.97,75.47,80.85,72.20
80.88,80.88,74.53,80.70,73.11
82.94,82.94,73.39,81.04,74.46
84.02,84.02,73.39,81.70,72.97
87.08,87.08,71.73,81.52,73.39
86.01,86.01,72.57,81.88,74.18
82.65,82.65,73.94,82.84,74.93
76.32,76.32,71.61,82.84,74.79
80.49,80.49,70.73,83.55,73.84
84.90,84.90,69.30,83.54,71.12
86.53,86.53,69.22,83.72,72.45
88.30,88.30,68.54,83.46,69.88
84.89,84.89,75.45,80.56,70.26
81.70,81.70,84.83,71.42,70.46
77.07,77.07,87.91,71.02,69.10
80.80,80.80,86.14,71.92,68.84
83.37,83.37,82.82,79.96,68.70
83.50,83.50,80.53,82.85,69.62
84.10,84.10,83.45,80.70,67.93
81.50,81.50,79.54,80.56,70.34
84.04,84.04,75.65,81.43,71.15
83.42,83.42,71.06,81.47,71.53
82.62,82.62,71.41,81.83,73.19
80.68,80.68,70.65,81.61,69.10
82.13,82.13,69.46,80.83,71.33
81.45,81.45,67.61,80.59,71.98
83.12,83.12,66.24,81.39,71.29
82.23,82.23,70.24,82.13,69.60
78.59,78.59,65.40,81.56,70.73
73.96,73.96,67.25,80.06,69.50
77.94,77.94,73.22,80.71,71.10
77.84,77.84,76.38,80.85,73.67
75.84,75.84,75.81,84.32,72.77
70.09,70.09,74.46,79.20,73.96
72.46,72.46,73.07,69.62,73.11
65.11,65.11,73.86,69.27,72.56
64.88,64.88,73.58,71.52,74.35
65.54,65.54,73.08,68.85,72.52
61.37,61.37,73.93,73.75,71.75
65.18,65.18,72.08,76.74,71.48
70.49,70.49,71.20,74.46,71.36
64.84,64.84,71.18,74.93,74.06
61.12,61.12,71.37,79.69,73.25
62.62,62.62,70.49,78.56,75.09
60.80,60.80,70.97,76.99,73.55
63.69,63.69,72.69,77.88,72.23
67.28,67.28,76.85,76.76,69.51
71.27,71.27,84.16,73.19,72.37
74.95,74.95,91.67,73.86,68.45
81.62,81.62,89.43,76.74,72.17
83.33,83.33,85.57,77.49,73.23
83.20,83.20,82.35,81.15,71.61
82.60,82.60,82.56,83.33,69.95
83.00,83.00,82.86,82.76,69.41
82.99,82.99,78.71,82.29,71.38
81.41,81.41,72.06,82.46,72.21
83.26,83.26,67.24,83.10,74.57
83.46,83.46,65.86,81.17,73.46
83.16,83.16,65.81,79.65,72.34
82.21,82.21,64.78,81.21,70.66
83.60,83.60,63.17,81.77,71.60
84.66,84.66,64.74,81.38,72.10
85.23,85.23,65.48,84.32,72.56
85.95,85.95,64.09,84.05,71.64
81.98,81.98,69.11,83.38,73.68
76.50,76.50,77.68,83.55,75.06
74.71,74.71,75.80,81.12,76.93
78.04,78.04,73.83,86.47,76.61
69.46,69.46,73.82,85.12,76.03
62.93,62.93,72.15,84.14,73.25
66.21,66.21,71.08,85.11,72.22
68.28,68.28,69.75,84.02,71.33
70.30,70.30,69.94,84.41,74.26
74.18,74.18,69.52,84.55,73.46
87.47,87.47,70.14,81.92,72.36
84.26,84.26,69.15,82.52,72.30
80.61,80.61,69.22,81.36,73.23
80.57,80.57,68.62,81.53,76.34
80.73,80.73,68.91,80.80,74.97
82.07,82.07,67.94,80.35,76.17
82.88,82.88,69.79,78.13,74.23
83.52,83.52,79.79,76.13,72.46
79.06,79.06,91.56,70.91,68.80
79.20,79.20,88.93,75.19,71.87
78.18,78.18,83.81,76.06,71.02
75.95,75.95,84.33,76.56,72.16
74.05,74.05,81.00,82.86,72.45
80.47,80.47,86.69,81.88,71.61
80.58,80.58,81.08,77.71,69.35
76.15,76.15,75.95,81.85,69.62
76.89,76.89,73.12,80.36,72.91
75.60,75.60,73.49,81.91,75.15
74.28,74.28,72.98,82.70,74.97
73.24,73.24,70.93,82.56,75.39
78.07,78.07,69.78,82.94,73.06
74.29,74.29,66.80,83.86,72.71
75.30,75.30,67.02,82.38,73.29
77.13,77.13,66.27,84.97,73.73
77.69,77.69,65.93,81.61,72.42
76.51,76.51,70.79,84.29,71.52
81.68,81.68,77.65,85.47,72.12
80.34,80.34,76.87,82.17,70.69
79.41,79.41,75.14,81.97,70.87
78.52,78.52,74.74,82.55,70.29
78.89,78.89,74.51,82.07,70.36
80.63,80.63,74.33,83.71,70.91
81.16,81.16,73.44,83.38,72.25
80.95,80.95,72.49,84.87,73.16
79.07,79.07,72.01,84.18,72.75
79.15,79.15,72.39,84.81,74.61
80.19,80.19,71.37,84.11,73.99
79.61,79.61,70.01,85.13,71.33
78.88,78.88,70.22,83.60,72.20
79.66,79.66,68.25,84.71,73.76
78.85,78.85,68.29,83.32,74.52
78.74,78.74,71.09,83.73,72.71
76.69,76.69,82.93,82.60,71.16
76.93,76.93,89.87,78.31,70.65
78.46,78.46,88.63,73.01,71.56
79.07,79.07,82.55,76.05,69.47
77.74,77.74,77.28,77.56,66.62
79.39,79.39,84.22,78.17,68.83
77.74,77.74,80.41,81.69,70.34
79.73,79.73,76.25,78.50,72.17
79.55,79.55,71.65,80.15,72.33
80.53,80.53,69.76,83.08,72.91
81.14,81.14,66.39,82.32,72.15
80.41,80.41,69.78,83.64,72.24
79.71,79.71,65.70,84.17,71.33
80.52,80.52,61.66,82.39,71.20
78.86,78.86,61.83,83.26,71.82
78.62,78.62,58.86,82.92,71.25
80.49,80.49,63.60,77.28,73.10
82.07,82.07,58.07,82.34,74.23
80.13,80.13,64.39,82.06,70.81
78.35,78.35,62.75,84.73,72.98
75.63,75.63,61.72,81.01,73.40
74.97,74.97,63.97,81.09,73.07
76.83,76.83,63.70,83.27,72.01
76.68,76.68,62.19,83.30,70.65
76.46,76.46,61.39,84.45,71.22
78.16,78.16,62.53,83.52,71.63
78.73,78.73,63.98,84.36,72.66
76.20,76.20,64.40,83.82,74.51
73.96,73.96,65.95,82.85,78.06
73.99,73.99,62.81,82.30,75.96
73.98,73.98,61.58,82.49,74.52
75.60,75.60,62.13,84.95,74.20
73.85,73.85,68.96,83.93,73.42
72.25,72.25,75.01,71.05,71.56
84.61,84.61,85.10,71.71,71.02
76.52,76.52,92.24,70.55,69.91
79.54,79.54,87.69,70.25,73.70
80.62,80.62,86.98,72.28,72.16
80.07,80.07,80.94,72.05,70.49
79.97,79.97,82.68,78.91,70.64
77.92,77.92,81.45,79.34,69.87
78.11,78.11,77.62,79.40,71.41
75.00,75.00,72.40,78.08,71.24
78.74,78.74,70.95,81.21,71.40
78.46,78.46,69.42,82.83,73.92
81.17,81.17,66.15,80.80,74.30
84.30,84.30,65.60,82.89,72.98
83.39,83.39,66.95,83.54,74.30
84.24,84.24,67.49,82.77,72.20
81.93,81.93,70.51,81.58,72.98
82.02,82.02,65.00,83.42,72.95
82.66,82.66,66.10,85.05,70.94
81.52,81.52,69.51,82.48,73.81
83.00,83.00,68.23,83.25,73.90
84.70,84.70,64.05,82.52,71.86
71.19,71.19,65.24,80.83,71.74
72.94,72.94,67.11,82.55,72.24
73.48,73.48,64.53,82.53,72.37
74.82,74.82,63.80,82.26,74.03
76.66,76.66,64.27,83.13,74.41
74.62,74.62,62.86,85.62,77.15
73.30,73.30,62.21,86.94,76.31
73.68,73.68,62.41,86.26,72.92
74.14,74.14,62.14,78.35,75.41
73.10,73.10,61.33,79.90,72.98
74.89,74.89,61.54,86.43,73.34
75.67,75.67,63.35,84.72,73.36
72.42,72.42,69.32,78.62,71.72
82.95,82.95,72.91,74.53,75.07
79.46,79.46,90.48,73.65,72.03
81.67,81.67,90.16,67.64,71.58
82.87,82.87,89.58,69.76,72.06
82.66,82.66,82.95,73.50,72.69
81.53,81.53,79.15,80.07,72.80
80.94,80.94,82.17,82.15,73.09
81.34,81.34,81.79,81.66,75.54
80.69,80.69,73.85,81.54,74.24
77.96,77.96,75.58,82.17,75.19
82.41,82.41,75.41,81.54,75.71
85.14,85.14,64.58,81.94,76.29
85.11,85.11,69.16,80.71,74.16
85.12,85.12,65.27,82.08,76.69
84.41,84.41,67.15,80.72,73.99
84.77,84.77,66.32,80.76,74.79
79.93,79.93,64.79,81.31,75.56
68.80,68.80,71.24,82.54,74.70
71.05,71.05,76.09,80.68,74.23
72.37,72.37,75.12,81.33,74.34
69.11,69.11,72.55,85.37,77.04
70.29,70.29,73.30,84.86,76.17
69.20,69.20,71.60,83.38,74.50
70.44,70.44,71.53,82.29,74.93
70.74,70.74,72.38,82.63,74.17
75.76,75.76,72.06,81.16,75.68
83.18,83.18,72.42,80.85,72.20
84.03,84.03,71.86,81.24,72.34
83.73,83.73,70.65,80.21,71.49
82.20,82.20,70.28,79.31,74.55
82.07,82.07,69.66,77.81,75.46
82.04,82.04,68.04,77.92,73.67
82.43,82.43,68.44,72.81,75.05
83.75,83.75,69.97,65.19,72.91
81.77,81.77,78.84,59.22,75.10
79.24,79.24,85.06,68.48,70.59
77.36,77.36,90.85,69.90,68.56
78.81,78.81,85.32,69.30,68.93
81.56,81.56,84.72,81.93,68.34
82.35,82.35,80.32,83.30,70.22
82.10,82.10,86.21,82.94,70.13
82.85,82.85,80.86,82.46,68.73
81.89,81.89,81.34,83.57,67.36
80.61,80.61,71.40,82.43,70.87
79.38,79.38,70.37,82.65,69.77
81.35,81.35,70.92,80.07,70.87
82.14,82.14,68.40,81.22,70.87
82.27,82.27,67.67,80.14,72.09
81.63,81.63,63.90,80.87,72.20
81.41,81.41,66.24,83.00,73.52
81.25,81.25,68.50,82.56,74.78
83.07,83.07,72.12,84.52,74.96
82.13,82.13,77.84,81.19,73.77
80.35,80.35,75.92,81.65,74.22
82.76,82.76,75.66,80.49,77.53
81.43,81.43,74.24,81.12,76.18
79.78,79.78,73.52,75.02,76.82
79.68,79.68,72.88,75.07,75.28
77.88,77.88,72.52,76.93,75.66
78.32,78.32,71.80,77.37,74.22
79.36,79.36,71.53,76.87,74.95
78.32,78.32,70.71,79.40,75.63
76.37,76.37,71.76,80.37,75.92
70.91,70.91,71.63,79.98,75.07
71.33,71.33,70.74,80.84,75.29
75.69,75.69,69.07,80.49,73.13
78.38,78.38,67.04,82.41,74.16
80.24,80.24,67.00,80.03,72.56
78.85,78.85,73.44,77.40,73.10
78.35,78.35,77.16,63.03,72.93
68.49,68.49,91.83,70.53,71.56
70.97,70.97,88.92,71.17,72.28
68.08,68.08,86.84,80.01,70.36
69.10,69.10,86.09,84.65,70.82
69.88,69.88,80.13,83.52,71.47
68.05,68.05,85.84,83.86,71.24
68.33,68.33,82.98,84.29,71.89
70.21,70.21,72.99,83.33,72.04
68.69,68.69,71.15,82.33,73.49
63.82,63.82,68.75,80.46,73.49
66.35,66.35,67.88,82.36,75.47
69.28,69.28,68.17,81.91,73.67
65.53,65.53,71.17,84.31,74.30
59.81,59.81,67.29,83.19,75.98
56.57,56.57,67.51,84.56,73.74
61.25,61.25,65.74,83.02,73.33
65.27,65.27,79.87,81.42,74.69
58.40,58.40,79.90,81.63,74.94
60.31,60.31,78.42,78.85,77.44
56.72,56.72,77.10,85.56,76.24
52.56,52.56,76.57,80.61,75.33
53.91,53.91,75.41,76.98,74.06
56.60,56.60,75.31,77.40,74.17
57.10,57.10,74.73,78.26,73.64
62.82,62.82,74.04,78.78,74.09
60.59,60.59,73.82,74.68,75.34
55.37,55.37,74.35,74.43,74.57
59.36,59.36,74.26,75.30,74.99
58.56,58.56,72.75,71.89,75.08
56.58,56.58,73.16,72.60,74.42
56.09,56.09,72.16,67.56,76.56
57.92,57.92,72.28,72.26,75.81
57.83,57.83,73.39,67.53,76.27
56.84,56.84,78.38,57.82,76.01
55.23,55.23,89.74,71.16,74.85
46.87,46.87,90.27,70.76,73.46
50.62,50.62,87.05,83.26,73.38
56.88,56.88,84.43,83.74,71.98
49.62,49.62,80.40,84.61,71.48
42.65,42.65,81.56,82.07,75.32
54.84,54.84,82.19,81.42,75.51
51.72,51.72,73.76,83.93,71.90
51.78,51.78,71.60,83.15,71.46
51.06,51.06,72.03,84.97,74.96
48.89,48.89,69.15,83.31,74.47
45.18,45.18,67.40,83.55,74.21
45.50,45.50,67.41,82.04,75.42
45.49,45.49,68.35,83.09,76.89
51.37,51.37,69.41,84.39,76.86
53.79,53.79,67.14,83.09,75.11
54.78,54.78,79.02,82.97,77.93
52.31,52.31,78.80,84.22,74.63
55.25,55.25,77.40,82.23,76.01
56.88,56.88,77.85,76.07,75.57
54.37,54.37,76.76,80.17,76.10
51.24,51.24,75.91,80.18,77.13
48.90,48.90,74.64,81.14,75.03
58.81,58.81,74.35,82.78,73.89
67.19,67.19,73.95,81.34,73.95
74.78,74.78,73.35,82.58,75.70
75.24,75.24,72.10,83.27,76.86
76.16,76.16,73.03,80.26,74.55
77.79,77.79,72.89,73.96,72.85
75.94,75.94,71.08,80.06,72.74
72.04,72.04,68.88,78.52,70.07
67.42,67.42,66.43,76.50,73.12
75.55,75.55,70.85,75.79,72.55
77.83,77.83,77.49,76.28,72.61
82.54,82.54,91.84,74.62,70.24
80.50,80.50,89.61,73.66,69.36
82.66,82.66,83.32,81.71,69.06
81.62,81.62,81.45,82.24,68.20
80.82,80.82,79.35,83.76,67.78
82.63,82.63,81.27,80.24,68.59
80.63,80.63,78.46,81.78,69.27
79.28,79.28,71.79,84.46,68.90
75.08,75.08,71.48,84.70,70.26
67.79,67.79,71.15,84.70,72.09
71.56,71.56,69.90,84.85,72.46
75.55,75.55,68.06,85.70,71.13
86.26,86.26,65.14,83.34,73.07
86.17,86.17,65.41,83.57,71.23
89.61,89.61,65.50,85.02,69.07
87.51,87.51,67.28,83.50,68.67
81.51,81.51,67.40,81.50,69.63
75.45,75.45,73.34,84.39,71.66
80.13,80.13,74.64,83.93,71.55
76.09,76.09,73.13,85.08,73.17
78.26,78.26,70.77,81.23,71.78
80.14,80.14,68.68,82.69,74.01
81.53,81.53,65.16,80.72,75.44
80.68,80.68,63.62,80.81,76.40
81.92,81.92,63.42,81.82,77.35
81.26,81.26,63.96,80.84,77.43
80.52,80.52,64.71,81.04,75.59
79.96,79.96,65.87,81.06,74.49
75.60,75.60,67.75,79.66,75.41
81.67,81.67,67.79,79.55,74.35
84.80,84.80,66.57,78.02,73.16
84.28,84.28,67.41,76.62,72.45
82.77,82.77,70.11,73.92,73.71
81.33,81.33,79.19,62.94,73.08
77.20,77.20,91.38,72.95,73.32
80.41,80.41,89.00,68.35,69.74
78.04,78.04,88.13,77.79,67.80
79.16,79.16,78.89,84.00,70.26
69.66,69.66,78.18,84.02,71.78
71.19,71.19,85.90,83.95,71.66
70.46,70.46,80.54,83.24,73.91
72.96,72.96,72.57,84.13,74.86
68.72,68.72,71.23,85.62,71.80
69.19,69.19,71.65,84.47,71.91
78.66,78.66,72.32,83.47,70.75
87.76,87.76,69.51,83.74,71.58
88.00,88.00,69.30,82.58,70.55
86.24,86.24,68.17,83.27,69.78
83.92,83.92,67.76,82.86,70.40
83.50,83.50,69.09,83.59,70.83
84.06,84.06,73.18,83.74,71.78
83.26,83.26,78.44,75.25,73.74
83.13,83.13,77.37,81.32,70.67
77.17,77.17,76.97,84.39,71.01
78.58,78.58,75.36,82.14,71.05
76.90,76.90,73.93,84.32,72.21
77.52,77.52,73.67,83.95,72.08
77.68,77.68,73.32,83.07,72.07
80.38,80.38,72.36,84.19,70.57
80.80,80.80,70.95,84.22,72.79
81.55,81.55,72.62,83.36,72.50
82.34,82.34,71.36,85.10,71.05
81.49,81.49,69.83,84.32,71.22
78.98,78.98,67.42,84.53,71.05
77.72,77.72,66.81,85.69,71.41
76.71,76.71,62.75,84.56,72.31
75.39,75.39,63.95,83.15,74.22
79.07,79.07,68.35,79.20,73.70
78.58,78.58,78.87,67.41,72.86
77.47,77.47,91.34,76.43,69.32
80.64,80.64,86.71,78.10,69.68
81.98,81.98,87.61,81.54,67.82
82.13,82.13,82.84,82.50,69.74
81.05,81.05,78.70,79.95,68.96
81.41,81.41,84.96,78.61,69.56
81.83,81.83,79.44,81.77,67.77
81.68,81.68,73.55,80.57,69.53
78.13,78.13,74.97,81.62,70.08
75.96,75.96,74.39,81.80,69.85
77.21,77.21,72.66,80.93,69.20
80.62,80.62,70.42,82.11,69.87
80.25,80.25,71.06,81.35,71.54
79.60,79.60,70.75,82.87,72.22
75.61,75.61,69.44,83.19,72.91
67.68,67.68,71.93,83.70,71.04
73.17,73.17,82.14,77.80,72.82
77.07,77.07,83.00,77.45,71.42
78.80,78.80,81.50,80.31,71.76
80.35,80.35,78.17,84.08,71.84
83.95,83.95,76.35,82.70,71.39
86.06,86.06,75.49,84.27,71.59
85.63,85.63,74.61,82.94,71.65
79.96,79.96,72.44,81.59,73.47
72.81,72.81,75.78,83.14,74.16
68.71,68.71,78.63,83.11,72.37
63.91,63.91,81.36,83.00,72.55
61.26,61.26,81.40,84.29,73.72
56.79,56.79,80.10,81.84,73.18
53.12,53.12,76.96,82.41,73.44
55.65,55.65,74.64,83.03,75.08
58.87,58.87,75.38,81.04,73.95
67.73,67.73,74.11,78.20,74.68
74.36,74.36,81.77,74.20,72.17
79.24,79.24,91.50,74.86,71.13
80.51,80.51,88.76,73.92,71.68
81.37,81.37,86.35,75.15,72.34
83.60,83.60,80.07,82.64,70.41
87.18,87.18,77.31,82.94,69.60
79.12,79.12,80.57,82.38,70.92
86.84,86.84,77.90,83.00,71.76
85.75,85.75,70.11,82.11,73.56
82.59,82.59,68.86,82.92,73.50
83.85,83.85,72.50,82.70,72.28
85.06,85.06,69.85,82.99,69.21
83.63,83.63,67.14,84.18,70.89
82.97,82.97,64.84,82.62,72.07
84.17,84.17,66.66,81.90,72.22
84.03,84.03,65.87,81.48,70.97
81.72,81.72,69.21,82.74,69.66
80.94,80.94,79.35,80.68,69.21
80.84,80.84,82.53,83.23,66.82
82.28,82.28,81.35,78.41,66.70
81.99,81.99,77.90,83.01,67.88
84.92,84.92,76.59,81.94,70.20
80.66,80.66,76.18,82.02,71.07
79.34,79.34,76.27,85.20,71.43
84.13,84.13,75.13,85.12,71.83
80.37,80.37,73.76,84.76,72.24
85.58,85.58,72.24,84.31,72.95
80.98,80.98,71.71,82.30,71.72
77.69,77.69,72.22,82.65,72.44
76.91,76.91,72.36,77.43,72.42
76.45,76.45,70.65,77.00,72.80
74.80,74.80,71.25,76.77,72.81
71.85,71.85,69.10,80.92,73.12
68.46,68.46,73.05,81.40,71.01
71.17,71.17,75.61,77.69,70.22
75.53,75.53,87.69,79.63,72.94
85.25,85.25,87.78,67.59,70.05
80.98,80.98,85.09,79.68,70.46
80.81,80.81,80.81,82.77,68.64
81.22,81.22,81.88,82.83,70.78
81.59,81.59,81.47,81.23,67.71
79.71,79.71,79.72,82.21,67.98
80.12,80.12,79.10,83.86,71.51
75.47,75.47,77.32,84.53,70.08
77.96,77.96,76.26,85.03,74.15
80.81,80.81,76.65,84.73,73.16
82.26,82.26,75.74,84.30,73.51
85.55,85.55,75.29,83.08,72.29
81.26,81.26,74.36,83.16,73.01
78.46,78.46,74.62,83.62,73.87
79.33,79.33,73.99,82.88,73.18
79.67,79.67,75.21,82.49,74.31
79.49,79.49,76.37,83.12,74.02
76.06,76.06,77.74,86.00,76.35
72.71,72.71,78.50,85.29,72.83
65.11,65.11,77.37,85.30,72.99
59.11,59.11,75.61,85.50,71.79
59.88,59.88,76.14,85.76,72.17
56.40,56.40,75.12,86.44,71.89
56.63,56.63,74.51,86.24,73.60
61.48,61.48,75.79,86.30,75.25
61.83,61.83,74.31,85.95,74.03
70.61,70.61,74.54,85.83,75.78
80.24,80.24,73.97,85.96,75.90
83.45,83.45,73.85,85.34,73.77
85.00,85.00,73.12,84.64,73.80
83.84,83.84,72.19,84.50,75.36
83.18,83.18,73.32,83.10,75.62
80.75,80.75,76.01,82.46,72.21
72.15,72.15,90.88,80.97,69.47
63.62,63.62,88.05,70.28,68.85
56.82,56.82,86.05,71.13,71.14
60.12,60.12,81.60,81.31,70.96
59.47,59.47,82.32,84.04,73.39
59.07,59.07,83.45,82.07,72.78
59.80,59.80,82.61,82.46,73.40
62.23,62.23,74.52,83.06,73.31
61.26,61.26,73.27,83.54,74.37
63.68,63.68,74.56,84.11,70.74
77.16,77.16,73.14,83.03,73.09
82.82,82.82,70.86,81.60,77.08
80.47,80.47,70.77,81.39,74.60
79.30,79.30,69.98,82.73,74.05
81.69,81.69,68.20,83.17,75.73
82.46,82.46,68.46,83.25,75.36
82.60,82.60,68.40,81.93,73.07
80.55,80.55,71.44,79.57,72.93
77.79,77.79,78.49,82.56,70.42
76.59,76.59,77.53,86.01,72.29
81.12,81.12,76.71,86.00,72.67
82.84,82.84,74.83,85.46,72.35
84.39,84.39,75.02,85.40,72.67
85.86,85.86,74.23,85.24,73.31
85.63,85.63,73.25,85.26,72.11
82.77,82.77,74.12,84.86,74.58
78.74,78.74,74.21,84.88,73.05
84.44,84.44,74.26,84.42,74.94
82.30,82.30,72.91,83.65,74.64
80.04,80.04,72.15,83.03,74.69
79.03,79.03,71.86,83.36,74.27
78.25,78.25,70.94,82.54,73.53
75.37,75.37,71.25,82.44,73.67
73.59,73.59,71.78,82.27,71.65
73.02,73.02,83.00,80.60,72.44
79.45,79.45,88.33,69.27,72.18
80.42,80.42,89.32,67.14,75.10
79.90,79.90,86.04,76.76,74.17
81.54,81.54,81.41,81.29,73.82
80.00,80.00,80.71,80.69,71.86
80.35,80.35,80.25,81.41,71.76
80.77,80.77,75.96,81.74,71.25
80.11,80.11,75.10,81.54,70.14
75.00,75.00,70.84,81.10,70.96
68.41,68.41,70.60,81.73,72.83
67.58,67.58,70.44,82.72,74.00
65.01,65.01,70.05,83.39,72.97
69.31,69.31,70.65,83.62,72.83
70.45,70.45,70.13,82.82,71.24
75.45,75.45,68.69,82.46,71.34
74.82,74.82,68.83,82.44,72.45
78.47,78.47,68.92,82.36,74.51
79.17,79.17,76.31,83.01,73.72
81.66,81.66,76.86,76.75,76.39
84.85,84.85,77.23,77.69,76.31
79.31,79.31,76.11,79.16,75.35
83.56,83.56,74.92,77.65,73.86
83.47,83.47,74.94,78.52,72.05
84.86,84.86,74.31,78.55,74.11
84.15,84.15,72.82,79.00,74.61
80.81,80.81,73.73,79.93,74.82
82.91,82.91,71.96,80.01,75.67
83.40,83.40,70.96,80.78,73.31
83.34,83.34,71.43,81.87,72.35
81.28,81.28,70.78,82.41,71.66
79.74,79.74,71.19,83.21,72.44
79.50,79.50,71.50,83.21,70.77
85.50,85.50,74.93,81.42,67.93
83.30,83.30,81.50,79.64,69.36
79.84,79.84,87.40,70.45,68.15
78.67,78.67,87.02,65.24,71.00
80.70,80.70,85.38,75.34,70.83
83.04,83.04,84.18,79.49,71.64
86.19,86.19,79.37,80.03,72.49
78.81,78.81,80.42,81.46,71.70
84.52,84.52,77.18,81.49,72.02
83.49,83.49,73.35,81.47,70.26
85.59,85.59,70.12,82.15,70.51
80.95,80.95,70.97,81.96,69.34
83.56,83.56,70.41,81.71,69.28
82.78,82.78,69.12,82.10,70.09
85.20,85.20,68.72,82.24,69.28
80.20,80.20,65.76,83.04,71.56
81.29,81.29,64.33,83.29,72.43
82.15,82.15,61.93,83.40,74.31
80.64,80.64,64.67,82.13,72.47
78.13,78.13,78.60,84.16,72.73
75.59,75.59,77.88,86.32,72.26
73.76,73.76,76.93,85.31,72.66
67.03,67.03,75.43,85.40,70.69
60.29,60.29,75.34,86.22,70.40
63.60,63.60,75.62,87.29,70.62
62.26,62.26,73.64,87.52,72.05
64.38,64.38,74.61,86.94,74.17
66.27,66.27,73.38,84.01,76.75
66.02,66.02,72.41,83.09,75.70
80.09,80.09,73.11,78.14,74.88
70.46,70.46,72.09,78.73,74.80
65.41,65.41,72.51,77.15,74.76
66.48,66.48,70.09,81.72,73.36
65.90,65.90,70.13,77.29,71.18
69.79,69.79,72.07,75.36,72.91
76.77,76.77,81.23,77.30,72.74
78.27,78.27,84.01,73.65,73.82
79.17,79.17,88.84,70.61,65.85
81.33,81.33,87.31,72.53,66.29
84.37,84.37,83.03,80.89,67.73
83.00,83.00,82.45,84.11,69.37
81.97,81.97,81.87,84.70,69.61
80.25,80.25,82.66,85.63,72.15
81.74,81.74,78.09,85.57,71.66
79.92,79.92,72.32,84.16,70.56
78.85,78.85,68.03,85.38,74.10
81.10,81.10,66.11,84.30,72.48
82.12,82.12,66.32,80.90,73.41
82.86,82.86,67.85,83.80,72.75
83.47,83.47,64.13,84.13,75.18
84.17,84.17,66.96,85.09,73.96
84.74,84.74,66.59,85.51,72.41
84.44,84.44,64.59,83.78,71.15
82.45,82.45,72.00,84.09,71.08
82.22,82.22,78.96,83.95,72.07
74.34,74.34,77.34,81.73,72.40
76.05,76.05,75.51,83.33,71.32
71.85,71.85,75.76,82.69,74.25
65.15,65.15,73.47,84.88,72.82
66.02,66.02,72.87,85.33,72.92
69.71,69.71,72.51,83.37,72.86
69.56,69.56,72.41,85.62,73.13
86.04,86.04,71.13,83.01,71.66
83.72,83.72,72.24,83.83,73.43
81.10,81.10,71.56,83.44,74.07
79.80,79.80,70.86,82.63,72.99
80.45,80.45,69.55,83.19,74.18
81.44,81.44,69.36,83.13,73.57
80.64,80.64,68.72,81.42,71.79
80.90,80.90,71.22,81.75,71.03
76.30,76.30,81.90,75.68,72.51
75.62,75.62,89.14,76.68,69.89
77.94,77.94,87.97,75.62,71.34
77.54,77.54,86.33,77.04,71.67
78.69,78.69,83.91,81.39,72.26
73.88,73.88,81.73,84.74,72.10
79.92,79.92,83.72,83.03,74.68
81.51,81.51,79.02,83.74,73.74
72.52,72.52,70.11,83.52,72.55
78.49,78.49,71.35,83.38,74.52
71.67,71.67,70.62,82.03,72.73
73.83,73.83,68.94,79.46,72.92
80.44,80.44,68.47,83.69,73.68
76.46,76.46,66.93,84.40,74.12
76.49,76.49,66.78,82.97,71.41
81.30,81.30,63.84,86.51,70.09
79.94,79.94,63.50,86.53,70.45
80.68,80.68,66.49,82.29,72.01
82.49,82.49,77.34,83.43,71.08
80.94,80.94,78.28,83.10,73.23
78.22,78.22,75.72,84.88,73.84
79.99,79.99,74.31,83.97,72.51
80.79,80.79,74.22,85.06,72.39
80.25,80.25,72.87,83.42,70.56
78.82,78.82,72.11,84.80,70.13
79.12,79.12,71.67,83.92,68.76
78.35,78.35,70.96,83.84,69.96
80.35,80.35,70.61,83.62,71.27
80.16,80.16,70.51,83.58,69.19
81.26,81.26,70.61,83.16,70.08
81.64,81.64,68.67,84.19,71.03
80.68,80.68,68.48,82.32,72.99
79.66,79.66,69.85,83.60,74.91
77.24,77.24,71.00,81.38,74.05
78.28,78.28,78.25,75.93,72.22
76.23,76.23,91.09,71.43,70.27
76.98,76.98,88.93,65.73,72.00
77.80,77.80,87.78,70.10,71.37
77.21,77.21,82.10,77.88,71.17
77.75,77.75,80.17,85.80,72.84
78.19,78.19,87.29,84.45,72.59
80.60,80.60,79.87,79.93,73.34
80.04,80.04,74.75,84.70,70.96
79.95,79.95,72.21,84.96,69.55
79.08,79.08,68.56,83.95,72.41
78.84,78.84,67.85,85.03,71.45
78.01,78.01,69.72,83.61,73.80
80.16,80.16,67.48,82.64,74.95
79.42,79.42,65.20,84.68,71.52
79.50,79.50,64.58,84.00,70.30
80.19,80.19,64.71,85.83,69.21
81.57,81.57,66.10,85.75,68.90
81.01,81.01,78.85,83.48,70.07
79.75,79.75,77.73,83.57,69.04
78.32,78.32,75.70,82.83,70.18
73.27,73.27,73.34,82.56,71.14
74.95,74.95,71.06,84.53,73.37
76.51,76.51,68.68,81.25,73.93
78.59,78.59,65.72,84.82,74.97
78.97,78.97,64.36,83.93,72.90
78.06,78.06,63.70,83.74,73.61
77.57,77.57,65.52,83.75,75.43
77.15,77.15,64.96,83.85,73.40
76.05,76.05,62.94,83.06,74.95
75.72,75.72,61.77,82.73,74.75
77.28,77.28,61.90,78.73,74.81
78.03,78.03,63.76,80.59,74.55
72.23,72.23,71.79,77.06,73.87
71.20,71.20,76.60,78.11,71.35
81.37,81.37,88.26,77.92,70.38
78.59,78.59,87.65,71.47,69.68
79.32,79.32,88.99,73.83,70.59
80.13,80.13,82.35,75.35,72.19
80.14,80.14,80.15,79.07,74.70
78.36,78.36,82.29,76.18,72.18
79.86,79.86,81.99,76.14,73.11
77.02,77.02,72.61,77.91,75.44
74.98,74.98,71.04,75.93,75.13
78.94,78.94,68.98,75.40,76.49
76.56,76.56,69.37,78.00,75.91
81.69,81.69,68.67,78.66,77.11
86.67,86.67,67.64,76.57,72.91
86.20,86.20,67.10,78.71,75.87
86.04,86.04,67.21,79.50,73.28
86.05,86.05,66.26,78.12,73.24
84.06,84.06,69.23,76.81,74.16
83.30,83.30,78.65,79.32,76.15
83.13,83.13,77.77,82.27,72.28
82.99,82.99,75.55,78.53,72.46
79.86,79.86,73.02,80.01,69.52
73.04,73.04,72.18,81.33,70.47
74.53,74.53,69.92,83.80,69.18
77.87,77.87,70.30,85.94,70.36
77.97,77.97,67.86,85.95,73.10
77.68,77.68,65.78,85.30,74.56
78.97,78.97,67.11,82.35,74.53
77.73,77.73,66.46,76.93,73.79
77.28,77.28,65.11,81.98,74.69
77.22,77.22,63.74,85.51,73.69
76.76,76.76,63.36,76.71,72.35
77.35,77.35,63.60,82.96,72.81
75.61,75.61,69.14,76.19,71.32
69.67,69.67,79.00,73.39,70.62
83.61,83.61,87.03,69.78,74.38
80.50,80.50,88.67,71.70,73.20
80.92,80.92,86.80,72.23,73.47
82.65,82.65,83.48,78.81,72.10
81.33,81.33,82.30,84.01,75.27
80.41,80.41,80.17,82.71,76.13
80.39,80.39,81.40,83.44,74.15
80.70,80.70,75.39,82.63,74.14
76.50,76.50,71.26,84.71,74.97
77.53,77.53,69.07,81.31,73.98
79.78,79.78,68.26,82.32,74.38
74.27,74.27,67.69,83.62,74.63
85.44,85.44,66.54,82.82,72.62
85.61,85.61,64.21,82.42,74.52
85.00,85.00,65.81,81.33,71.93
84.45,84.45,65.95,83.40,71.92
83.94,83.94,66.49,83.07,72.38
79.10,79.10,71.47,86.29,71.59
69.77,69.77,76.44,84.29,73.95
70.34,70.34,74.82,81.80,73.96
69.53,69.53,73.88,81.35,73.18
72.18,72.18,72.57,82.94,74.91
70.41,70.41,72.49,84.09,75.01
68.78,68.78,72.03,84.49,76.00
68.99,68.99,71.73,85.86,74.93
70.99,70.99,70.91,85.91,72.05
74.44,74.44,71.81,86.12,73.11
81.42,81.42,72.61,86.95,71.44
84.23,84.23,71.13,85.24,71.97
84.92,84.92,69.59,85.57,71.86
84.98,84.98,68.49,86.18,72.54
83.11,83.11,69.17,85.24,74.08
80.92,80.92,68.07,85.82,71.03
81.37,81.37,72.38,84.81,72.36
80.90,80.90,79.29,84.84,73.51
78.43,78.43,89.38,82.60,73.11
80.16,80.16,87.04,76.95,70.37
81.95,81.95,88.23,69.19,71.70
83.18,83.18,81.04,71.72,71.67
81.56,81.56,80.57,79.55,72.70
81.25,81.25,86.44,83.42,72.50
82.53,82.53,79.50,81.43,70.67
80.38,80.38,74.38,81.04,72.82
80.60,80.60,69.18,79.64,72.14
82.17,82.17,67.22,79.23,73.02
80.88,80.88,70.66,83.39,73.59
81.57,81.57,68.79,83.30,71.56
80.65,80.65,68.80,85.61,73.30
81.76,81.76,65.51,84.54,73.47
79.20,79.20,64.66,84.90,73.04
77.77,77.77,67.89,84.04,74.04
74.40,74.40,78.92,80.19,77.64
71.19,71.19,78.42,82.30,74.52
76.21,76.21,78.35,81.37,74.42
77.34,77.34,76.37,82.99,77.66
77.26,77.26,76.33,76.70,75.74
77.39,77.39,73.90,77.07,75.27
79.95,79.95,74.75,81.08,77.11
78.77,78.77,73.50,80.09,75.36
76.98,76.98,73.07,81.56,75.72
81.67,81.67,72.78,79.01,73.83
75.94,75.94,72.82,79.95,73.77
77.09,77.09,72.62,80.87,75.34
75.59,75.59,72.40,81.17,74.81
76.74,76.74,72.43,80.00,74.62
78.44,78.44,70.97,79.80,73.45
79.61,79.61,71.35,82.15,73.53
78.44,78.44,71.06,79.92,72.09
72.89,72.89,78.31,80.68,72.94
71.11,71.11,92.25,79.96,68.24
73.76,73.76,86.71,81.59,69.45
72.67,72.67,87.51,81.09,68.84
69.37,69.37,83.57,79.13,70.24
70.32,70.32,84.13,82.29,69.92
71.00,71.00,85.48,81.10,69.89
64.98,64.98,82.36,80.07,72.48
66.67,66.67,72.25,82.03,73.05
67.21,67.21,72.27,82.58,73.53
66.43,66.43,69.73,82.53,73.89
67.62,67.62,69.99,83.35,73.25
66.25,66.25,69.20,82.39,76.60
64.36,64.36,67.33,81.29,75.39
62.24,62.24,68.99,81.43,76.63
62.46,62.46,69.61,83.48,73.27
64.82,64.82,69.06,82.54,74.69
60.57,60.57,72.38,82.81,74.86
63.62,63.62,77.96,82.29,73.59
62.13,62.13,77.50,81.93,73.98
58.52,58.52,77.96,82.11,73.80
51.87,51.87,76.68,77.70,73.31
54.37,54.37,76.38,83.85,74.51
56.20,56.20,75.87,85.15,71.89
54.90,54.90,74.56,85.63,72.82
55.94,55.94,74.27,86.94,72.26
58.40,58.40,73.22,86.55,72.05
59.48,59.48,73.14,86.55,73.71
58.22,58.22,73.61,86.63,74.72
57.26,57.26,72.57,85.77,75.17
54.56,54.56,72.43,87.51,75.92
58.30,58.30,72.04,86.79,75.03
57.36,57.36,71.51,85.84,75.53
57.86,57.86,73.31,86.38,73.48
58.51,58.51,78.11,84.49,74.27
52.80,52.80,86.16,85.06,71.80
45.17,45.17,90.15,82.41,71.30
45.93,45.93,86.63,73.22,71.10
52.62,52.62,87.04,78.17,72.18
48.35,48.35,79.50,84.10,70.96
51.44,51.44,85.88,81.04,71.41
54.39,54.39,84.53,80.16,73.46
47.98,47.98,82.96,79.44,74.16
40.84,40.84,71.50,81.49,71.79
43.57,43.57,70.87,82.85,72.91
44.59,44.59,69.92,83.94,73.14
47.25,47.25,71.44,83.14,72.91
37.68,37.68,70.82,82.06,71.70
40.51,40.51,67.34,83.16,72.66
47.69,47.69,67.73,80.80,70.87
57.74,57.74,67.53,83.13,70.26
64.84,64.84,65.82,81.47,72.93
77.83,77.83,77.27,82.05,73.17
80.90,80.90,79.18,81.93,72.07
79.86,79.86,76.54,76.22,70.90
79.93,79.93,76.37,82.04,72.62
79.64,79.64,74.96,76.82,73.55
76.85,76.85,73.91,79.98,74.02
76.30,76.30,74.07,79.66,75.00
75.92,75.92,74.17,79.75,73.51
78.94,78.94,73.40,79.69,71.72
81.02,81.02,72.52,85.22,71.20
79.69,79.69,72.08,86.86,70.44
76.95,76.95,71.83,84.46,71.04
70.54,70.54,72.42,77.62,71.42
71.55,71.55,72.98,84.91,73.01
76.15,76.15,70.71,78.41,71.37
80.54,80.54,72.28,82.78,72.02
78.12,78.12,76.36,75.46,68.69
73.12,73.12,86.29,70.98,67.75
76.43,76.43,88.54,63.94,69.65
78.90,78.90,88.37,66.57,70.31
83.32,83.32,87.53,75.12,70.10
82.84,82.84,81.87,78.88,69.89
82.03,82.03,82.76,83.25,70.44
81.92,81.92,83.08,83.48,72.34
82.72,82.72,78.04,81.95,74.39
81.79,81.79,77.27,82.91,74.37
81.81,81.81,75.93,81.64,72.83
81.63,81.63,76.39,82.67,71.11
83.10,83.10,75.91,82.52,69.53
83.04,83.04,75.24,82.15,67.86
83.00,83.00,74.37,83.38,69.24
82.69,82.69,74.00,82.20,68.39
81.62,81.62,74.06,81.94,67.88
81.15,81.15,74.36,82.73,67.85
82.16,82.16,75.49,81.38,68.84
82.03,82.03,78.02,79.26,71.44
81.07,81.07,77.22,82.07,69.57
81.90,81.90,77.90,77.50,67.12
83.04,83.04,75.72,79.84,69.77
82.49,82.49,76.35,78.51,71.22
78.57,78.57,74.22,78.14,70.45
74.42,74.42,72.53,81.11,71.33
73.63,73.63,72.66,82.85,69.90
74.90,74.90,71.47,80.65,69.18
75.86,75.86,71.09,79.09,69.99
76.51,76.51,69.59,85.17,72.06
75.50,75.50,69.48,82.17,70.95
70.83,70.83,70.20,79.98,71.12
65.36,65.36,69.26,77.54,70.96
60.91,60.91,72.27,77.32,70.11
58.00,58.00,74.77,79.44,69.10
61.79,61.79,88.66,79.08,67.60
65.92,65.92,90.54,76.94,67.50
69.68,69.68,87.42,76.00,64.43
78.24,78.24,84.84,83.19,66.05
80.71,80.71,79.29,82.47,66.77
79.90,79.90,83.49,81.56,72.12
80.98,80.98,83.46,82.97,73.61
82.27,82.27,76.02,81.87,74.95
83.04,83.04,76.22,81.66,72.86
82.86,82.86,72.55,83.22,70.53
78.94,78.94,71.85,82.84,70.74
79.28,79.28,71.67,83.61,70.29
79.53,79.53,70.87,83.05,67.67
80.61,80.61,69.45,83.80,64.12
79.69,79.69,68.42,84.74,63.73
80.49,80.49,68.71,82.99,64.94
81.55,81.55,67.17,73.24,67.82
81.03,81.03,71.65,75.13,68.32
78.93,78.93,79.38,78.94,69.55
79.78,79.78,79.13,77.52,70.02
80.10,80.10,77.77,83.42,71.18
80.03,80.03,76.09,81.75,73.88
80.36,80.36,76.91,83.40,71.66
78.40,78.40,75.84,82.34,71.62
78.58,78.58,74.98,82.71,72.67
83.00,83.00,74.88,80.47,68.78
81.70,81.70,74.07,78.25,69.07
80.78,80.78,72.44,73.40,70.66
84.88,84.88,73.70,74.30,67.37
79.15,79.15,73.24,78.44,68.14
80.95,80.95,72.81,77.53,70.80
79.03,79.03,71.68,77.94,70.18
77.82,77.82,73.07,80.43,68.35
76.11,76.11,77.39,76.78,63.68
76.89,76.89,78.97,69.53,66.32
71.88,71.88,91.24,75.08,64.28
75.37,75.37,88.95,70.10,66.39
79.11,79.11,87.95,79.76,66.72
83.71,83.71,79.89,84.34,67.94
83.69,83.69,82.64,83.66,67.62
83.31,83.31,85.34,83.37,67.45
83.57,83.57,76.32,83.88,72.18
83.22,83.22,72.01,82.50,74.45
84.12,84.12,73.68,83.93,73.98
83.94,83.94,71.93,83.07,74.55
83.99,83.99,69.93,84.31,73.13
83.57,83.57,69.09,83.90,71.10
84.15,84.15,70.05,83.23,71.80
84.37,84.37,68.58,83.46,71.92
84.34,84.34,68.43,84.29,70.60
84.32,84.32,68.01,83.29,71.39
83.76,83.76,71.08,82.45,70.29
83.25,83.25,76.17,80.85,67.54
82.29,82.29,76.46,79.24,70.41
80.38,80.38,75.71,74.15,69.08
79.06,79.06,75.84,77.42,71.02
79.66,79.66,74.61,81.16,72.14
78.81,78.81,73.49,80.66,70.02
74.85,74.85,72.13,83.23,71.25
71.22,71.22,71.95,82.62,70.48
72.17,72.17,71.91,80.79,67.61
73.94,73.94,71.32,81.32,68.21
74.32,74.32,72.29,82.81,70.91
75.26,75.26,71.35,85.71,72.43
78.93,78.93,71.19,86.21,68.99
81.30,81.30,69.01,84.11,70.64
74.59,74.59,69.27,80.95,68.66
69.79,69.79,70.38,79.85,66.43
69.11,69.11,78.27,70.50,67.10
69.51,69.51,86.22,69.88,66.85
64.50,64.50,89.04,74.59,68.67
73.85,73.85,87.01,82.04,71.22
78.57,78.57,85.92,85.46,72.27
80.88,80.88,80.17,84.63,70.32
80.24,80.24,85.25,85.16,71.44
79.65,79.65,82.78,84.29,72.12
81.29,81.29,74.98,84.72,73.63
81.08,81.08,75.25,85.07,72.18
82.06,82.06,72.00,82.32,69.82
82.41,82.41,72.19,83.93,70.92
82.42,82.42,71.19,84.02,70.91
80.54,80.54,67.43,83.07,71.96
79.05,79.05,66.49,84.22,71.30
77.55,77.55,67.45,82.87,70.98
74.91,74.91,66.79,83.03,70.59
73.62,73.62,72.33,84.52,65.66
74.08,74.08,80.18,80.99,69.20
73.46,73.46,82.23,79.01,70.83
72.48,72.48,81.61,80.82,70.36
74.12,74.12,79.00,75.84,70.06
75.11,75.11,75.66,75.06,69.76
78.22,78.22,72.89,78.91,74.01
79.09,79.09,71.69,79.48,77.05
78.27,78.27,69.72,79.88,78.35
79.92,79.92,70.75,72.72,73.44
78.49,78.49,72.95,74.49,67.02
76.81,76.81,81.47,78.19,68.73
77.59,77.59,82.55,72.80,66.53
76.70,76.70,79.85,73.85,64.11
78.81,78.81,77.99,73.68,67.73
78.07,78.07,74.90,81.52,68.36
76.90,76.90,74.31,79.60,72.35
75.54,75.54,77.76,79.63,69.87
76.09,76.09,87.31,79.83,66.86
79.44,79.44,89.76,75.56,66.08
81.69,81.69,88.10,66.71,70.21
83.79,83.79,84.26,70.45,70.84
86.48,86.48,78.34,82.44,70.30
85.97,85.97,82.15,82.48,70.46
86.69,86.69,83.69,82.06,69.29
87.23,87.23,78.72,80.77,68.62
87.25,87.25,76.89,80.12,70.96
86.36,86.36,75.48,80.76,69.12
86.82,86.82,76.07,79.61,70.04
86.45,86.45,76.27,81.83,70.55
86.40,86.40,75.49,82.13,69.99
86.00,86.00,75.67,82.34,69.31
86.29,86.29,75.77,82.61,69.68
86.86,86.86,73.76,83.16,70.94
86.60,86.60,73.22,81.28,69.06
85.56,85.56,73.22,79.14,69.39
84.71,84.71,76.65,80.62,70.14
84.71,84.71,75.96,78.90,69.97
82.62,82.62,76.71,75.85,70.97
83.25,83.25,76.45,82.27,70.49
83.31,83.31,74.39,80.37,69.94
83.40,83.40,73.08,83.11,71.64
82.35,82.35,74.00,82.59,71.39
81.44,81.44,73.33,82.93,71.25
82.72,82.72,72.34,79.96,73.06
83.24,83.24,73.10,78.83,73.42
80.53,80.53,73.22,77.16,77.09
79.19,79.19,73.28,77.14,74.33
76.05,76.05,72.12,76.74,73.72
77.29,77.29,73.73,75.36,73.88
76.88,76.88,72.80,80.79,72.37
76.51,76.51,79.27,80.06,70.12
81.00,81.00,85.39,71.45,71.20
76.82,76.82,88.48,66.42,70.08
75.39,75.39,90.97,69.96,70.07
76.11,76.11,84.66,65.15,71.74
79.31,79.31,83.29,77.77,72.67
80.67,80.67,82.29,83.25,72.14
81.70,81.70,79.27,82.42,68.69
82.23,82.23,76.76,83.48,70.63
81.01,81.01,75.90,83.78,69.84
81.78,81.78,72.10,82.94,69.34
82.14,82.14,70.86,82.01,70.40
81.61,81.61,72.38,82.98,69.68
79.88,79.88,70.04,82.24,71.94
79.60,79.60,68.52,82.03,73.49
80.14,80.14,67.84,83.40,71.82
79.62,79.62,64.26,82.69,71.83
82.61,82.61,66.61,83.83,67.65
81.05,81.05,66.92,85.23,70.45
79.39,79.39,76.39,84.65,67.95
80.06,80.06,77.85,84.65,67.88
78.72,78.72,76.60,86.62,66.65
77.84,77.84,75.83,85.82,66.59
80.75,80.75,74.32,86.93,67.20
80.91,80.91,72.87,86.53,71.85
81.46,81.46,73.24,85.69,70.23
77.43,77.43,72.77,87.12,70.18
81.33,81.33,71.25,86.30,69.48
72.91,72.91,71.87,87.07,67.84
65.19,65.19,72.88,87.74,67.79
64.59,64.59,72.41,85.25,72.38
61.08,61.08,71.38,83.01,70.76
62.27,62.27,71.17,81.84,69.51
64.33,64.33,72.19,80.50,70.43
63.60,63.60,75.70,78.24,67.50
71.01,71.01,77.58,70.22,68.35
77.59,77.59,91.19,74.41,65.15
81.84,81.84,87.26,70.54,67.01
82.61,82.61,86.55,79.07,67.56
83.52,83.52,83.15,79.35,68.57
83.34,83.34,81.26,76.84,69.79
83.74,83.74,83.98,78.95,69.07
83.80,83.80,78.59,81.73,69.40
83.73,83.73,76.17,83.05,70.92
83.52,83.52,75.16,82.92,70.31
84.02,84.02,74.05,83.19,70.74
82.63,82.63,74.32,85.99,71.43
82.77,82.77,74.19,85.80,72.21
82.21,82.21,73.33,85.50,71.88
82.10,82.10,72.81,85.18,72.34
82.06,82.06,72.74,83.82,71.66
79.42,79.42,73.62,82.92,71.87
78.42,78.42,74.13,83.92,71.44
74.90,74.90,77.48,81.52,70.91
75.04,75.04,78.43,83.16,70.59
73.71,73.71,78.98,82.27,69.77
68.33,68.33,78.11,80.41,68.40
67.36,67.36,77.91,80.59,71.55
67.17,67.17,76.45,80.51,70.02
68.17,68.17,76.26,78.26,73.70
65.10,65.10,76.34,84.13,74.08
64.26,64.26,77.65,80.72,73.16
62.28,62.28,77.44,78.28,73.75
61.99,61.99,78.56,78.65,74.44
58.70,58.70,74.22,74.07,71.96
56.49,56.49,75.34,77.01,72.02
54.61,54.61,74.24,75.09,72.61
55.87,55.87,74.60,76.35,71.75
57.56,57.56,74.24,76.65,69.96
63.43,63.43,76.05,76.47,68.36
71.78,71.78,86.18,77.75,67.04
78.24,78.24,88.50,73.86,64.58
84.76,84.76,87.36,71.04,66.67
85.81,85.81,84.34,77.46,67.27
85.15,85.15,85.04,79.49,66.14
85.86,85.86,80.62,79.67,63.98
84.99,84.99,83.46,79.13,64.09
83.29,83.29,75.90,80.67,64.39
82.54,82.54,72.59,81.27,68.96
81.57,81.57,69.39,81.91,71.78
76.78,76.78,69.23,83.19,73.83
76.11,76.11,70.33,80.00,73.31
69.75,69.75,68.83,81.96,70.73
67.35,67.35,68.10,83.93,70.02
66.53,66.53,69.05,83.03,69.33
67.60,67.60,66.03,82.29,69.49
66.26,66.26,66.76,77.14,66.81
71.10,71.10,68.93,83.20,65.59
83.51,83.51,77.70,83.32,69.53
84.08,84.08,76.12,86.09,68.53
84.25,84.25,74.55,84.96,70.49
84.82,84.82,73.52,83.91,70.79
83.92,83.92,72.28,84.21,71.06
84.43,84.43,72.41,84.09,72.81
83.74,83.74,71.03,82.75,69.38
83.78,83.78,71.98,82.11,71.68
84.74,84.74,72.93,78.76,70.82
85.98,85.98,71.78,76.18,69.24
86.26,86.26,71.13,81.66,72.11
86.07,86.07,69.49,74.73,74.34
85.20,85.20,68.72,82.01,75.53
84.30,84.30,69.12,75.86,75.59
82.04,82.04,70.29,76.14,76.08
81.42,81.42,76.60,72.54,71.92
78.90,78.90,83.33,63.49,69.42
72.88,72.88,91.99,63.42,65.44
73.55,73.55,85.60,67.72,67.08
72.58,72.58,86.38,78.40,70.62
71.43,71.43,81.71,84.50,71.11
67.92,67.92,80.53,79.79,70.38
72.11,72.11,85.17,82.41,70.32
70.49,70.49,80.88,86.17,71.52
72.33,72.33,78.64,82.19,71.53
72.85,72.85,78.77,81.15,72.50
73.08,73.08,78.23,84.67,72.53
76.50,76.50,77.10,79.50,71.46
73.07,73.07,78.66,82.04,72.01
73.62,73.62,77.56,86.86,72.10
73.56,73.56,78.22,83.51,72.78
75.18,75.18,76.61,86.24,69.19
75.22,75.22,77.21,86.54,70.52
75.58,75.58,76.60,83.91,70.02
76.32,76.32,77.44,85.05,69.02
75.81,75.81,78.55,85.03,71.92
72.54,72.54,77.71,85.58,73.78
71.62,71.62,76.85,85.05,71.50
76.55,76.55,76.02,83.80,71.96
80.14,80.14,76.90,84.01,70.68
74.81,74.81,75.33,82.02,69.87
75.42,75.42,75.48,78.96,72.37
66.12,66.12,75.81,82.21,73.10
66.32,66.32,74.09,79.54,67.77
56.41,56.41,73.95,71.19,65.24
50.47,50.47,73.45,59.58,63.83
49.19,49.19,74.36,52.49,64.17
47.22,47.22,72.72,47.52,61.23
44.31,44.31,73.89,38.06,60.89
41.21,41.21,73.28,35.24,56.68
47.65,47.65,77.37,22.23,59.24
50.67,50.67,88.61,24.65,60.39
46.23,46.23,87.91,17.62,51.37
48.01,48.01,90.86,15.02,52.24
51.75,51.75,86.17,26.55,55.78
51.97,51.97,82.41,37.35,56.29
52.76,52.76,84.57,37.99,56.36
49.86,49.86,84.66,34.02,57.49
50.49,50.49,80.63,26.85,58.71
47.47,47.47,76.48,18.48,59.19
60.52,60.52,74.90,20.37,66.15
54.59,54.59,72.86,24.54,65.23
40.13,40.13,74.56,21.85,63.18
41.62,41.62,70.31,17.93,63.18
34.64,34.64,68.78,15.31,63.13
37.94,37.94,69.86,27.37,61.59
40.36,40.36,66.52,28.07,61.31
41.27,41.27,66.50,24.75,58.52
39.17,39.17,71.93,25.66,59.40
32.87,32.87,78.11,25.08,59.56
35.78,35.78,77.89,28.46,58.08
39.49,39.49,77.10,28.13,55.93
41.21,41.21,74.62,19.97,51.37
42.23,42.23,76.11,20.95,52.17
42.26,42.26,74.55,26.66,52.86
39.94,39.94,73.91,26.97,54.43
35.15,35.15,74.53,23.46,55.66
29.20,29.20,73.20,24.74,58.63
20.85,20.85,71.39,23.32,60.25
20.34,20.34,73.03,26.69,59.95
21.68,21.68,71.31,22.56,58.33
27.02,27.02,71.02,22.74,55.85
31.96,31.96,71.47,21.57,55.28
31.62,31.62,70.88,18.34,51.44
27.17,27.17,71.36,8.27,49.80
29.29,29.29,83.45,0.22,62.59
14.76,14.76,92.11,-0.00,66.14
3.63,3.63,90.73,0.00,60.03
11.06,11.06,87.20,7.28,62.54
12.34,12.34,83.20,16.04,62.93
17.76,17.76,83.97,17.19,58.21
27.59,27.59,83.67,11.91,58.65
28.79,28.79,81.46,1.26,60.64
23.42,23.42,75.73,2.66,58.96
20.92,20.92,73.74,10.68,58.01
21.21,21.21,73.44,15.09,59.82
20.91,20.91,73.23,15.78,57.61
23.53,23.53,70.76,12.10,54.46
29.24,29.24,71.05,18.53,48.33
29.46,29.46,70.15,25.95,49.36
26.33,26.33,68.55,30.34,50.74
22.64,22.64,68.93,30.53,53.03
12.99,12.99,68.33,30.91,57.31
10.50,10.50,66.06,31.82,60.27
19.19,19.19,65.49,28.14,58.85
21.89,21.89,64.60,22.97,58.90
21.13,21.13,60.37,23.70,58.65
15.28,15.28,57.88,29.09,55.64
12.51,12.51,54.98,18.87,56.43
16.60,16.60,55.10,30.30,55.13
14.70,14.70,52.85,22.85,55.02
15.25,15.25,52.80,23.33,54.65
14.62,14.62,56.18,19.41,57.78
18.15,18.15,65.69,16.99,72.81
21.21,21.21,58.87,17.76,61.94
22.75,22.75,56.66,13.46,58.28
24.27,24.27,55.66,12.89,56.35
22.15,22.15,55.34,8.35,47.54
34.82,34.82,57.90,6.93,48.46
51.62,51.62,75.68,2.07,60.32
61.31,61.31,92.15,0.00,62.36
70.08,70.08,88.77,0.25,64.40
74.49,74.49,89.33,3.63,71.33
76.99,76.99,83.11,15.48,71.08
76.46,76.46,81.71,20.78,70.51
76.89,76.89,85.56,20.98,71.27
78.51,78.51,82.46,17.69,70.73
78.22,78.22,76.80,16.34,70.49
79.24,79.24,74.67,19.57,71.11
79.07,79.07,76.45,19.88,70.91
78.14,78.14,72.66,24.39,71.71
79.02,79.02,71.24,30.58,72.27
78.56,78.56,70.90,26.46,73.07
79.11,79.11,68.57,32.74,71.70
78.87,78.87,68.38,34.54,72.24
77.29,77.29,70.69,36.15,71.86
78.27,78.27,69.24,36.65,70.55
83.89,83.89,69.99,36.07,71.00
84.13,84.13,66.94,37.62,71.93
85.60,85.60,64.56,37.56,71.74
84.75,84.75,64.03,41.07,70.86
85.00,85.00,63.54,42.59,71.64
85.37,85.37,63.54,41.34,70.71
84.83,84.83,63.53,40.33,72.13
83.74,83.74,63.99,39.73,71.52
81.76,81.76,63.67,49.11,72.92
80.72,80.72,64.31,47.76,74.28
77.48,77.48,63.21,44.94,73.63
76.63,76.63,61.77,43.20,73.32
76.29,76.29,61.41,36.15,73.30
75.47,75.47,59.55,40.31,71.24
75.96,75.96,52.50,38.51,56.75
79.05,79.05,58.36,41.31,56.19
72.73,72.73,76.74,50.95,65.11
61.25,61.25,93.14,68.12,60.16
60.53,60.53,88.75,78.03,65.86
59.07,59.07,87.60,77.13,65.44
60.04,60.04,83.32,82.97,65.27
61.77,61.77,84.90,80.87,66.37
55.14,55.14,85.68,79.99,64.68
59.16,59.16,81.09,83.00,65.93
55.98,55.98,77.82,85.53,64.05
53.80,53.80,66.18,80.49,67.50
57.38,57.38,66.85,81.30,68.12
54.70,54.70,65.12,85.87,67.56
55.14,55.14,64.28,79.88,65.77
56.72,56.72,61.29,83.40,68.15
57.14,57.14,58.40,84.26,67.49
55.51,55.51,56.85,81.40,67.98
54.44,54.44,59.60,81.75,68.99
55.43,55.43,66.90,85.20,68.16
66.48,66.48,77.27,82.30,74.77
68.75,68.75,77.56,83.91,73.95
64.30,64.30,75.79,85.61,74.31
63.55,63.55,74.30,81.32,75.63
62.08,62.08,74.94,82.34,74.82
64.67,64.67,74.19,85.31,73.21
64.31,64.31,72.05,80.91,70.95
65.35,65.35,73.39,83.11,71.44
63.21,63.21,72.60,86.88,71.81
60.20,60.20,70.90,81.66,71.99
50.46,50.46,70.76,81.21,70.13
31.44,31.44,71.03,84.76,69.10
41.26,41.26,70.28,79.73,68.48
37.09,37.09,70.06,75.83,65.32
33.93,33.93,70.02,70.10,63.28
29.78,29.78,70.22,53.12,58.59
28.05,28.05,74.76,45.58,57.82
17.13,17.13,87.19,38.50,60.98
24.33,24.33,92.06,26.50,53.06
28.14,28.14,88.12,30.94,53.40
30.28,30.28,88.77,34.23,57.45
33.31,33.31,82.96,37.65,59.42
34.89,34.89,83.30,33.40,60.22
33.38,33.38,88.54,37.19,61.02
34.34,34.34,80.24,37.28,61.09
30.21,30.21,73.70,35.09,61.65
31.28,31.28,76.68,28.89,65.51
25.61,25.61,74.46,23.25,71.69
15.35,15.35,71.19,29.81,63.73
14.76,14.76,68.85,34.42,63.91
16.92,16.92,71.14,35.48,61.09
15.13,15.13,68.59,35.37,58.63
15.35,15.35,65.27,32.59,58.16
18.21,18.21,66.63,28.99,60.11
24.53,24.53,72.37,23.88,63.60
32.13,32.13,77.61,25.29,66.47
34.75,34.75,77.34,28.13,68.04
37.49,37.49,75.98,33.58,69.18
37.59,37.59,74.54,31.94,67.19
40.48,40.48,75.12,29.33,67.54
37.22,37.22,74.33,29.83,66.26
37.59,37.59,73.03,32.14,66.52
33.09,33.09,73.49,31.22,65.27
24.48,24.48,72.18,32.08,64.20
13.57,13.57,72.01,37.14,63.17
8.72,8.72,70.77,34.62,61.23
17.90,17.90,70.75,34.00,57.82
25.88,25.88,70.63,30.27,56.21
28.69,28.69,70.51,28.43,53.23
26.87,26.87,70.15,23.17,51.98
18.10,18.10,70.57,15.82,50.21
5.70,5.70,77.46,6.39,60.10
2.12,2.12,93.19,0.04,62.27
8.92,8.92,88.91,1.01,63.94
10.62,10.62,88.64,9.60,59.43
14.89,14.89,83.84,16.13,61.08
20.08,20.08,82.60,16.42,57.44
17.83,17.83,87.96,11.38,57.14
15.48,15.48,81.72,9.43,56.20
14.81,14.81,74.99,13.86,57.00
16.79,16.79,75.70,16.26,57.74
22.13,22.13,74.79,21.40,58.62
26.11,26.11,72.02,19.09,58.57
27.45,27.45,70.23,18.68,52.21
25.74,25.74,70.71,24.76,50.84
30.10,30.10,70.61,27.88,49.36
41.15,41.15,68.18,31.68,53.86
51.57,51.57,68.21,30.67,56.63
63.80,63.80,76.32,28.77,63.32
78.56,78.56,77.45,25.87,63.72
79.12,79.12,76.10,23.37,62.15
74.42,74.42,76.49,24.30,60.24
75.40,75.40,75.30,27.86,59.93
74.68,74.68,74.63,30.88,61.93
71.31,71.31,73.87,30.09,64.20
70.45,70.45,72.91,26.09,63.04
66.56,66.56,72.31,24.52,61.66
64.87,64.87,72.24,25.00,62.05
64.13,64.13,72.06,27.27,62.26
65.63,65.63,71.07,29.75,62.99
59.74,59.74,71.16,31.58,55.01
59.54,59.54,70.01,34.81,52.55
56.40,56.40,69.94,35.91,49.94
49.26,49.26,69.51,31.33,46.54
42.43,42.43,69.62,37.34,42.90
54.38,54.38,77.93,51.17,52.60
57.90,57.90,92.96,69.22,56.02
57.11,57.11,91.15,65.58,56.13
63.65,63.65,85.45,78.53,60.00
70.08,70.08,84.96,81.64,64.08
74.76,74.76,84.73,78.84,66.56
75.86,75.86,86.10,79.66,65.99
78.13,78.13,85.96,79.49,67.11
79.01,79.01,76.49,74.97,68.10
80.27,80.27,72.55,74.90,70.57
77.67,77.67,71.70,74.82,68.81
77.68,77.68,68.05,69.40,67.98
78.77,78.77,68.88,71.57,68.32
79.52,79.52,67.47,77.45,68.39
79.51,79.51,65.82,76.62,67.97
77.52,77.52,66.17,76.34,67.52
77.92,77.92,66.78,74.98,67.34
79.95,79.95,75.65,75.72,68.29
80.08,80.08,77.60,74.08,71.64
79.36,79.36,75.94,74.20,74.06
78.46,78.46,75.70,72.97,71.99
78.12,78.12,74.20,73.82,72.08
78.55,78.55,73.42,74.82,70.63
78.49,78.49,73.88,68.94,71.45
79.79,79.79,72.36,69.49,71.40
79.41,79.41,71.62,77.97,70.68
79.27,79.27,71.46,78.24,73.06
80.08,80.08,70.62,77.34,76.67
77.24,77.24,71.21,79.03,75.41
76.76,76.76,70.14,79.59,69.56
67.52,67.52,70.35,78.41,66.48
59.36,59.36,69.23,77.46,59.93
54.59,54.59,68.65,77.63,57.57
56.91,56.91,70.36,76.87,54.31
57.20,57.20,71.96,71.13,56.85
63.55,63.55,90.56,72.67,65.84
60.08,60.08,88.43,64.25,62.08
64.66,64.66,87.91,79.04,62.08
65.75,65.75,89.07,81.91,64.78
65.53,65.53,79.62,82.64,65.87
65.89,65.89,84.69,85.86,65.00
64.65,64.65,86.64,81.36,67.92
65.29,65.29,77.78,81.85,66.53
66.88,66.88,76.63,86.27,65.78
67.15,67.15,71.67,82.02,69.03
65.47,65.47,68.52,82.97,66.26
64.47,64.47,68.73,85.82,65.93
65.32,65.32,69.25,81.31,68.05
64.61,64.61,65.55,85.13,68.35
65.79,65.79,67.42,85.61,67.34
66.98,66.98,67.93,85.14,65.65
67.09,67.09,66.16,84.04,65.94
68.46,68.46,78.71,86.33,67.45
66.00,66.00,77.80,83.29,69.21
63.09,63.09,76.79,82.54,72.61
65.28,65.28,75.03,86.34,67.55
65.09,65.09,75.11,83.28,68.60
65.72,65.72,73.91,82.24,69.48
63.23,63.23,73.58,83.12,66.64
60.93,60.93,73.19,80.32,68.74
60.79,60.79,73.51,77.49,69.18
55.94,55.94,72.01,78.82,66.46
50.03,50.03,70.80,69.93,58.55
44.39,44.39,70.22,56.13,58.11
34.69,34.69,71.01,47.58,56.48
33.87,33.87,70.88,40.84,56.98
38.71,38.71,70.36,33.27,54.83
44.19,44.19,70.68,35.45,53.44
35.97,35.97,71.18,30.27,54.26
26.88,26.88,88.40,39.16,58.73
28.89,28.89,90.20,44.10,53.41
30.73,30.73,89.96,49.74,52.21
32.48,32.48,86.92,54.60,51.95
31.98,31.98,81.94,54.48,52.59
41.48,41.48,85.19,48.94,48.29
43.56,43.56,85.31,47.35,53.03
38.96,38.96,77.65,44.23,59.13
40.71,40.71,76.02,38.62,59.56
30.35,30.35,74.93,37.11,61.41
24.22,24.22,72.51,36.24,71.03
32.57,32.57,72.65,32.31,64.30
32.91,32.91,68.23,30.29,61.84
31.63,31.63,62.23,29.37,61.40
32.05,32.05,66.67,26.62,58.08
32.43,32.43,64.36,22.48,57.20
27.69,27.69,62.67,24.36,57.37
24.83,24.83,76.34,24.09,61.27
21.38,21.38,77.73,26.72,57.79
17.38,17.38,76.43,26.19,57.31
21.63,21.63,76.20,25.68,54.29
28.36,28.36,74.51,26.44,53.65
29.30,29.30,74.02,30.29,52.10
34.36,34.36,74.07,30.18,49.29
30.50,30.50,73.86,28.64,51.28
24.84,24.84,72.07,28.99,53.33
16.18,16.18,72.90,25.59,56.60
6.16,6.16,72.33,21.34,56.72
3.16,3.16,71.67,18.84,56.87
8.49,8.49,71.51,24.24,54.48
18.68,18.68,70.98,18.88,52.65
19.55,19.55,71.64,16.10,49.78
13.02,13.02,71.03,9.04,49.06
2.51,2.51,72.87,3.46,52.19
8.74,8.74,92.74,3.57,59.32
5.23,5.23,90.09,5.01,59.80
9.72,9.72,89.98,2.47,66.59
6.92,6.92,87.67,3.46,58.51
6.77,6.77,81.97,4.71,59.93
9.40,9.40,86.50,1.17,58.17
11.62,11.62,86.43,0.29,55.34
15.32,15.32,76.55,5.34,58.31
10.20,10.20,76.81,6.65,56.72
10.18,10.18,74.92,20.66,56.00
11.07,11.07,71.73,24.65,55.75
12.83,12.83,72.05,15.97,56.18
20.17,20.17,71.75,24.78,53.75
23.89,23.89,69.40,32.19,50.78
26.04,26.04,68.49,29.17,48.75
22.99,22.99,69.46,27.07,43.88
13.61,13.61,67.65,21.14,43.33
8.77,8.77,71.33,16.47,50.67
12.77,12.77,86.46,5.98,62.91
11.87,11.87,83.91,3.92,66.22
24.26,24.26,81.87,9.20,60.87
22.69,22.69,79.82,19.44,62.76
24.04,24.04,77.16,20.29,61.98
23.95,23.95,75.77,19.17,64.54
33.11,33.11,75.62,28.22,64.69
37.92,37.92,75.18,34.23,62.55
43.32,43.32,74.36,29.23,57.75
38.99,38.99,81.57,25.79,58.19
37.69,37.69,86.06,31.91,55.20
35.60,35.60,82.42,24.48,50.92
38.46,38.46,80.08,25.55,53.07
53.06,53.06,77.90,18.04,53.62
57.88,57.88,76.34,18.30,56.44
57.01,57.01,74.55,11.59,55.23
60.66,60.66,79.59,0.33,55.81
65.77,65.77,92.07,17.00,57.24
72.36,72.36,90.96,33.31,59.40
77.27,77.27,88.24,37.78,64.55
78.08,78.08,83.60,36.35,67.18
78.25,78.25,80.18,25.53,66.39
77.34,77.34,87.50,3.10,65.79
77.51,77.51,82.66,0.02,68.30
79.04,79.04,74.75,0.99,68.88
79.01,79.01,74.95,7.58,69.46
80.16,80.16,74.82,16.29,68.53
79.36,79.36,72.07,17.48,68.54
79.64,79.64,69.93,21.55,70.67
80.63,80.63,71.18,22.85,71.28
79.30,79.30,70.29,31.06,71.01
78.94,78.94,67.29,32.97,69.62
78.86,78.86,70.66,28.50,69.33
77.50,77.50,73.60,23.37,67.50
77.23,77.23,83.84,29.11,66.34
76.47,76.47,84.87,29.66,66.22
78.21,78.21,81.65,31.29,62.33
77.97,77.97,78.34,30.20,62.73
78.54,78.54,76.74,33.04,65.98
78.67,78.67,76.28,31.81,68.96
76.89,76.89,75.13,38.38,69.68
76.63,76.63,74.68,40.08,69.52
78.43,78.43,73.57,44.70,68.36
79.30,79.30,73.03,45.44,69.66
79.87,79.87,71.92,43.48,70.35
79.55,79.55,71.27,37.74,70.53
79.39,79.39,71.43,50.31,72.02
76.96,76.96,71.93,43.26,71.72
62.93,62.93,70.50,46.55,60.95
64.21,64.21,70.23,43.14,55.22
64.64,64.64,69.77,48.20,58.64
70.78,70.78,84.50,68.45,65.14
65.72,65.72,90.72,75.53,64.82
73.58,73.58,88.71,75.78,66.37
75.31,75.31,88.55,83.19,66.03
77.60,77.60,81.58,79.43,65.62
76.22,76.22,82.03,80.94,66.33
74.55,74.55,84.89,84.49,66.67
77.06,77.06,79.29,81.71,66.84
75.69,75.69,77.40,81.07,67.62
76.53,76.53,77.93,84.00,66.42
75.78,75.78,77.84,81.26,65.52
77.19,77.19,77.00,81.58,63.76
76.78,76.78,77.55,83.07,63.84
76.90,76.90,77.60,80.42,66.01
78.11,78.11,77.67,80.46,64.49
78.00,78.00,76.44,83.40,65.67
79.40,79.40,76.42,82.87,67.31
78.22,78.22,78.67,79.21,67.04
77.45,77.45,78.14,85.83,70.55
73.69,73.69,77.80,84.48,69.28
66.52,66.52,77.70,81.10,67.09
66.93,66.93,75.40,84.25,68.39
71.36,71.36,74.99,84.55,67.07
67.13,67.13,74.77,77.83,67.74
61.21,61.21,74.18,83.91,69.91
63.94,63.94,74.91,85.45,66.41
63.41,63.41,74.01,80.65,67.80
66.35,66.35,73.48,83.88,67.36
81.93,81.93,73.55,82.07,69.12
83.78,83.78,73.24,80.54,69.31
82.94,82.94,73.22,76.87,70.22
81.97,81.97,72.99,73.08,68.57
81.03,81.03,74.31,61.87,65.35
78.30,78.30,76.78,47.60,63.46
77.02,77.02,84.34,47.18,63.04
76.27,76.27,91.95,36.71,56.99
75.49,75.49,87.79,30.38,54.69
73.00,73.00,87.54,37.24,55.59
75.86,75.86,81.08,40.66,56.25
75.16,75.16,81.61,41.46,57.15
76.37,76.37,87.07,40.13,56.79
78.61,78.61,81.73,43.16,57.45
74.70,74.70,73.97,41.49,58.35
75.22,75.22,75.83,35.30,58.35
76.57,76.57,75.32,34.25,61.68
77.81,77.81,72.95,26.26,69.61
78.31,78.31,69.06,26.67,65.33
78.55,78.55,70.80,26.51,63.72
78.27,78.27,69.38,28.69,62.81
78.41,78.41,65.77,34.00,59.82
79.31,79.31,67.99,32.42,59.75
79.96,79.96,68.06,28.66,58.87
78.82,78.82,78.70,25.70,61.43
79.22,79.22,78.52,25.16,58.65
80.58,80.58,77.00,19.03,58.81
78.23,78.23,76.19,21.66,54.91
76.07,76.07,74.91,19.92,52.27
76.36,76.36,74.32,22.82,52.14
75.49,75.49,73.66,23.25,52.49
76.11,76.11,73.07,26.95,57.65
76.19,76.19,72.58,28.20,60.00
76.50,76.50,72.61,24.12,62.97
76.56,76.56,73.63,18.20,63.63
77.16,77.16,72.48,12.43,62.60
77.15,77.15,71.32,8.67,60.68
78.47,78.47,71.19,8.29,56.79
76.79,76.79,70.69,6.06,57.09
76.16,76.16,71.38,1.42,58.19
71.83,71.83,86.94,2.10,65.09
67.09,67.09,89.82,5.69,64.91
70.71,70.71,90.75,4.24,60.26
72.66,72.66,88.41,4.64,61.53
74.22,74.22,81.37,0.71,61.36
73.49,73.49,86.04,0.66,58.55
76.22,76.22,86.24,0.05,59.82
74.82,74.82,79.13,-0.00,61.09
78.55,78.55,76.89,0.00,60.32
75.52,75.52,74.63,0.12,59.40
79.11,79.11,72.06,3.69,57.06
74.26,74.26,73.47,8.36,49.70
72.32,72.32,70.45,16.99,47.36
76.41,76.41,69.67,23.20,46.29
75.08,75.08,70.21,27.75,50.34
76.06,76.06,67.95,29.47,56.24
75.25,75.25,67.55,29.56,61.54
76.78,76.78,71.37,29.09,63.89
78.27,78.27,77.47,28.23,67.52
77.55,77.55,77.75,26.89,65.62
76.47,76.47,77.46,25.33,62.28
75.09,75.09,76.01,26.10,61.94
77.57,77.57,73.65,26.81,63.42
76.65,76.65,73.59,26.29,62.46
71.40,71.40,73.16,27.21,63.90
72.71,72.71,72.78,22.06,60.15
72.35,72.35,71.48,22.46,68.75
76.51,76.51,71.66,20.44,71.49
75.29,75.29,70.54,23.53,61.92
74.48,74.48,70.68,26.18,62.59
75.24,75.24,69.68,21.84,57.55
74.56,74.56,68.99,29.17,54.37
67.15,67.15,68.39,27.11,49.35
62.97,62.97,68.52,46.86,48.02
67.46,67.46,76.63,60.61,55.69
61.55,61.55,92.82,75.99,57.34
59.21,59.21,91.52,69.84,58.02
60.49,60.49,86.99,78.42,58.88
68.03,68.03,82.45,82.83,65.61
72.88,72.88,79.88,86.33,68.40
76.01,76.01,84.05,77.50,66.94
78.75,78.75,82.41,80.26,67.41
80.20,80.20,75.08,78.67,67.66
80.04,80.04,75.39,72.06,69.45
80.19,80.19,70.44,70.18,70.14
79.47,79.47,70.03,72.22,69.90
79.47,79.47,70.12,69.49,67.81
78.83,78.83,67.96,72.96,69.15
80.39,80.39,66.72,78.36,72.21
79.93,79.93,64.77,76.08,71.29
79.47,79.47,66.61,76.12,70.39
79.22,79.22,67.66,74.95,71.17
79.97,79.97,70.36,75.17,73.33
78.40,78.40,78.39,75.65,74.66
77.56,77.56,77.29,76.88,74.63
76.50,76.50,76.99,73.74,75.20
76.00,76.00,74.16,77.62,75.55
77.14,77.14,74.76,74.65,76.25
77.17,77.17,74.25,68.40,76.34
78.42,78.42,73.01,77.54,73.89
79.13,79.13,72.90,82.30,71.05
80.54,80.54,71.73,81.09,71.01
79.74,79.74,72.86,78.85,71.62
77.21,77.21,72.50,78.14,70.92
70.32,70.32,70.35,79.39,61.78
50.74,50.74,69.47,79.86,53.56
48.18,48.18,69.89,80.12,52.16
43.89,43.89,70.24,75.65,51.46
47.26,47.26,73.59,69.09,54.14
50.85,50.85,87.90,68.99,64.99
50.15,50.15,90.37,64.73,63.82
56.16,56.16,88.16,74.01,65.46
59.92,59.92,87.41,83.61,66.07
60.54,60.54,78.22,85.32,65.37
60.66,60.66,83.24,84.38,67.80
58.50,58.50,85.14,83.17,69.38
56.63,56.63,74.94,86.40,67.75
55.98,55.98,75.38,85.74,69.74
59.79,59.79,70.17,81.11,70.74
60.81,60.81,70.78,83.46,71.84
59.90,59.90,70.59,83.39,69.48
61.73,61.73,69.05,80.99,71.47
60.55,60.55,66.89,86.16,72.50
55.27,55.27,66.52,86.05,72.17
42.74,42.74,66.23,83.48,69.59
43.48,43.48,65.47,85.94,69.92
43.09,43.09,70.30,85.77,71.93
42.56,42.56,78.46,80.43,73.34
41.01,41.01,77.73,83.92,73.59
40.24,40.24,76.36,84.60,73.69
39.90,39.90,75.03,81.39,75.10
42.72,42.72,75.48,83.24,74.63
44.85,44.85,74.79,84.16,74.65
45.91,45.91,72.87,80.67,74.29
49.20,49.20,74.18,80.52,75.77
49.23,49.23,72.92,76.73,75.05
43.43,43.43,72.84,78.00,73.22
33.31,33.31,73.19,63.22,72.49
35.72,35.72,71.67,54.28,72.53
32.66,32.66,70.84,38.21,73.45
31.91,31.91,70.42,44.18,74.12
31.37,31.37,69.47,37.48,74.19
17.25,17.25,71.20,28.32,71.89
18.24,18.24,78.89,23.23,71.46
17.18,17.18,90.56,20.06,67.81
16.82,16.82,88.52,23.88,70.37
27.60,27.60,88.92,28.83,73.45
26.60,26.60,83.81,27.97,74.41
20.17,20.17,80.36,20.72,73.61
23.90,23.90,85.90,19.32,72.02
19.84,19.84,83.28,24.20,73.81
13.19,13.19,76.21,31.20,74.61
11.00,11.00,73.99,31.62,74.07
12.75,12.75,74.33,28.94,76.18
15.26,15.26,68.41,15.53,74.26
20.51,20.51,68.02,11.28,74.63
18.18,18.18,71.35,15.80,73.16
15.62,15.62,65.49,21.72,72.65
16.67,16.67,62.61,18.42,73.16
16.95,16.95,66.20,21.43,72.68
17.92,17.92,68.28,25.41,72.82
18.95,18.95,74.43,25.28,72.23
20.78,20.78,73.93,26.21,73.48
19.16,19.16,73.88,28.74,73.99
15.24,15.24,71.96,21.75,74.11
16.13,16.13,72.58,22.11,73.16
21.29,21.29,71.95,22.18,73.61
9.11,9.11,70.75,22.65,73.19
4.17,4.17,71.64,23.88,72.79
3.41,3.41,69.77,23.69,72.70
4.94,4.94,69.09,20.40,72.19
13.70,13.70,71.27,20.80,72.01
18.87,18.87,69.78,25.14,72.02
18.34,18.34,68.36,15.99,72.42
18.31,18.31,69.33,15.27,73.03
14.00,14.00,68.14,10.67,72.65
6.68,6.68,68.77,4.13,72.42
3.02,3.02,71.55,0.61,70.83
1.61,1.61,85.38,0.01,70.38
8.45,8.45,89.43,-0.00,65.48
8.03,8.03,90.54,-0.00,65.28
8.67,8.67,86.97,-0.00,67.11
12.53,12.53,81.07,0.84,65.97
5.43,5.43,83.64,2.54,66.34
5.21,5.21,84.72,3.12,65.91
4.36,4.36,79.39,7.59,64.65
6.78,6.78,75.02,11.95,62.88
14.35,14.35,73.35,13.65,61.68
18.01,18.01,70.67,12.93,61.35
21.10,21.10,72.34,16.86,60.74
24.56,24.56,68.90,20.48,58.66
24.40,24.40,67.70,24.62,58.11
20.07,20.07,68.39,18.77,58.90
4.23,4.23,66.25,18.32,57.87
1.20,1.20,65.63,18.56,58.63
19.49,19.49,71.16,22.08,59.02
21.35,21.35,78.15,21.42,58.87
17.61,17.61,77.20,23.88,56.50
18.70,18.70,75.69,21.78,58.19
27.83,27.83,74.49,21.71,57.64
25.42,25.42,75.39,22.39,56.65
19.46,19.46,74.51,19.58,58.05
20.60,20.60,73.33,19.42,58.96
20.40,20.40,74.41,19.54,57.53
15.33,15.33,72.63,18.88,56.28
14.47,14.47,73.29,17.49,62.87
20.44,20.44,72.34,19.29,61.70
26.91,26.91,70.47,19.63,52.30
29.43,29.43,70.02,17.75,52.83
29.04,29.04,69.39,8.37,50.25
22.58,22.58,69.19,1.99,47.24
31.85,31.85,72.28,0.00,50.55
35.99,35.99,89.98,0.08,57.39
55.97,55.97,86.80,0.00,68.82
67.67,67.67,86.99,0.15,71.72
73.19,73.19,82.91,3.21,71.44
76.04,76.04,79.94,6.33,70.16
76.27,76.27,85.60,3.48,67.14
77.61,77.61,80.39,0.07,68.90
78.35,78.35,76.44,0.00,70.61
77.86,77.86,74.79,0.82,70.79
76.07,76.07,74.35,6.02,68.32
76.18,76.18,71.74,8.81,69.69
75.55,75.55,70.66,10.71,70.97
75.84,75.84,70.30,12.73,71.53
76.54,76.54,69.04,17.58,71.08
76.55,76.55,66.70,27.39,69.86
76.17,76.17,67.21,31.83,69.55
76.81,76.81,66.12,30.64,70.31
76.01,76.01,74.35,27.89,69.32
77.64,77.64,78.01,26.11,68.16
78.22,78.22,76.60,32.13,68.28
76.43,76.43,75.84,33.92,66.74
76.44,76.44,73.61,33.69,68.11
75.20,75.20,74.83,33.02,68.72
76.61,76.61,73.71,37.74,70.16
76.88,76.88,73.73,35.86,70.91
76.42,76.42,74.36,39.06,70.79
75.41,75.41,71.01,39.56,71.39
75.44,75.44,69.64,45.91,72.09
76.09,76.09,68.34,48.38,73.09
76.20,76.20,66.25,45.63,72.56
76.10,76.10,64.76,41.34,72.23
72.24,72.24,61.52,42.65,64.22
73.79,73.79,62.21,40.74,54.86
72.44,72.44,63.51,43.81,53.70
67.54,67.54,79.40,59.81,60.22
64.76,64.76,89.13,74.66,60.90
74.93,74.93,87.88,77.50,62.17
76.13,76.13,83.03,78.85,63.55
74.80,74.80,78.12,75.44,62.54
76.51,76.51,83.40,78.82,61.81
75.32,75.32,82.02,81.85,62.06
76.58,76.58,76.73,76.28,63.32
76.18,76.18,71.11,80.82,65.27
75.05,75.05,67.11,82.83,64.44
75.47,75.47,67.65,79.17,64.80
76.19,76.19,67.13,82.41,64.48
72.91,72.91,65.49,81.82,64.06
76.90,76.90,65.90,77.54,64.46
78.05,78.05,64.81,81.72,66.69
78.05,78.05,66.37,83.88,64.17
78.49,78.49,65.68,77.65,65.23
78.02,78.02,71.46,80.63,65.56
78.18,78.18,76.08,83.06,69.76
76.66,76.66,74.43,82.75,67.91
76.70,76.70,74.33,82.94,65.65
75.25,75.25,72.91,83.04,65.15
76.44,76.44,72.35,80.27,65.85
59.41,59.41,72.33,80.16,65.98
61.16,61.16,72.29,83.45,65.79
58.43,58.43,71.18,79.82,66.49
60.34,60.34,70.92,79.62,65.98
72.27,72.27,70.08,85.04,64.45
82.98,82.98,69.08,78.50,64.93
81.50,81.50,67.95,80.47,65.25
80.93,80.93,68.38,75.39,66.06
78.87,78.87,67.75,72.95,59.97
79.26,79.26,68.12,61.96,58.76
78.60,78.60,68.99,48.92,58.10
72.32,72.32,82.61,42.15,59.19
74.88,74.88,88.92,28.57,54.04
73.17,73.17,87.50,20.58,52.34
72.84,72.84,82.51,24.01,51.94
72.41,72.41,79.97,27.35,51.84
69.61,69.61,80.23,26.33,50.48
71.48,71.48,81.25,32.12,51.93
73.56,73.56,79.20,35.84,55.22
75.96,75.96,73.26,37.67,55.97
77.05,77.05,69.32,39.99,57.08
76.82,76.82,70.12,32.96,63.67
76.45,76.45,70.99,22.95,66.86
76.36,76.36,64.12,20.96,61.15
76.76,76.76,65.13,25.52,60.15
77.26,77.26,62.10,26.46,58.86
78.03,78.03,60.15,29.39,55.32
78.67,78.67,61.78,30.46,54.91
78.33,78.33,70.76,31.33,57.40
78.56,78.56,75.23,30.02,57.11
77.95,77.95,75.71,26.06,55.01
75.60,75.60,74.54,24.46,52.15
74.25,74.25,72.05,24.41,49.46
73.28,73.28,73.37,19.96,46.72
73.74,73.74,73.12,22.98,47.30
73.10,73.10,70.89,24.05,50.74
72.22,72.22,72.17,20.69,55.87
71.93,71.93,69.13,20.12,59.83
73.61,73.61,69.02,19.55,61.50
71.92,71.92,69.87,20.36,61.80
72.24,72.24,69.65,16.34,60.73
71.68,71.68,68.91,12.69,59.37
70.60,70.60,67.85,14.76,57.12
73.16,73.16,68.29,5.96,59.86
72.70,72.70,67.98,1.13,60.32
70.56,70.56,71.96,-0.00,60.89
65.92,65.92,90.81,0.03,60.26
66.55,66.55,87.90,0.64,61.63
66.18,66.18,88.31,2.61,58.95
66.90,66.90,81.77,10.42,59.42
70.01,70.01,79.13,13.83,57.10
67.14,67.14,86.04,11.37,54.92
72.94,72.94,80.72,2.66,55.02
73.04,73.04,74.87,0.22,55.16
61.26,61.26,74.46,2.53,56.26
71.31,71.31,73.81,9.36,56.27
62.93,62.93,69.44,21.88,53.10
65.53,65.53,69.21,22.49,50.32
66.19,66.19,69.84,25.42,49.11
72.30,72.30,68.30,27.16,51.04
68.73,68.73,66.55,23.18,51.90
70.74,70.74,66.88,24.50,54.15
68.35,68.35,66.43,27.28,57.89
62.47,62.47,74.30,28.73,62.54
61.39,61.39,75.46,29.51,61.70
65.73,65.73,76.33,29.90,60.08
66.08,66.08,73.74,29.89,61.22
64.86,64.86,73.05,29.44,62.40
67.21,67.21,73.45,29.10,60.47
68.25,68.25,72.92,26.58,60.32
64.47,64.47,71.48,24.93,59.65
69.75,69.75,71.04,22.95,59.56
65.51,65.51,71.40,26.52,61.10
59.65,59.65,71.15,30.40,65.86
63.73,63.73,70.07,28.62,65.88
67.44,67.44,68.96,26.51,57.04
71.59,71.59,67.97,24.94,55.15
71.92,71.92,67.63,28.33,50.20
70.19,70.19,68.76,34.44,46.51
67.89,67.89,75.60,43.07,52.56
58.49,58.49,84.06,59.13,55.21
52.25,52.25,87.33,66.15,53.00
50.31,50.31,86.40,68.79,51.81
48.76,48.76,86.92,77.89,59.85
55.62,55.62,79.26,80.18,70.00
62.14,62.14,78.14,75.68,70.84
64.01,64.01,83.41,79.57,71.41
64.36,64.36,80.90,76.51,72.68
65.00,65.00,72.16,69.57,73.78
65.77,65.77,71.19,70.62,74.69
65.26,65.26,67.52,70.03,74.68
64.98,64.98,65.79,67.80,72.65
64.28,64.28,66.04,69.41,73.16
62.48,62.48,64.17,72.42,76.52
62.31,62.31,65.82,63.98,75.02
64.03,64.03,65.18,73.10,74.47
64.51,64.51,64.58,71.24,73.60
63.05,63.05,73.68,70.10,74.21
60.62,60.62,75.68,72.69,75.11
57.05,57.05,74.56,69.48,75.89
55.39,55.39,73.45,72.13,76.59
58.42,58.42,72.34,70.57,77.69
60.38,60.38,72.09,72.91,77.35
59.37,59.37,72.65,67.48,78.57
57.12,57.12,70.54,71.88,77.78
55.74,55.74,71.51,77.90,75.99
53.63,53.63,70.75,75.59,77.05
52.06,52.06,70.30,75.55,76.27
53.34,53.34,71.03,75.04,73.56
51.63,51.63,68.64,75.44,68.32
45.11,45.11,67.48,76.49,56.59
41.10,41.10,68.31,76.55,56.32
37.61,37.61,67.85,74.75,51.18
33.77,33.77,68.14,72.09,50.44
33.36,33.36,70.28,69.59,57.79
28.12,28.12,87.22,71.65,64.39
19.93,19.93,87.88,66.31,59.95
24.55,24.55,86.19,77.67,61.86
25.21,25.21,83.22,81.40,64.80
23.50,23.50,80.82,79.33,65.81
24.34,24.34,81.04,81.55,66.73
28.46,28.46,82.88,82.71,65.03
28.23,28.23,74.17,79.38,67.67
24.61,24.61,68.20,79.54,67.91
21.78,21.78,58.97,82.85,66.40
25.02,25.02,61.85,77.29,66.24
25.43,25.43,62.64,78.04,68.17
27.70,27.70,59.37,81.30,67.61
27.22,27.22,56.72,79.93,69.89
24.09,24.09,60.36,81.35,68.19
20.35,20.35,58.50,81.31,69.13
23.62,23.62,76.38,78.11,69.52
25.07,25.07,77.67,76.68,66.33
24.65,24.65,77.07,81.78,68.74
18.56,18.56,74.79,77.45,66.94
20.83,20.83,73.54,78.22,67.56
27.48,27.48,72.51,82.74,69.69
30.89,30.89,70.17,78.52,68.58
26.65,26.65,69.51,77.15,69.83
23.31,23.31,67.85,75.90,70.27
28.66,28.66,67.33,73.68,71.39
27.11,27.11,67.51,73.12,70.45
22.99,22.99,65.46,66.47,70.15
26.28,26.28,62.95,54.28,69.87
20.26,20.26,57.44,41.49,71.18
15.61,15.61,54.76,38.83,70.99
11.56,11.56,55.98,32.65,70.47
5.13,5.13,61.86,32.35,69.68
12.37,12.37,82.56,28.89,68.29
21.19,21.19,86.89,26.51,66.59
4.82,4.82,86.48,28.51,68.88
12.93,12.93,81.48,19.92,70.58
16.31,16.31,77.65,26.63,71.38
15.18,15.18,81.64,30.86,71.43
15.73,15.73,81.70,23.88,71.20
14.71,14.71,74.02,31.82,72.54
11.64,11.64,71.24,29.91,71.67
5.95,5.95,69.95,34.76,71.69
4.37,4.37,68.30,34.70,73.08
6.52,6.52,67.16,33.97,73.64
9.06,9.06,66.00,38.61,73.43
8.41,8.41,63.63,41.04,72.77
9.21,9.21,65.27,39.42,72.96
17.08,17.08,60.76,39.44,72.83
21.28,21.28,59.53,39.19,72.51
22.62,22.62,64.39,32.33,72.23
21.83,21.83,75.43,29.76,71.28
23.60,23.60,74.23,24.34,71.50
29.08,29.08,73.95,30.74,71.91
32.20,32.20,72.04,31.49,72.08
31.58,31.58,71.70,30.85,72.09
25.54,25.54,70.87,33.34,71.75
24.32,24.32,70.17,30.79,72.42
22.36,22.36,70.28,29.54,72.00
15.13,15.13,69.19,29.55,72.20
7.34,7.34,68.20,28.04,71.18
6.81,6.81,67.74,29.32,71.06
19.19,19.19,69.46,31.74,70.29
13.39,13.39,68.53,29.53,69.72
12.62,12.62,67.11,25.01,68.95
14.25,14.25,66.16,17.72,68.64
9.66,9.66,65.31,10.30,68.65
1.90,1.90,67.69,4.04,69.06
1.08,1.08,79.67,0.19,67.38
17.68,17.68,88.58,-0.00,66.44
13.28,13.28,86.19,-0.00,68.89
7.75,7.75,83.19,0.29,71.41
1.43,1.43,80.35,7.42,72.18
3.49,3.49,80.04,11.10,71.27
6.94,6.94,81.30,8.58,71.20
9.31,9.31,79.32,11.70,71.26
12.48,12.48,71.45,15.46,69.69
14.00,14.00,70.52,17.87,68.20
19.33,19.33,69.10,21.50,68.30
25.83,25.83,70.01,18.03,68.23
26.26,26.26,62.76,20.10,67.69
27.64,27.64,65.13,29.22,67.52
25.80,25.80,64.37,25.34,68.60
23.57,23.57,59.49,18.39,70.23
14.14,14.14,61.00,14.86,70.90
13.94,13.94,74.26,18.32,69.12
26.91,26.91,77.54,17.56,69.98
15.38,15.38,76.84,24.99,71.09
18.82,18.82,74.72,20.43,71.08
18.81,18.81,72.26,14.99,70.29
18.34,18.34,72.10,16.42,69.47
23.83,23.83,70.89,22.98,70.47
24.22,24.22,68.18,20.57,70.35
17.08,17.08,66.66,25.16,71.00
9.83,9.83,67.01,20.40,70.07
4.17,4.17,66.64,23.66,71.26
10.10,10.10,67.22,24.14,72.65
11.91,11.91,62.74,21.70,68.44
11.98,11.98,57.19,18.86,67.27
14.59,14.59,54.13,12.76,66.26
11.45,11.45,56.54,4.75,63.98
25.24,25.24,59.63,0.23,60.34
40.16,40.16,87.04,-0.00,59.11
50.25,50.25,85.18,-0.00,59.76
63.72,63.72,84.41,-0.00,69.88
67.63,67.63,80.55,1.08,67.89
69.98,69.98,77.27,5.85,66.77
72.19,72.19,80.49,5.76,68.81
71.69,71.69,80.59,1.01,67.62
71.17,71.17,71.15,-0.00,66.65
70.81,70.81,71.22,0.10,66.89
71.50,71.50,70.95,2.66,69.03
70.41,70.41,68.84,6.47,66.69
70.57,70.57,67.80,12.94,68.67
71.08,71.08,66.86,14.57,67.53
71.66,71.66,64.80,20.05,69.59
71.16,71.16,64.52,21.56,68.70
69.51,69.51,64.66,21.84,69.00
68.29,68.29,65.05,23.28,70.28
67.53,67.53,77.67,11.66,70.22
69.53,69.53,80.18,24.00,69.76
66.01,66.01,77.00,31.54,69.35
67.08,67.08,74.77,33.23,67.79
69.20,69.20,72.72,24.62,68.96
69.14,69.14,72.00,27.06,68.40
67.37,67.37,71.23,22.78,69.88
68.08,68.08,70.70,30.27,69.71
67.69,67.69,70.28,43.56,71.08
65.10,65.10,72.92,46.05,71.96
62.99,62.99,78.96,55.17,72.54
61.44,61.44,77.13,43.39,73.09
59.99,59.99,76.65,43.15,73.24
59.17,59.17,72.93,45.87,73.41
57.45,57.45,70.95,40.14,68.95
55.82,55.82,69.55,39.39,55.50
57.15,57.15,68.50,42.07,55.75
63.47,63.47,75.41,52.11,61.84
61.51,61.51,86.47,68.83,60.90
68.50,68.50,83.77,71.10,57.74
75.19,75.19,81.19,71.84,58.80
75.02,75.02,76.29,73.88,58.82
74.46,74.46,78.25,79.03,57.16
75.77,75.77,80.69,71.02,57.67
75.08,75.08,74.96,73.07,59.07
72.10,72.10,71.31,78.27,59.19
70.21,70.21,71.27,74.31,59.98
64.98,64.98,70.66,76.52,59.45
65.21,65.21,71.32,78.38,56.96
68.13,68.13,70.40,75.10,56.13
70.60,70.60,70.41,76.17,58.05
71.04,71.04,70.14,77.93,58.22
71.77,71.77,70.22,75.66,58.26
71.68,71.68,69.86,74.56,57.84
70.89,70.89,74.23,79.06,60.28
71.35,71.35,75.87,77.26,62.89
70.97,70.97,73.87,76.05,62.12
69.97,69.97,73.52,80.44,60.50
71.18,71.18,72.24,77.82,59.91
54.98,54.98,72.33,75.46,60.56
54.50,54.50,69.78,77.60,60.97
51.09,51.09,69.87,77.47,58.96
55.23,55.23,70.61,75.48,59.78
63.60,63.60,69.11,80.31,60.27
77.62,77.62,67.59,77.43,61.28
76.93,76.93,67.74,74.61,61.76
74.31,74.31,67.22,78.76,60.91
73.11,73.11,66.66,71.21,62.37
74.21,74.21,66.30,72.71,60.31
73.75,73.75,65.82,61.28,57.25
71.71,71.71,66.56,48.47,52.88
67.31,67.31,72.45,31.85,54.21
64.69,64.69,85.81,32.66,51.54
69.24,69.24,83.95,22.45,48.47
69.21,69.21,82.84,20.95,47.29
63.19,63.19,77.89,23.04,46.26
65.17,65.17,74.55,18.07,44.01
68.03,68.03,81.79,17.82,44.12
71.39,71.39,77.22,25.04,47.07
69.66,69.66,68.87,25.65,48.39
71.70,71.70,69.42,33.84,48.71
69.82,69.82,69.41,34.97,58.83
68.21,68.21,66.14,27.64,58.06
65.80,65.80,64.04,23.91,56.99
65.14,65.14,64.21,27.09,57.11
69.03,69.03,64.02,29.78,55.32
71.81,71.81,59.11,24.83,53.05
72.36,72.36,60.76,20.70,52.76
71.14,71.14,59.44,22.61,50.80
68.19,68.19,73.06,21.78,55.45
70.65,70.65,73.28,28.61,51.87
68.26,68.26,71.61,26.76,48.58
67.54,67.54,70.41,24.33,42.94
68.36,68.36,69.48,24.39,40.15
68.86,68.86,67.82,24.05,40.17
68.89,68.89,68.52,23.55,40.64
70.68,70.68,67.13,23.23,40.66
70.20,70.20,66.90,18.86,43.88
70.16,70.16,67.47,19.64,48.55
69.83,69.83,66.33,24.22,52.52
69.05,69.05,67.13,22.21,53.76
67.14,67.14,66.40,27.82,52.80
67.60,67.60,64.99,24.36,50.57
67.28,67.28,65.98,20.02,50.74
65.67,65.67,64.70,7.71,46.16
65.62,65.62,64.93,5.80,46.05
59.77,59.77,84.48,1.41,51.72
65.18,65.18,82.95,-0.00,57.26
67.27,67.27,83.35,0.01,53.06
68.59,68.59,81.42,1.99,54.35
69.03,69.03,74.69,6.26,52.63
68.22,68.22,79.54,8.06,51.39
71.34,71.34,79.82,9.50,51.24
68.08,68.08,70.09,17.68,50.19
67.55,67.55,71.36,14.10,49.61
68.65,68.65,67.47,26.80,50.35
68.29,68.29,63.60,28.20,50.25
70.50,70.50,63.72,23.36,47.94
70.54,70.54,62.83,28.00,42.95
72.65,72.65,58.59,28.49,43.18
71.95,71.95,58.36,27.31,40.81
68.82,68.82,60.03,27.32,42.65
67.33,67.33,54.21,22.76,46.38
66.92,66.92,63.45,23.06,53.41
68.46,68.46,76.03,24.77,56.15
69.51,69.51,73.85,21.79,55.14
71.71,71.71,73.69,20.22,54.77
70.17,70.17,72.04,20.96,52.73
70.96,70.96,71.06,25.62,54.82
71.92,71.92,69.06,27.59,52.88
70.12,70.12,67.60,26.35,53.41
60.57,60.57,67.28,28.14,51.94
59.87,59.87,67.42,28.42,52.45
55.60,55.60,68.53,27.31,52.14
54.87,54.87,69.55,26.02,61.10
55.38,55.38,66.73,27.20,55.14
58.78,58.78,65.06,27.04,49.13
60.60,60.60,63.18,29.53,52.52
61.81,61.81,63.04,31.09,43.69
60.02,60.02,64.77,40.83,43.05
56.05,56.05,78.32,59.49,53.18
50.98,50.98,85.31,63.10,50.82
52.14,52.14,82.82,70.01,52.01
69.49,69.49,78.26,75.53,57.15
70.28,70.28,74.40,77.82,65.41
69.45,69.45,71.39,76.07,65.60
70.43,70.43,73.92,75.92,65.47
70.06,70.06,70.48,71.59,70.04
69.80,69.80,67.06,68.07,69.64
73.00,73.00,64.67,67.88,69.99
71.86,71.86,64.65,66.28,67.41
73.15,73.15,63.12,63.27,68.61
69.84,69.84,60.98,67.25,66.83
69.34,69.34,60.12,66.24,70.92
70.80,70.80,58.87,66.48,71.31
74.16,74.16,57.74,68.46,69.14
74.80,74.80,57.06,68.28,70.33
70.38,70.38,63.62,68.41,71.54
72.67,72.67,73.10,64.87,72.48
69.01,69.01,70.88,66.80,73.46
72.05,72.05,70.56,67.43,73.83
68.38,68.38,69.38,67.76,73.46
67.51,67.51,68.06,66.23,73.00
67.01,67.01,66.73,60.12,75.04
67.26,67.26,68.39,58.07,75.16
66.34,66.34,68.01,72.75,73.56
65.78,65.78,67.97,71.42,73.07
65.87,65.87,71.07,72.56,72.23
65.71,65.71,70.19,73.07,69.86
62.10,62.10,65.33,72.77,68.58
60.78,60.78,62.00,72.46,58.07
63.32,63.32,57.35,71.48,53.65
65.81,65.81,55.73,71.05,52.02
67.41,67.41,63.88,69.85,51.25
65.87,65.87,65.31,63.70,51.83
61.03,61.03,83.94,64.62,56.13
64.58,64.58,82.06,64.90,53.00
72.85,72.85,80.36,71.56,57.18
69.29,69.29,77.52,75.96,58.31
70.22,70.22,71.31,74.81,58.27
67.10,67.10,76.96,78.22,58.88
67.72,67.72,77.19,74.72,60.30
68.59,68.59,68.96,74.80,59.11
69.24,69.24,66.09,79.04,59.51
65.72,65.72,60.31,74.56,60.13
66.38,66.38,57.96,73.33,58.79
68.82,68.82,56.59,78.37,58.79
69.90,69.90,51.84,75.13,60.22
70.62,70.62,48.43,76.68,59.95
71.16,71.16,50.44,79.13,60.65
70.33,70.33,54.92,78.01,59.74
71.14,71.14,56.34,75.55,59.83
64.61,64.61,70.36,77.81,59.96
58.68,58.68,69.30,75.83,61.58
58.16,58.16,68.92,71.68,65.72
53.00,53.00,67.04,77.70,64.29
51.68,51.68,66.27,76.87,63.85
53.19,53.19,65.82,75.82,64.81
50.79,50.79,66.04,75.70,58.64
53.33,53.33,65.42,71.38,63.81
52.12,52.12,63.49,71.48,62.94
54.86,54.86,62.78,69.68,62.22
69.69,69.69,62.71,62.93,60.20
68.63,68.63,63.09,50.59,59.18
67.94,67.94,62.05,47.07,56.70
67.68,67.68,60.42,46.68,55.40
68.16,68.16,58.41,43.61,57.04
68.79,68.79,59.92,35.22,51.60
69.57,69.57,60.75,19.58,48.05
67.44,67.44,81.47,19.16,52.18
65.25,65.25,81.49,17.68,48.53
64.77,64.77,81.67,19.13,44.47
64.77,64.77,78.23,22.80,47.66
64.87,64.87,71.72,25.24,46.12
66.09,66.09,76.56,30.90,45.44
65.52,65.52,77.21,33.24,43.97
64.08,64.08,69.76,37.89,47.33
64.90,64.90,66.87,38.05,48.80
61.87,61.87,67.51,37.40,51.62
59.70,59.70,66.30,39.04,55.37
56.07,56.07,63.97,38.83,56.47
59.26,59.26,60.09,38.70,54.31
57.93,57.93,57.33,38.72,54.01
58.76,58.76,60.45,38.73,53.13
57.87,57.87,56.10,33.53,48.94
60.79,60.79,54.62,31.87,50.61
59.80,59.80,64.41,37.27,52.51
59.74,59.74,70.49,33.85,51.03
62.60,62.60,69.31,35.59,50.33
62.57,62.57,69.43,32.87,47.32
60.63,60.63,67.19,27.01,44.26
59.27,59.27,67.11,24.84,43.91
64.01,64.01,65.93,23.45,44.58
64.80,64.80,66.11,30.17,44.44
63.23,63.23,64.73,23.94,45.75
57.68,57.68,65.27,22.81,51.40
60.42,60.42,64.09,27.99,53.54
49.99,49.99,65.42,25.02,53.08
58.07,58.07,63.61,32.03,52.89
56.54,56.54,62.69,31.44,49.64
56.24,56.24,63.66,21.72,47.16
57.11,57.11,63.51,14.38,50.65
41.18,41.18,63.82,5.30,46.92
35.47,35.47,73.75,1.67,52.48
31.95,31.95,85.43,0.08,47.66
30.22,30.22,81.32,6.39,48.94
38.82,38.82,79.69,19.82,50.75
41.94,41.94,75.90,23.30,49.24
43.87,43.87,75.11,24.20,48.29
44.53,44.53,76.70,25.08,47.44
40.84,40.84,74.44,29.42,48.93
37.53,37.53,66.37,35.52,47.06
38.35,38.35,66.00,38.84,47.03
41.00,41.00,64.81,37.29,49.85
46.57,46.57,64.32,30.77,48.25
47.18,47.18,58.38,27.12,43.93
46.72,46.72,58.90,33.41,40.72
46.80,46.80,59.22,32.20,39.28
50.10,50.10,52.39,32.70,42.51
47.68,47.68,55.78,28.91,47.43
36.93,36.93,58.26,34.70,51.70
24.05,24.05,75.28,36.97,56.07
22.78,22.78,72.10,35.35,54.07
29.88,29.88,70.47,34.67,52.14
35.46,35.46,69.36,27.11,49.82
35.59,35.59,69.00,27.02,48.16
36.75,36.75,67.58,24.36,47.32
34.27,34.27,65.19,33.89,48.10
22.89,22.89,64.63,32.57,46.04
20.80,20.80,65.03,32.33,54.16
18.15,18.15,63.94,26.41,56.40
21.23,21.23,61.51,21.36,43.38
27.32,27.32,59.48,21.59,48.83
27.95,27.95,58.70,20.05,42.02
29.54,29.54,57.95,17.17,39.33
28.46,28.46,56.72,18.98,38.69
28.58,28.58,56.06,8.21,37.06
34.52,34.52,71.35,8.79,44.78
39.46,39.46,83.25,-0.00,51.13
53.20,53.20,79.41,-0.00,65.81
59.73,59.73,77.00,1.70,67.54
62.66,62.66,74.20,12.26,67.61
62.95,62.95,75.22,25.27,66.49
65.00,65.00,75.66,33.41,66.78
63.20,63.20,72.14,37.48,68.54
65.67,65.67,66.15,38.16,66.77
66.40,66.40,65.28,35.74,66.29
67.17,67.17,65.68,32.55,65.53
66.19,66.19,65.51,38.30,62.68
66.10,66.10,60.37,39.49,62.46
65.69,65.69,60.89,38.00,62.52
67.57,67.57,61.74,36.12,64.16
67.80,67.80,59.01,33.16,64.70
66.44,66.44,58.65,29.16,63.46
67.40,67.40,57.83,28.35,64.77
67.30,67.30,68.17,33.51,65.10
65.94,65.94,69.99,30.16,63.79
65.74,65.74,69.29,27.76,64.33
66.30,66.30,67.56,30.15,64.39
66.22,66.22,66.12,31.52,64.71
66.14,66.14,66.21,31.03,66.17
65.28,65.28,65.63,29.61,65.37
64.05,64.05,63.77,32.16,65.49
65.99,65.99,65.06,32.55,66.37
65.10,65.10,64.02,30.22,67.41
64.32,64.32,63.90,29.10,66.03
65.73,65.73,62.83,29.37,66.14
66.02,66.02,63.08,25.34,68.04
60.72,60.72,61.62,33.78,65.49
49.25,49.25,61.47,29.44,49.05
39.31,39.31,61.46,22.10,47.62
40.02,40.02,60.73,36.57,49.52
45.55,45.55,71.88,53.96,56.27
44.69,44.69,80.21,64.40,55.75
44.66,44.66,79.68,68.85,56.91
41.21,41.21,76.25,72.39,56.62
44.57,44.57,73.96,70.18,58.45
43.29,43.29,71.77,70.15,56.50
42.68,42.68,71.10,74.64,57.19
42.10,42.10,70.57,70.20,58.80
42.28,42.28,67.69,70.98,58.56
43.02,43.02,67.34,76.30,60.36
39.97,39.97,67.50,73.06,58.05
41.92,41.92,67.01,70.05,60.54
41.46,41.46,66.39,72.15,59.47
42.65,42.65,66.30,72.73,58.67
41.30,41.30,66.22,69.31,60.00
43.64,43.64,65.97,73.43,61.15
40.05,40.05,65.38,74.93,61.30
39.75,39.75,69.02,72.84,63.63
49.05,49.05,69.71,76.04,63.21
49.16,49.16,68.47,75.74,62.73
41.79,41.79,68.41,72.83,62.80
43.46,43.46,66.72,73.23,64.22
39.82,39.82,66.32,74.29,62.68
39.55,39.55,66.17,71.76,64.96
38.93,38.93,64.81,72.48,65.12
42.36,42.36,64.76,74.66,64.13
36.65,36.65,65.83,71.36,66.40
33.72,33.72,65.29,72.61,65.55
28.80,28.80,64.25,73.69,65.24
31.00,31.00,64.24,68.61,64.98
31.41,31.41,64.38,63.61,65.08
27.69,27.69,63.39,63.21,65.25
23.06,23.06,64.04,45.18,64.75
24.27,24.27,63.47,36.23,65.82
28.65,28.65,73.91,37.22,65.48
22.09,22.09,82.28,33.88,63.97
21.34,21.34,79.10,24.31,64.25
25.57,25.57,78.50,25.36,65.96
27.38,27.38,74.22,28.16,65.80
28.79,28.79,69.92,32.16,67.01
27.01,27.01,77.18,35.25,65.17
25.69,25.69,73.08,38.19,65.36
21.33,21.33,65.25,34.55,64.87
26.27,26.27,66.58,37.50,65.68
27.68,27.68,64.63,35.92,65.83
18.92,18.92,60.38,38.41,64.62
18.55,18.55,61.13,39.00,65.91
20.55,20.55,60.46,37.29,66.06
17.41,17.41,57.35,36.04,65.69
17.76,17.76,54.20,31.08,63.95
16.59,16.59,56.93,35.91,65.09
17.97,17.97,61.27,37.38,65.59
20.46,20.46,67.41,33.76,64.87
21.59,21.59,67.05,36.62,64.62
21.10,21.10,66.00,30.12,66.22
22.47,22.47,64.13,27.54,65.06
24.29,24.29,63.52,27.43,65.32
24.01,24.01,63.61,26.94,65.69
24.69,24.69,63.58,24.65,65.28
21.08,21.08,62.21,26.37,64.09
15.00,15.00,62.25,23.34,63.08
8.63,8.63,60.76,27.67,63.69
7.38,7.38,61.69,27.89,64.11
9.50,9.50,59.81,29.45,64.86
14.12,14.12,59.91,31.93,64.43
15.78,15.78,60.11,26.26,64.46
15.12,15.12,58.82,26.29,63.02
11.50,11.50,60.42,14.83,61.46
8.56,8.56,61.01,6.52,61.31
10.17,10.17,76.39,4.66,61.75
11.38,11.38,78.49,8.57,57.14
10.03,10.03,79.61,15.04,60.12
11.43,11.43,75.91,23.00,62.19
13.39,13.39,71.21,26.84,61.27
13.91,13.91,74.99,32.57,61.56
15.13,15.13,74.82,26.85,62.77
13.08,13.08,70.44,28.11,63.23
15.43,15.43,69.01,30.13,63.41
17.47,17.47,68.35,33.72,63.21
20.15,20.15,67.46,35.54,63.01
19.91,19.91,67.30,28.24,61.94
21.06,21.06,67.00,31.46,61.84
24.09,24.09,66.81,32.84,60.45
22.94,22.94,66.62,32.69,60.58
22.23,22.23,66.10,26.84,59.92
16.48,16.48,65.89,22.13,60.05
10.75,10.75,68.28,33.95,61.19
12.53,12.53,68.55,35.75,62.33
13.40,13.40,66.73,35.24,61.93
12.89,12.89,66.29,34.52,61.98
13.94,13.94,65.73,36.29,60.99
15.88,15.88,64.87,27.43,61.64
16.79,16.79,63.09,31.19,61.58
18.08,18.08,64.43,33.54,61.17
20.32,20.32,62.40,32.70,61.17
22.07,22.07,63.14,28.17,60.39
26.81,26.81,64.15,33.32,60.28
23.13,23.13,62.07,31.11,59.66
21.43,21.43,61.03,26.42,57.83
25.54,25.54,60.99,28.16,55.90
19.08,19.08,60.99,27.63,54.98
16.92,16.92,60.67,28.19,53.39
21.03,21.03,64.98,34.94,56.49
26.54,26.54,78.76,50.49,52.95
34.40,34.40,80.67,53.10,50.67
40.18,40.18,76.98,64.38,50.08
56.41,56.41,71.50,70.10,55.54
60.92,60.92,68.40,71.12,58.60
63.29,63.29,75.78,63.86,57.79
64.26,64.26,64.29,63.89,59.00
65.01,65.01,66.83,63.62,58.39
65.87,65.87,63.48,62.22,59.63
64.81,64.81,62.49,59.00,58.88
65.19,65.19,60.27,57.56,58.63
66.35,66.35,60.30,59.10,59.00
65.95,65.95,58.42,57.45,57.73
65.62,65.62,56.82,60.08,60.37
63.35,63.35,56.65,55.97,57.26
69.56,69.56,56.86,60.75,61.63
70.47,70.47,57.57,59.54,61.22
69.76,69.76,67.33,57.37,62.48
66.88,66.88,65.97,59.35,64.60
68.90,68.90,64.71,60.73,64.01
69.83,69.83,63.98,59.17,65.15
68.69,68.69,63.21,61.20,62.66
67.53,67.53,61.86,57.24,63.03
66.13,66.13,61.28,48.69,64.30
67.76,67.76,61.77,63.06,63.75
66.97,66.97,60.81,67.07,59.88
67.27,67.27,60.60,65.20,58.56
64.64,64.64,61.66,64.56,59.36
64.33,64.33,60.26,64.19,59.37
63.96,63.96,58.85,64.62,54.06
61.84,61.84,58.60,64.21,51.04
60.15,60.15,58.33,63.02,48.70
53.03,53.03,59.39,62.67,49.82
50.45,50.45,60.67,57.59,50.34
49.11,49.11,67.92,54.31,52.49
49.55,49.55,80.01,56.44,47.76
46.28,46.28,78.70,58.39,51.19
50.94,50.94,76.03,67.29,56.07
49.26,49.26,72.64,72.95,52.22
45.65,45.65,74.00,68.65,56.38
46.66,46.66,73.59,70.14,58.17
47.53,47.53,72.26,71.67,56.49
47.85,47.85,64.31,71.79,57.04
47.62,47.62,54.49,68.36,57.76
47.97,47.97,53.07,69.93,58.74
45.59,45.59,53.68,73.21,57.03
46.76,46.76,55.56,66.34,57.40
46.85,46.85,47.93,71.11,58.82
46.42,46.42,48.97,72.93,56.80
52.97,52.97,47.26,71.33,59.25
51.74,51.74,57.79,72.13,59.78
48.35,48.35,66.03,71.86,61.03
48.24,48.24,65.08,69.26,60.34
49.08,49.08,63.95,69.34,60.36
51.63,51.63,62.02,72.51,61.19
58.36,58.36,62.14,69.64,60.70
52.91,52.91,61.77,70.81,59.68
56.05,56.05,60.77,70.91,61.95
53.38,53.38,61.86,66.38,59.65
53.61,53.61,59.84,65.40,62.18
48.27,48.27,59.66,63.30,63.64
41.24,41.24,59.43,61.00,61.31
32.65,32.65,58.45,43.13,60.68
36.67,36.67,58.58,40.60,61.60
32.23,32.23,57.63,34.22,60.84
28.94,28.94,57.74,27.16,60.89
25.90,25.90,56.80,24.89,59.95
31.02,31.02,61.44,32.50,59.11
36.33,36.33,78.06,23.19,57.43
29.55,29.55,76.71,20.01,55.25
33.04,33.04,75.23,24.06,56.67
28.55,28.55,72.27,29.01,57.14
29.55,29.55,67.33,32.07,58.74
27.87,27.87,73.52,28.82,60.90
29.66,29.66,70.04,33.19,63.41
30.90,30.90,63.89,33.46,64.27
29.65,29.65,60.15,38.07,65.63
22.91,22.91,62.43,39.84,63.93
25.10,25.10,54.35,37.72,63.69
30.00,30.00,57.26,40.81,63.29
24.50,24.50,56.59,38.60,62.22
22.34,22.34,53.41,38.82,62.21
23.76,23.76,48.05,35.74,60.54
19.28,19.28,51.30,33.52,59.48
16.00,16.00,48.40,39.08,59.27
17.32,17.32,60.07,34.19,57.99
17.65,17.65,65.54,35.92,57.69
24.58,24.58,63.57,32.33,58.99
18.49,18.49,63.13,27.35,60.28
24.35,24.35,61.66,26.63,61.12
30.71,30.71,60.85,23.22,62.40
34.67,34.67,60.63,26.57,63.87
31.74,31.74,60.32,25.52,63.30
28.67,28.67,59.68,19.88,63.06
15.29,15.29,58.97,21.04,61.72
8.78,8.78,59.20,27.53,60.42
7.53,7.53,59.20,31.18,59.48
9.35,9.35,58.85,28.94,58.35
13.50,13.50,56.98,33.52,56.63
14.83,14.83,57.64,25.16,54.10
12.94,12.94,56.39,19.61,51.23
8.65,8.65,57.29,11.26,49.85
7.69,7.69,72.22,16.65,50.23
9.16,9.16,76.94,21.79,51.52
12.03,12.03,77.42,22.24,48.07
8.96,8.96,74.57,25.77,48.70
14.07,14.07,67.78,28.53,49.02
16.86,16.86,71.80,29.30,49.03
18.67,18.67,72.35,29.26,48.96
19.11,19.11,65.43,33.40,50.17
17.59,17.59,62.71,28.47,49.70
18.12,18.12,60.02,37.87,51.28
22.41,22.41,56.57,37.94,51.45
30.76,30.76,57.85,36.22,52.87
33.13,33.13,52.62,35.68,53.43
35.28,35.28,51.43,36.52,54.14
34.94,34.94,53.97,34.40,53.88
27.06,27.06,49.41,37.19,51.71
14.00,14.00,53.22,34.53,47.78
8.63,8.63,69.36,45.66,46.71
3.62,3.62,71.42,35.27,45.86
6.70,6.70,68.70,40.38,46.39
13.48,13.48,67.69,31.71,49.30
14.52,14.52,63.84,34.30,50.25
14.10,14.10,63.60,35.96,51.41
16.57,16.57,63.23,38.34,51.72
16.09,16.09,61.66,41.78,55.02
13.65,13.65,62.12,35.81,55.45
12.53,12.53,61.28,31.89,56.32
5.75,5.75,62.13,36.93,54.08
1.10,1.10,70.27,46.19,52.62
2.05,2.05,69.12,35.05,51.64
5.64,5.64,65.86,30.35,54.30
11.23,11.23,64.37,27.34,55.51
15.41,15.41,62.12,26.33,56.26
12.86,12.86,62.34,27.94,54.87
8.60,8.60,61.55,21.14,52.98
8.80,8.80,77.12,27.96,51.90
18.84,18.84,75.85,21.15,53.97
20.53,20.53,73.13,26.67,57.31
30.02,30.02,70.37,32.72,61.27
38.49,38.49,65.83,36.55,63.43
41.61,41.61,69.77,40.65,63.97
45.21,45.21,68.70,37.85,65.71
47.92,47.92,61.31,35.82,65.33
49.68,49.68,60.62,41.12,64.28
50.82,50.82,58.88,38.79,63.51
51.27,51.27,58.19,39.54,65.35
49.57,49.57,56.01,34.38,64.70
48.16,48.16,53.97,34.69,65.30
49.92,49.92,51.36,35.56,65.47
48.71,48.71,53.93,32.35,66.06
46.83,46.83,54.59,34.00,64.70
44.02,44.02,60.93,31.73,64.92
39.55,39.55,66.79,39.96,65.95
43.44,43.44,70.11,42.91,64.11
46.58,46.58,68.69,38.42,63.50
47.02,47.02,64.67,29.05,63.41
45.05,45.05,62.81,33.95,63.44
43.46,43.46,62.11,37.74,65.08
34.81,34.81,61.06,30.28,64.98
35.20,35.20,60.29,36.73,65.84
36.97,36.97,58.79,35.45,64.53
32.80,32.80,57.39,36.55,65.65
31.71,31.71,58.33,31.34,64.41
30.81,30.81,57.45,31.87,65.51
31.91,31.91,56.92,33.57,65.87
34.18,34.18,56.86,27.33,66.37
26.16,26.16,55.26,23.50,54.38
22.64,22.64,54.68,20.29,50.98
17.95,17.95,53.58,33.62,47.74
23.13,23.13,68.84,45.62,51.57
20.66,20.66,75.65,56.32,48.25
22.48,22.48,74.93,61.17,49.93
25.86,25.86,72.56,65.63,49.57
25.85,25.85,66.14,62.64,49.69
26.78,26.78,67.85,64.99,48.73
29.76,29.76,69.38,69.32,46.41
30.14,30.14,64.19,63.53,48.00
32.22,32.22,61.97,65.52,50.04
31.16,31.16,60.89,68.76,48.68
30.94,30.94,61.67,66.14,47.60
30.09,30.09,61.83,66.30,48.52
32.82,32.82,61.13,67.61,46.26
33.70,33.70,61.43,64.36,48.72
32.66,32.66,60.30,65.84,49.23
35.19,35.19,60.84,67.63,48.90
32.58,32.58,60.84,64.27,51.50
31.05,31.05,64.75,65.09,51.49
35.18,35.18,64.30,69.13,51.83
40.42,40.42,63.73,67.39,54.78
36.20,36.20,63.18,66.95,51.56
32.58,32.58,60.92,69.74,50.26
36.65,36.65,60.78,64.61,52.51
31.26,31.26,60.09,64.44,50.32
31.60,31.60,59.23,69.92,53.42
29.14,29.14,58.40,65.92,51.92
26.50,26.50,58.23,64.66,52.10
21.20,21.20,58.57,70.77,51.41
19.20,19.20,58.00,65.38,51.34
23.31,23.31,58.61,61.97,52.27
27.89,27.89,58.50,60.67,51.38
22.69,22.69,57.74,54.59,44.15
17.97,17.97,56.96,44.49,40.40
12.45,12.45,57.64,32.35,36.31
9.73,9.73,69.01,30.57,41.05
9.01,9.01,76.21,31.42,30.52
17.62,17.62,72.30,24.53,29.75
24.84,24.84,71.52,23.81,31.51
29.06,29.06,67.53,28.68,32.00
29.65,29.65,66.58,33.68,32.36
32.54,32.54,70.70,39.61,33.09
32.29,32.29,64.10,39.98,37.14
28.41,28.41,58.70,40.88,39.17
21.72,21.72,58.00,42.57,44.26
15.32,15.32,58.58,41.51,51.01
15.78,15.78,55.77,44.39,46.45
20.32,20.32,53.22,43.69,45.25
25.38,25.38,51.99,43.56,43.86
27.77,27.77,51.25,35.73,41.47
27.82,27.82,48.69,34.49,40.67
25.56,25.56,50.26,37.65,38.89
22.78,22.78,49.61,36.58,36.90
26.59,26.59,61.42,36.13,37.04
28.22,28.22,61.25,35.86,31.65
29.85,29.85,59.20,30.87,30.68
31.05,31.05,59.29,25.86,28.83
31.44,31.44,57.89,24.90,30.19
31.70,31.70,57.05,22.99,30.02
30.41,30.41,57.09,26.17,33.40
23.18,23.18,55.84,26.10,36.00
16.05,16.05,55.05,27.03,39.62
11.80,11.80,56.09,27.61,37.32
15.21,15.21,57.61,21.60,34.92
23.44,23.44,55.14,29.22,35.38
25.22,25.22,54.11,22.88,31.75
27.13,27.13,54.23,23.17,29.48
27.53,27.53,53.81,20.97,25.24
22.67,22.67,53.39,18.69,24.52
14.95,14.95,53.81,19.59,30.99
8.29,8.29,72.84,26.97,42.08
9.13,9.13,71.93,24.75,38.70
15.24,15.24,72.22,28.89,36.59
19.06,19.06,70.32,32.40,39.18
20.46,20.46,61.93,33.40,35.32
21.38,21.38,67.96,33.15,34.02
23.78,23.78,67.88,32.84,34.75
22.59,22.59,58.14,33.86,35.46
24.53,24.53,57.36,37.19,34.80
28.27,28.27,54.48,38.10,33.48
32.70,32.70,51.96,38.14,29.71
35.40,35.40,50.77,34.02,25.24
36.47,36.47,48.79,32.63,21.22
35.06,35.06,44.62,34.40,18.99
33.84,33.84,46.11,30.11,22.50
27.61,27.61,44.71,33.02,27.89
21.08,21.08,53.13,32.55,36.70
10.38,10.38,61.43,35.21,36.43
15.00,15.00,60.16,32.02,47.53
20.09,20.09,59.61,29.72,41.79
16.93,16.93,58.40,32.23,38.41
24.64,24.64,57.77,36.70,39.22
24.57,24.57,56.50,31.64,38.05
25.75,25.75,56.44,27.05,34.75
27.49,27.49,55.68,25.74,35.58
29.33,29.33,55.39,27.87,35.30
33.50,33.50,54.48,23.82,35.14
48.00,48.00,57.58,29.46,47.95
36.27,36.27,54.85,24.66,37.08
36.66,36.66,53.08,20.33,33.34
39.24,39.24,52.51,18.22,33.64
36.59,36.59,52.52,23.76,29.96
25.51,25.51,51.79,26.89,26.84
20.76,20.76,54.26,38.74,26.08
26.03,26.03,68.56,52.49,28.79
22.44,22.44,69.26,51.00,25.18
27.31,27.31,70.02,56.67,30.79
36.47,36.47,70.31,61.46,42.12
47.89,47.89,65.11,64.33,52.43
51.38,51.38,63.99,62.37,57.91
52.24,52.24,66.73,61.77,62.36
53.76,53.76,60.72,58.84,63.62
54.56,54.56,57.17,53.56,63.34
53.58,53.58,55.02,47.35,63.69
54.68,54.68,53.59,46.67,61.83
53.89,53.89,54.81,49.75,62.44
54.32,54.32,52.87,53.81,61.76
55.05,55.05,52.44,56.45,64.23
53.29,53.29,48.26,47.90,63.29
52.78,52.78,50.66,54.53,62.14
52.82,52.82,51.21,55.58,65.47
50.45,50.45,61.19,50.80,64.64
50.10,50.10,60.35,50.74,66.14
47.66,47.66,59.41,53.90,66.89
49.26,49.26,57.59,49.44,65.92
51.85,51.85,56.84,53.21,65.11
52.70,52.70,57.20,47.71,63.53
50.62,50.62,55.09,42.21,64.85
47.82,47.82,55.06,50.72,66.11
47.00,47.00,54.94,59.70,64.43
45.49,45.49,54.55,56.23,66.62
41.05,41.05,56.79,58.01,61.37
42.02,42.02,55.10,54.67,60.26
33.11,33.11,52.48,56.21,56.41
31.39,31.39,50.44,57.26,51.02
27.90,27.90,50.84,57.12,48.40
23.98,23.98,54.55,52.79,41.91
25.23,25.23,57.49,45.07,41.18
27.03,27.03,73.24,46.48,43.31
25.91,25.91,69.57,49.21,41.82
28.19,28.19,71.21,53.21,40.91
37.50,37.50,63.02,63.75,45.34
37.39,37.39,58.77,65.83,43.94
37.43,37.43,66.42,62.85,47.41
37.93,37.93,62.54,60.26,45.69
37.57,37.57,49.19,67.58,45.43
38.65,38.65,49.92,60.31,48.28
37.89,37.89,51.25,64.68,47.87
38.31,38.31,46.07,66.30,48.75
39.06,39.06,48.35,63.65,48.07
39.15,39.15,45.25,64.44,49.81
40.51,40.51,43.09,64.85,46.80
40.88,40.88,38.55,64.41,50.91
38.11,38.11,38.31,60.46,46.09
37.22,37.22,40.56,67.09,48.33
34.67,34.67,53.02,63.01,46.23
35.97,35.97,60.18,64.57,45.41
39.03,39.03,58.58,65.89,50.12
34.51,34.51,57.09,64.00,49.44
37.76,37.76,56.75,62.09,50.28
37.33,37.33,55.70,65.09,48.86
38.12,38.12,55.24,62.39,48.22
37.01,37.01,53.72,59.84,46.81
34.84,34.84,53.44,60.06,46.21
34.38,34.38,52.66,55.01,47.91
23.80,23.80,52.15,56.81,41.54
21.93,21.93,52.67,42.63,36.14
22.11,22.11,51.95,30.25,32.66
22.80,22.80,49.13,23.94,30.61
23.90,23.90,48.60,24.29,28.03
22.07,22.07,47.82,19.62,28.42
16.10,16.10,47.50,22.21,28.15
16.57,16.57,59.32,24.84,32.88
14.87,14.87,70.38,25.28,25.51
21.78,21.78,68.20,19.40,21.65
26.74,26.74,68.25,25.98,24.57
30.47,30.47,65.41,28.14,25.98
32.61,32.61,58.27,30.57,27.62
33.34,33.34,64.74,34.49,28.30
33.09,33.09,63.88,33.53,35.30
27.69,27.69,53.86,30.39,35.34
21.68,21.68,54.11,37.09,38.15
19.72,19.72,51.84,37.20,37.81
25.04,25.04,50.59,35.97,45.49
26.51,26.51,48.87,36.92,37.38
29.12,29.12,45.23,37.19,34.19
29.18,29.18,40.62,32.30,35.07
28.07,28.07,44.44,33.13,31.13
23.67,23.67,42.20,34.61,28.69
25.12,25.12,49.13,34.71,29.27
25.75,25.75,57.94,32.52,26.50
27.28,27.28,55.61,28.74,22.98
27.60,27.60,56.47,26.76,21.68
29.07,29.07,54.40,24.95,22.79
28.03,28.03,54.46,19.93,21.50
28.69,28.69,54.06,18.78,22.71
27.56,27.56,52.95,19.58,23.54
23.63,23.63,51.22,21.63,26.33
19.23,19.23,51.44,22.67,28.33
17.66,17.66,51.52,28.20,30.81
17.32,17.32,51.73,32.78,29.68
21.81,21.81,50.01,31.99,30.44
25.14,25.14,50.63,22.95,29.80
25.78,25.78,49.99,19.09,26.36
24.02,24.02,49.29,17.77,20.60
19.29,19.29,49.51,14.52,20.23
17.50,17.50,51.34,23.81,27.39
15.64,15.64,70.40,27.34,35.11
17.72,17.72,68.49,29.20,37.83
21.81,21.81,68.34,19.82,35.51
23.21,23.21,63.66,24.65,30.59
24.72,24.72,58.49,29.86,31.18
22.68,22.68,65.14,31.36,25.99
20.72,20.72,61.36,29.10,24.44
20.93,20.93,54.55,33.56,28.22
23.58,23.58,51.97,31.59,26.77
25.83,25.83,52.81,35.76,26.16
30.92,30.92,46.14,28.47,23.23
30.25,30.25,44.04,30.82,20.89
28.53,28.53,46.21,30.91,19.28
27.37,27.37,42.11,33.26,18.48
26.39,26.39,37.30,23.67,16.93
24.10,24.10,39.85,29.85,21.70
17.46,17.46,33.61,27.82,24.76
17.16,17.16,52.37,29.67,34.48
11.41,11.41,57.92,29.70,32.51
14.71,14.71,55.93,28.16,29.68
18.96,18.96,53.90,26.23,30.97
19.89,19.89,54.60,23.01,28.28
22.66,22.66,52.70,20.28,26.85
24.46,24.46,51.11,20.45,26.04
24.32,24.32,52.43,15.44,26.54
24.92,24.92,50.21,18.37,28.16
26.98,26.98,50.86,22.09,27.12
36.42,36.42,52.23,20.07,34.40
31.22,31.22,49.47,15.66,26.07
28.77,28.77,47.17,18.93,22.69
31.42,31.42,46.89,11.08,21.57
28.43,28.43,45.15,9.19,14.73
25.82,25.82,44.01,11.40,15.38
19.20,19.20,43.98,17.47,19.89
19.12,19.12,57.94,24.11,25.77
19.72,19.72,69.03,22.45,25.83
27.59,27.59,66.06,25.50,34.79
33.55,33.55,65.97,27.84,41.62
37.44,37.44,59.48,33.58,44.65
38.54,38.54,59.29,35.09,47.11
39.44,39.44,64.00,35.37,49.98
39.82,39.82,59.47,35.58,51.02
40.43,40.43,52.50,37.98,53.14
40.56,40.56,52.90,37.76,53.21
42.14,42.14,52.07,35.97,53.07
42.64,42.64,50.32,36.65,54.54
42.89,42.89,49.30,36.20,55.30
42.49,42.49,47.02,35.58,56.37
44.27,44.27,47.16,34.71,55.75
43.69,43.69,45.12,31.09,56.62
42.45,42.45,46.54,33.10,56.54
39.42,39.42,48.74,30.35,56.18
36.83,36.83,56.70,32.99,56.75
35.55,35.55,55.38,30.25,55.41
37.84,37.84,54.47,33.02,55.72
38.23,38.23,53.15,29.38,56.70
38.92,38.92,52.15,27.63,56.38
39.39,39.39,50.58,28.61,57.32
40.71,40.71,51.35,27.71,55.91
40.22,40.22,51.21,31.90,56.25
38.27,38.27,50.89,28.04,56.84
38.59,38.59,52.98,27.74,56.40
32.38,32.38,51.02,28.21,57.33
32.76,32.76,49.89,25.57,56.73
36.18,36.18,47.28,29.24,57.44
32.46,32.46,47.19,33.08,49.60
25.52,25.52,46.03,21.46,30.12
24.30,24.30,45.83,19.98,27.92
28.96,28.96,51.81,25.26,33.84
26.09,26.09,68.42,32.73,34.38
26.47,26.47,65.69,35.63,36.24
27.59,27.59,67.23,41.99,38.18
30.57,30.57,58.54,44.09,39.65
31.05,31.05,60.34,49.59,37.75
29.98,29.98,64.60,54.02,38.46
31.57,31.57,58.71,53.88,39.85
33.86,33.86,51.90,57.81,40.56
33.79,33.79,47.97,55.03,41.00
34.33,34.33,47.86,55.34,40.79
35.75,35.75,50.28,59.63,42.08
35.22,35.22,45.95,54.42,42.15
35.89,35.89,45.90,55.78,42.61
36.76,36.76,45.47,57.61,43.51
35.90,35.90,41.76,58.63,43.08
35.12,35.12,40.61,54.98,42.56
32.99,32.99,44.29,59.77,44.06
35.51,35.51,54.61,58.33,41.93
32.46,32.46,52.89,54.67,43.58
32.87,32.87,52.22,59.88,42.53
34.52,34.52,51.17,60.77,40.53
33.47,33.47,50.77,54.61,40.43
33.79,33.79,51.50,55.56,42.36
32.03,32.03,49.17,60.40,42.88
33.25,33.25,49.39,56.39,44.77
32.43,32.43,48.99,58.08,44.93
31.19,31.19,48.28,59.36,45.75
31.33,31.33,47.70,55.04,45.97
31.18,31.18,45.54,56.24,46.23
32.15,32.15,45.78,50.16,46.40
30.11,30.11,44.84,51.97,46.90
28.49,28.49,46.02,34.34,46.06
24.30,24.30,48.01,28.58,43.56
20.25,20.25,56.29,33.94,40.76
20.13,20.13,65.20,34.32,37.83
25.11,25.11,61.56,28.65,37.89
28.99,28.99,63.38,31.77,38.79
30.43,30.43,60.93,32.97,41.81
30.95,30.95,53.99,33.87,42.70
32.01,32.01,58.04,31.81,43.13
31.14,31.14,57.57,35.60,44.93
29.73,29.73,49.00,34.58,46.08
29.76,29.76,49.03,34.31,46.54
29.33,29.33,46.08,36.94,49.15
25.72,25.72,42.07,36.58,48.95
24.32,24.32,41.42,35.85,48.90
23.18,23.18,42.16,32.83,46.99
23.79,23.79,39.06,28.82,45.86
27.00,27.00,38.05,29.71,44.93
27.98,27.98,38.26,32.83,45.05
23.97,23.97,37.07,28.05,42.76
23.75,23.75,44.34,28.83,41.59
24.04,24.04,51.67,29.57,41.32
25.34,25.34,50.98,27.91,41.83
25.01,25.01,49.61,26.70,42.83
24.68,24.68,48.17,23.38,43.47
26.00,26.00,48.68,23.75,43.08
29.08,29.08,46.62,23.89,43.41
26.62,26.62,46.80,20.98,42.66
25.54,25.54,45.74,21.35,42.48
22.35,22.35,45.66,22.12,41.61
23.28,23.28,46.64,24.62,41.68
25.41,25.41,45.50,23.63,41.74
25.62,25.62,44.81,24.16,42.40
24.84,24.84,42.87,18.44,41.68
26.67,26.67,43.55,16.21,40.95
25.33,25.33,44.49,15.84,39.04
26.44,26.44,46.42,21.91,38.31
26.62,26.62,65.16,32.06,37.28
23.16,23.16,62.66,24.14,37.92
24.37,24.37,62.32,29.52,38.81
25.22,25.22,59.94,28.94,39.29
24.61,24.61,53.32,30.75,39.92
22.36,22.36,59.12,28.26,39.36
24.04,24.04,57.91,28.40,38.09
26.90,26.90,47.67,29.16,36.96
26.56,26.56,47.29,33.43,36.80
26.57,26.57,46.27,33.66,36.97
29.97,29.97,40.69,27.78,37.46
30.37,30.37,40.66,27.81,38.17
30.00,30.00,41.65,27.83,39.49
28.56,28.56,38.45,27.50,40.32
28.26,28.26,38.83,26.77,40.89
29.18,29.18,38.03,27.92,39.92
26.61,26.61,40.19,26.62,39.32
27.43,27.43,49.24,26.57,35.44
25.14,25.14,50.62,27.22,36.81
26.16,26.16,49.52,25.16,36.05
25.12,25.12,47.91,25.61,35.92
26.81,26.81,47.13,23.51,35.17
27.84,27.84,46.39,22.86,33.47
29.15,29.15,45.94,22.47,33.66
29.67,29.67,45.85,20.54,36.75
28.61,28.61,43.34,21.47,37.01
28.05,28.05,43.97,18.72,36.69
31.29,31.29,45.67,19.52,37.28
32.40,32.40,43.78,20.27,36.29
31.67,31.67,42.61,17.73,33.72
33.30,33.30,41.90,17.15,32.62
32.83,32.83,42.19,16.77,31.48
30.57,30.57,41.76,17.07,28.61
27.76,27.76,43.01,19.96,29.01
29.59,29.59,58.74,37.65,33.61
28.35,28.35,62.42,34.42,30.15
26.46,26.46,60.14,36.27,26.77
30.66,30.66,57.38,43.78,28.92
33.59,33.59,54.78,44.22,33.54
33.56,33.56,56.06,44.23,35.92
33.12,33.12,52.88,40.41,34.55
33.21,33.21,50.95,43.14,35.36
33.67,33.67,48.88,38.48,39.42
33.85,33.85,47.91,40.17,39.58
33.39,33.39,42.95,35.31,37.75
36.65,36.65,47.20,38.96,38.48
37.65,37.65,44.24,36.49,39.80
37.22,37.22,47.31,38.28,41.86
36.77,36.77,45.22,39.32,43.07
35.65,35.65,42.43,33.92,42.55
34.37,34.37,44.60,41.81,43.57
32.56,32.56,45.18,43.65,44.61
30.11,30.11,50.79,44.70,45.24
28.80,28.80,49.17,42.15,45.46
28.60,28.60,47.65,42.60,47.09
31.39,31.39,46.63,41.76,45.92
34.31,34.31,45.97,40.16,45.04
33.89,33.89,46.32,40.64,43.78
33.58,33.58,46.60,42.77,44.44
32.05,32.05,46.71,37.60,43.53
32.27,32.27,47.72,45.92,43.87
30.80,30.80,47.34,44.59,43.88
32.80,32.80,44.15,37.56,38.28
28.25,28.25,45.76,43.90,36.63
26.11,26.11,43.16,42.82,26.07
26.32,26.32,42.82,42.16,24.81
26.17,26.17,43.93,41.11,24.54
25.31,25.31,44.33,38.02,23.14
26.64,26.64,41.50,30.39,20.91
31.19,31.19,55.79,42.70,33.37
27.76,27.76,59.02,44.03,31.24
26.94,26.94,60.95,40.90,31.05
27.76,27.76,55.08,47.06,33.36
27.50,27.50,54.06,46.67,35.87
25.95,25.95,54.94,49.37,34.17
25.58,25.58,51.98,50.44,35.17
25.17,25.17,46.82,47.69,31.36
25.27,25.27,46.04,49.23,33.65
26.48,26.48,46.69,49.98,31.51
28.59,28.59,41.87,45.80,32.05
30.24,30.24,42.61,44.95,34.15
29.34,29.34,43.11,51.28,33.69
29.34,29.34,39.52,45.96,32.82
25.90,25.90,42.34,48.30,34.93
28.13,28.13,41.67,51.48,33.83
29.77,29.77,44.78,48.97,30.76
30.44,30.44,46.43,48.11,34.03
31.36,31.36,44.80,51.33,33.15
31.35,31.35,43.46,48.23,32.48
30.86,30.86,41.77,47.83,37.57
32.05,32.05,42.09,52.20,35.41
31.24,31.24,42.47,46.77,33.17
30.29,30.29,41.43,46.34,34.18
30.08,30.08,42.37,43.23,32.85
30.03,30.03,42.34,43.98,35.74
29.04,29.04,43.14,38.97,34.02
30.04,30.04,41.16,31.24,32.79
29.99,29.99,40.06,26.62,31.90
29.70,29.70,40.30,29.42,31.27
29.82,29.82,38.95,28.12,31.75
27.95,27.95,37.87,29.68,31.56
28.05,28.05,39.51,29.70,32.26
28.04,28.04,40.10,28.63,31.91
31.85,31.85,52.94,43.40,35.23
29.59,29.59,52.76,43.31,31.22
28.22,28.22,53.50,44.01,30.93
28.98,28.98,50.25,35.43,32.26
28.24,28.24,46.01,35.35,33.50
27.91,27.91,47.27,40.12,32.43
28.16,28.16,48.27,33.87,34.02
27.55,27.55,42.74,28.35,33.02
27.75,27.75,39.46,27.51,31.62
27.07,27.07,38.84,29.19,31.08
26.45,26.45,37.86,30.17,31.81
29.02,29.02,38.43,30.44,32.50
26.94,26.94,36.19,30.42,31.64
24.92,24.92,35.37,25.68,32.42
25.09,25.09,35.99,26.46,33.12
24.10,24.10,34.85,24.38,30.76
25.99,25.99,35.83,25.08,30.50
29.44,29.44,42.15,24.95,28.93
28.79,28.79,41.31,24.69,27.94
30.29,30.29,41.04,24.84,29.20
29.18,29.18,39.89,24.22,29.15
29.59,29.59,38.76,21.47,29.18
28.67,28.67,37.99,20.38,28.72
29.20,29.20,37.78,19.72,27.42
28.11,28.11,37.36,20.06,28.54
27.82,27.82,36.26,20.74,27.69
28.17,28.17,35.49,20.81,27.35
27.34,27.34,36.18,23.12,28.18
26.92,26.92,35.70,21.72,26.46
26.96,26.96,34.95,21.57,26.17
25.97,25.97,34.14,20.38,26.13
25.05,25.05,32.92,20.42,24.87
23.69,23.69,32.14,18.75,24.33
23.45,23.45,32.76,29.57,24.03
28.14,28.14,46.04,46.32,29.31
18.93,18.93,50.46,45.46,31.56
26.02,26.02,48.95,46.32,31.58
21.53,21.53,47.22,39.07,33.23
18.19,18.19,43.55,33.03,30.70
15.51,15.51,41.55,42.90,33.99
14.80,14.80,44.00,39.32,34.69
14.67,14.67,38.70,34.84,27.55
16.23,16.23,33.42,32.42,25.61
15.31,15.31,32.15,30.16,20.78
17.97,17.97,29.35,27.02,16.82
18.62,18.62,32.10,23.88,17.94
16.13,16.13,27.61,19.75,16.96
16.27,16.27,26.56,20.09,17.24
18.05,18.05,29.37,18.88,16.93
19.52,19.52,26.75,16.90,17.19
19.61,19.61,25.57,13.91,17.19
28.27,28.27,37.48,17.63,21.86
29.29,29.29,39.98,18.86,22.92
28.89,28.89,38.61,17.69,23.39
28.71,28.71,36.33,16.93,24.19
28.84,28.84,35.26,18.09,23.59
28.25,28.25,34.45,18.88,24.64
27.78,27.78,34.08,18.50,24.17
27.70,27.70,33.46,19.26,24.99
26.32,26.32,32.48,19.65,25.28
26.04,26.04,32.35,17.94,24.69
29.69,29.69,34.96,18.04,26.73
29.57,29.57,34.24,20.22,26.42
26.50,26.50,31.17,19.75,25.88
25.98,25.98,30.41,17.49,27.28
26.24,26.24,30.27,19.03,25.99
24.69,24.69,29.74,19.33,25.22
24.94,24.94,30.15,20.83,24.76
29.71,29.71,37.13,33.41,29.49
28.76,28.76,37.83,50.39,33.15
26.85,26.85,37.34,43.66,35.96
27.59,27.59,38.89,40.55,36.79
28.02,28.02,35.00,38.75,31.58
27.26,27.26,33.45,37.08,29.98
25.57,25.57,37.06,39.21,35.97
25.64,25.64,34.17,38.68,30.75
25.56,25.56,34.06,35.23,26.68
25.02,25.02,34.61,32.30,26.77
25.01,25.01,35.26,30.37,26.03
26.46,26.46,33.65,29.25,26.36
24.53,24.53,36.45,32.62,26.14
24.06,24.06,34.45,30.04,25.53
24.59,24.59,35.58,31.85,26.07
24.64,24.64,35.65,31.97,24.68
24.49,24.49,35.41,31.92,24.72
29.10,29.10,37.65,34.06,27.48
31.13,31.13,38.08,36.31,26.92
32.41,32.41,38.84,33.82,28.25
29.01,29.01,35.78,27.93,24.11
27.97,27.97,36.74,31.15,23.68
27.54,27.54,34.63,27.38,24.68
27.64,27.64,35.50,30.08,24.32
25.93,25.93,34.66,29.85,23.67
24.88,24.88,34.32,28.56,22.06
23.98,23.98,34.57,28.37,22.57
27.98,27.98,36.40,31.06,25.33
28.71,28.71,36.35,33.30,23.73
25.69,25.69,35.06,27.96,20.19
25.93,25.93,34.25,26.28,20.54
24.87,24.87,33.79,29.34,19.16
23.52,23.52,26.44,20.00,18.47
22.50,22.50,26.91,23.01,19.29
21.87,21.87,27.08,23.47,20.74
22.57,22.57,34.51,40.45,23.78
20.41,20.41,37.87,43.62,31.58
23.17,23.17,36.74,39.41,31.71
24.59,24.59,35.93,35.34,30.76
25.77,25.77,33.98,38.73,26.69
25.59,25.59,32.04,38.72,23.20
25.15,25.15,31.85,37.97,23.91
24.83,24.83,31.82,37.74,25.50
25.92,25.92,30.04,33.28,21.07
25.25,25.25,32.75,36.77,26.03
23.30,23.30,31.14,38.19,22.76
24.79,24.79,30.44,32.41,24.38
24.57,24.57,30.98,33.97,21.69
23.70,23.70,30.94,34.76,24.05
23.50,23.50,28.57,34.20,19.15
23.04,23.04,30.91,32.77,22.63
23.89,23.89,31.78,36.05,20.57
24.44,24.44,31.18,33.24,19.04
25.12,25.12,33.58,29.23,25.03
25.39,25.39,32.95,32.79,20.92
23.71,23.71,30.23,31.28,19.62
22.80,22.80,32.19,28.99,22.94
22.47,22.47,31.83,33.36,20.05
21.45,21.45,28.95,31.18,19.76
21.54,21.54,31.75,28.73,22.11
21.32,21.32,34.10,31.05,21.26
20.74,20.74,30.74,28.15,21.57
20.70,20.70,31.40,26.83,19.26
20.14,20.14,33.64,28.11,20.55
19.47,19.47,27.62,22.99,19.99
19.23,19.23,25.03,22.23,19.17
19.03,19.03,23.15,13.07,13.38
19.83,19.83,22.09,4.08,8.56
19.09,19.09,23.00,16.64,12.88
22.97,22.97,34.56,31.56,19.89
21.53,21.53,34.99,31.83,24.26
19.95,19.95,34.30,32.58,24.70
18.60,18.60,32.40,24.84,23.02
15.72,15.72,26.86,20.21,19.14
14.88,14.88,31.27,25.77,18.93
14.04,14.04,29.89,23.67,20.89
13.79,13.79,22.40,18.22,14.24
12.87,12.87,20.93,16.51,10.16
13.01,13.01,19.04,14.54,7.53
15.83,15.83,19.26,12.87,9.86
11.87,11.87,16.74,10.85,7.52
11.57,11.57,16.03,11.10,5.57
11.69,11.69,14.55,6.50,4.43
11.10,11.10,13.65,7.45,4.77
9.90,9.90,12.35,4.30,2.96
9.45,9.45,11.52,3.92,2.83
20.11,20.11,22.52,2.31,7.71
19.01,19.01,21.42,1.60,6.19
18.63,18.63,21.24,1.28,6.69
17.02,17.02,19.53,0.42,4.56
15.82,15.82,17.76,0.02,3.47
15.18,15.18,17.50,0.03,3.71
13.88,13.88,16.37,-0.00,2.56
13.81,13.81,15.87,-0.00,2.63
13.83,13.83,15.86,-0.00,2.36
12.49,12.49,13.71,-0.00,2.31
11.55,11.55,13.32,-0.00,2.33
12.28,12.28,13.72,0.07,3.46
11.44,11.44,13.18,0.06,2.52
10.53,10.53,11.71,-0.00,1.65
9.78,9.78,11.01,-0.00,1.18
9.72,9.72,10.69,-0.00,1.06
8.26,8.26,10.83,4.19,1.44
12.08,12.08,23.29,20.70,8.51
9.82,9.82,30.79,25.40,19.25
9.42,9.42,30.17,24.43,20.07
6.48,6.48,26.06,20.37,15.89
5.36,5.36,23.43,11.44,14.16
3.44,3.44,22.30,17.27,14.42
1.99,1.99,22.73,15.69,13.61
1.15,1.15,19.68,12.74,11.03
1.14,1.14,14.06,8.93,3.66
0.48,0.48,12.38,5.89,0.72
1.07,1.07,11.04,5.20,0.64
1.53,1.53,10.99,3.74,0.97
0.52,0.52,6.42,2.11,0.14
0.17,0.17,5.65,1.29,0.00
0.04,0.04,5.99,1.39,0.24
0.08,0.08,2.76,-0.00,-0.00
0.26,0.26,3.65,0.00,0.01
9.36,9.36,11.32,-0.00,1.81
10.62,10.62,12.32,-0.00,1.18
10.55,10.55,11.83,-0.00,1.44
8.97,8.97,10.84,-0.00,0.46
7.43,7.43,8.81,-0.00,0.31
6.57,6.57,8.49,-0.00,0.27
5.76,5.76,7.46,-0.00,0.09
4.70,4.70,6.07,-0.00,0.03
4.61,4.61,6.16,-0.00,0.00
3.49,3.49,4.81,-0.00,0.01
3.69,3.69,4.97,-0.00,0.04
4.44,4.44,5.58,-0.00,0.12
1.62,1.62,3.36,-0.00,-0.00
0.96,0.96,2.57,-0.00,-0.00
0.56,0.56,2.30,-0.00,-0.00
0.51,0.51,2.23,-0.00,-0.00
0.41,0.41,2.38,0.12,-0.00
3.41,3.41,9.16,5.45,1.70
2.62,2.62,20.59,12.77,5.22
2.24,2.24,19.69,12.24,6.45
1.56,1.56,15.10,8.49,4.26
0.71,0.71,13.81,6.90,1.87
0.52,0.52,15.41,8.56,1.77
0.33,0.33,12.74,4.33,1.89
0.24,0.24,12.73,5.04,0.04
0.08,0.08,8.54,1.89,0.01
0.06,0.06,10.13,2.94,-0.00
0.00,0.00,6.31,0.69,-0.00
-0.00,-0.00,6.17,0.59,-0.00
0.00,0.00,6.64,0.34,-0.00
-0.00,-0.00,5.94,0.19,-0.00
-0.00,-0.00,7.50,0.40,-0.00
-0.00,-0.00,4.63,0.00,-0.00
-0.00,-0.00,5.07,0.02,-0.00
-0.00,-0.00,5.05,0.04,-0.00
-0.00,-0.00,3.89,-0.00,-0.00
-0.00,-0.00,4.35,-0.00,-0.00
-0.00,-0.00,3.26,-0.00,-0.00
-0.00,-0.00,2.27,-0.00,-0.00
-0.00,-0.00,2.00,-0.00,-0.00
-0.00,-0.00,1.85,-0.00,-0.00
-0.00,-0.00,1.85,-0.00,-0.00
-0.00,-0.00,1.85,-0.00,-0.00
-0.00,-0.00,1.85,-0.00,-0.00
-0.00,-0.00,1.85,-0.00,-0.00
-0.00,-0.00,1.85,-0.00,-0.00
-0.00,-0.00,1.85,-0.00,-0.00
-0.00,-0.00,1.85,-0.00,-0.00
-0.00,-0.00,1.85,-0.00,-0.00
-0.00,-0.00,1.85,-0.00,-0.00
-0.00,-0.00,1.85,-0.00,-0.00
-0.00,-0.00,1.85,-0.00,-0.00
-0.00,-0.00,1.85,-0.00,-0.00
-0.00,-0.00,1.85,-0.00,-0.00
-0.00,-0.00,1.85,-0.00,-0.00
-0.00,-0.00,1.85,-0.00,-0.00
